gene_id	gene_name	g4e	p_unified	epi25_min_p	meta_sig
ENSG00000000419	DPM1	True	0.027015100479216694	0.00032439	False
ENSG00000000457	SCYL3	False	0.06398739710889295	0.021013	False
ENSG00000000460	C1orf112	False	0.013350113778160998	0.59299	False
ENSG00000000938	FGR	False	0.479021077541145	0.30169	False
ENSG00000000971	CFH	False	0.01923645737755508	0.12033	False
ENSG00000001036	FUCA2	False	0.07233494498852666	0.16881	False
ENSG00000001084	GCLC	False	0.003882604274327984	0.046182	False
ENSG00000001167	NFYA	False	0.5367316405539903	0.34342	False
ENSG00000001460	STPG1	False	0.3151602361734907	0.27327	False
ENSG00000001461	NIPAL3	False	0.3887900918793123	0.45753	False
ENSG00000001561	ENPP4	False	0.03657849404539169	0.018305	False
ENSG00000001617	SEMA3F	False	0.1610587573034194	0.02696	False
ENSG00000001626	CFTR	False	0.6206522780290813	0.15467	False
ENSG00000001629	ANKIB1	False	0.22566110785346777	0.22397	False
ENSG00000001630	CYP51A1	False	0.5914114879750967	0.19398	False
ENSG00000001631	KRIT1	True	0.44403337647217733		False
ENSG00000002016	RAD52	False	0.19451631009790737	0.301	False
ENSG00000002330	BAD	False	0.011839144383528843	0.21549	False
ENSG00000002549	LAP3	False	0.602741137190778	0.56636	False
ENSG00000002587	HS3ST1	False	0.21793296542814644	0.19086	False
ENSG00000002726	AOC1	False	0.15327238057302295	0.26938	False
ENSG00000002745	WNT16	False	0.1773916540791493	0.14748	False
ENSG00000002746	HECW1	False	0.010711497551009324	0.55121	False
ENSG00000002822	MAD1L1	False	0.43151030804977764	0.1312	False
ENSG00000002834	LASP1	False	0.5371431407928353	0.025622	False
ENSG00000002919	SNX11	False	0.2586982585593554	0.033969	False
ENSG00000002933	TMEM176A	False	0.3845769972973815	0.22964	False
ENSG00000003056	M6PR	False	0.12770130961430085	0.10392	False
ENSG00000003137	CYP26B1	False	0.7081151108816728	0.095559	False
ENSG00000003147	ICA1	False	0.20997068774314082	0.30056	False
ENSG00000003249	DBNDD1	False	0.46046742227004833	0.28117	False
ENSG00000003393	ALS2	False	0.09490368711508726	0.42468	False
ENSG00000003400	CASP10	False	0.02818149699329637	0.097512	False
ENSG00000003402	CFLAR	False	0.0454617377052379	0.12686	False
ENSG00000003436	TFPI	False	0.051077632760272516	0.3143	False
ENSG00000003509	NDUFAF7	False	0.3465352274259373	0.37843	False
ENSG00000003756	RBM5	False	0.44075967493711443	0.030427	False
ENSG00000003987	MTMR7	False	0.5991033061058244	0.41055	False
ENSG00000003989	SLC7A2	False	0.142272320098603	0.10054	False
ENSG00000004059	ARF5	False	0.23531428745106642	0.14534	False
ENSG00000004139	SARM1	False	0.001343205774505769	0.053823	False
ENSG00000004142	POLDIP2	False	0.23150822451328745	0.41667	False
ENSG00000004399	PLXND1	False	0.00035505370581698155	0.031139	False
ENSG00000004455	AK2	False	0.16003266295396712	0.35968	False
ENSG00000004468	CD38	False	0.10852544695448409	0.34106	False
ENSG00000004478	FKBP4	False	0.6306572876954251	0.43276	False
ENSG00000004487	KDM1A	False	0.6570382060423314	0.087983	False
ENSG00000004534	RBM6	False	0.029728803851272866	0.082846	False
ENSG00000004660	CAMKK1	False	0.14230481677865855	0.80628	False
ENSG00000004700	RECQL	False	0.25064831428866086	0.42896	False
ENSG00000004766	VPS50	False	0.05748451009865323	0.094379	False
ENSG00000004777	ARHGAP33	False	0.03617519863228584	0.12953	False
ENSG00000004779	NDUFAB1	False	0.3366439635648595		False
ENSG00000004799	PDK4	False	0.2823779053121258	0.57611	False
ENSG00000004809	SLC22A16	False	0.18463135285748347	0.067877	False
ENSG00000004838	ZMYND10	False	0.10079957892920383	0.068191	False
ENSG00000004846	ABCB5	False	0.4104079429843547	0.25504	False
ENSG00000004864	SLC25A13	False	0.49988604479507426	0.60838	False
ENSG00000004866	ST7	False	0.02886389890768012	0.1045	False
ENSG00000004897	CDC27	False	0.02044500280306785	0.41233	False
ENSG00000004939	SLC4A1	False	0.08381814338750722	0.13242	False
ENSG00000004948	CALCR	False	0.022687669665336238	0.031251	False
ENSG00000004975	DVL2	False	0.553770966735484	0.19383	False
ENSG00000005001	PRSS22	False	0.527115709315978	0.58621	False
ENSG00000005007	UPF1	False	0.2565472537114596	0.28122	False
ENSG00000005020	SKAP2	False	0.05254863645537678	0.33677	False
ENSG00000005059	MCUB	False	0.46055968492630495	0.12422	False
ENSG00000005073	HOXA11	False	0.09000222658131428	0.096297	False
ENSG00000005075	POLR2J	False	0.28018280260068773	0.26956	False
ENSG00000005100	DHX33	False	0.4050476731579908	0.05096	False
ENSG00000005102	MEOX1	False	0.02735395960726499	0.10483	False
ENSG00000005108	THSD7A	False	0.4562832657769158	0.47783	False
ENSG00000005156	LIG3	True	0.39706472531716086	0.31597	False
ENSG00000005175	RPAP3	False	0.612347093113875	0.30327	False
ENSG00000005187	ACSM3	False	0.15160180589881098	0.49845	False
ENSG00000005189	REXO5	False	0.02194938330514301	0.46348	False
ENSG00000005194	CIAPIN1	False	0.018389602924023387	0.66547	False
ENSG00000005206	SPPL2B	False	0.12332860698433112	0.020865	False
ENSG00000005243	COPZ2	False	0.05794596629708662	0.3607	False
ENSG00000005249	PRKAR2B	False	0.8276946569441767	0.17596	False
ENSG00000005339	CREBBP	True	0.001198631371566766	0.077058	False
ENSG00000005379	TSPOAP1	False	0.003083265931776572	0.31973	False
ENSG00000005381	MPO	False	0.023559343938234358	0.084781	False
ENSG00000005421	PON1	False	0.00036378164997960647	0.1668	False
ENSG00000005436	GCFC2	False	0.4249767325948568	0.035671	False
ENSG00000005448	WDR54	False	0.09207514403223217	0.15148	False
ENSG00000005469	CROT	False	0.046464606232388024	0.012017	False
ENSG00000005471	ABCB4	False	0.10004394317780974	0.0077031	False
ENSG00000005483	KMT2E	True	0.002343367673758737	8.8556e-05	False
ENSG00000005486	RHBDD2	False	0.08831186720661635	0.17693	False
ENSG00000005513	SOX8	False	0.7736435721380651		False
ENSG00000005700	IBTK	False	0.3648360008836485	0.06691	False
ENSG00000005801	ZNF195	False	0.40437226713482827	0.52706	False
ENSG00000005812	FBXL3	False	0.3057753620270011	0.049962	False
ENSG00000005844	ITGAL	False	0.1758177716214023	0.07809	False
ENSG00000005882	PDK2	False	0.11275494845390002	0.37082	False
ENSG00000005884	ITGA3	False	0.15659710769800295	0.22451	False
ENSG00000005961	ITGA2B	False	0.6272083661443515	0.32018	False
ENSG00000005981	ASB4	False	0.05762686811500625	0.099786	False
ENSG00000006007	GDE1	False	0.09463867202637459	0.186	False
ENSG00000006015	REX1BD	False	0.012115832366016054	0.044488	False
ENSG00000006016	CRLF1	False	0.029849321639450508	0.70937	False
ENSG00000006025	OSBPL7	False	0.14863787080544125	0.03805	False
ENSG00000006042	TMEM98	False	0.1662903034526507	0.25102	False
ENSG00000006047	YBX2	False	0.6936585917146421	0.09325	False
ENSG00000006059	KRT33A	False	0.7737294194533452	0.4088	False
ENSG00000006062	MAP3K14	False	0.058685265553655275	0.44088	False
ENSG00000006071	ABCC8	False	0.5089303304200861	0.1333	False
ENSG00000006116	CACNG3	False	0.4065953482463275	0.30633	False
ENSG00000006118	TMEM132A	False	0.1618593558918766	0.30708	False
ENSG00000006125	AP2B1	False	0.046285436492591626	0.39234	False
ENSG00000006128	TAC1	False	0.20988538005253174	0.11179	False
ENSG00000006194	ZNF263	False	0.5656675366121491	0.26915	False
ENSG00000006210	CX3CL1	False	0.03394039154368034	0.26659	False
ENSG00000006282	SPATA20	False	0.16223278698126434	0.0027097	False
ENSG00000006283	CACNA1G	True	0.1749507075620027	0.17693	False
ENSG00000006377	DLX6	False	0.15186918757893178	0.51583	False
ENSG00000006432	MAP3K9	False	0.03067205837443387	0.010134	False
ENSG00000006453	BAIAP2L1	False	0.05586554806419806	0.10085	False
ENSG00000006459	KDM7A	False	0.34798683846258943	0.075814	False
ENSG00000006468	ETV1	False	0.00688725530727777	0.49242	False
ENSG00000006530	AGK	False	0.014820551437221639	0.093828	False
ENSG00000006534	ALDH3B1	False	0.5501884339232056	0.38064	False
ENSG00000006555	TTC22	False	0.1603831642767411	0.49976	False
ENSG00000006576	PHTF2	False	0.001179707893798954	0.021983	False
ENSG00000006607	FARP2	False	0.15315571948150009	0.011972	False
ENSG00000006611	USH1C	False	0.026507965022845623	0.1318	False
ENSG00000006625	GGCT	False	0.5889488090244342		False
ENSG00000006634	DBF4	False	0.33448044133892724	0.14995	False
ENSG00000006638	TBXA2R	False	0.08123902205409064	0.44227	False
ENSG00000006652	IFRD1	False	0.25722190871607997	0.088731	False
ENSG00000006659	LGALS14	False	0.23721154206295486	0.008058	False
ENSG00000006695	COX10	True	0.31647754041687	0.35668	False
ENSG00000006704	GTF2IRD1	False	0.2464714796681955	0.2314	False
ENSG00000006712	PAF1	False	0.5102138992626295	0.28174	False
ENSG00000006715	VPS41	False	0.01192215970391026	0.60543	False
ENSG00000006740	ARHGAP44	False	0.5903294034184319	0.071938	False
ENSG00000006744	ELAC2	False	0.0008165370511646849	0.17532	False
ENSG00000006747	SCIN	False	0.4356271873627847	0.081492	False
ENSG00000006788	MYH13	False	0.006028981476387365	0.13364	False
ENSG00000006831	ADIPOR2	False	0.06878257470527814	0.54263	False
ENSG00000006837	CDKL3	False	0.1960012332608483	0.39331	False
ENSG00000007001	UPP2	False	0.3509985333497111	0.21386	False
ENSG00000007038	PRSS21	False	0.7632282415215245	0.36172	False
ENSG00000007047	MARK4	False	0.7084642767376793	0.136	False
ENSG00000007062	PROM1	False	0.11986240583381765	0.15768	False
ENSG00000007080	CCDC124	False	0.5076942567672675	0.1396	False
ENSG00000007129	CEACAM21	False	0.12264676248196965	0.40764	False
ENSG00000007168	PAFAH1B1	True	0.44480441403412596	0.015305	False
ENSG00000007171	NOS2	False	0.019695224914386692	0.092354	False
ENSG00000007174	DNAH9	False	0.009734900882313376	0.062749	False
ENSG00000007216	SLC13A2	False	0.025995527191951057	0.1981	False
ENSG00000007237	GAS7	False	0.1517350781364626	0.077674	False
ENSG00000007255	TRAPPC6A	False	0.14086715788954896	0.46157	False
ENSG00000007264	MATK	False	0.2213257328493699	0.32284	False
ENSG00000007306	CEACAM7	False	0.102629793676744	0.074742	False
ENSG00000007312	CD79B	False	0.42226601918327733		False
ENSG00000007314	SCN4A	False	0.37191692146756455	0.24091	False
ENSG00000007341	ST7L	False	0.08646075493405164	0.096692	False
ENSG00000007372	PAX6	True	0.078724683472165	0.20804	False
ENSG00000007376	RPUSD1	False	0.27902576886280755	0.14207	False
ENSG00000007384	RHBDF1	False	0.2735906290679761	0.090036	False
ENSG00000007392	LUC7L	False	0.0013220331456544271	0.18864	False
ENSG00000007402	CACNA2D2	True	0.02871051809726623	0.04814	False
ENSG00000007516	BAIAP3	False	0.053278558492560135	0.49779	False
ENSG00000007520	TSR3	False	0.006485109272400503	0.1317	False
ENSG00000007541	PIGQ	True	0.05834445050748027	0.30556	False
ENSG00000007545	CRAMP1	False	0.1804232690617028	0.36176	False
ENSG00000007866	TEAD3	False	0.09273130817677161	0.19665	False
ENSG00000007908	SELE	False	0.3577877369693927	0.25272	False
ENSG00000007923	DNAJC11	False	0.680448280548523	0.42831	False
ENSG00000007933	FMO3	False	0.06352776619231978	0.089433	False
ENSG00000007944	MYLIP	False	0.07399730768364028	0.21982	False
ENSG00000007968	E2F2	False	0.36214957688307337	0.060424	False
ENSG00000008018	PSMB1	False	0.06778984305253699	0.11854	False
ENSG00000008083	JARID2	True	0.0330539756288962	0.10763	False
ENSG00000008118	CAMK1G	False	0.592989282235007	0.11963	False
ENSG00000008128	CDK11A	False	0.7336510450371845	0.49055	False
ENSG00000008130	NADK	False	0.01371176309449092	0.0066755	False
ENSG00000008196	TFAP2B	False	0.03475588662690555	0.10592	False
ENSG00000008197	TFAP2D	False	0.08291391118398643	0.24873	False
ENSG00000008226	DLEC1	False	0.38768180466911994	0.82084	False
ENSG00000008256	CYTH3	False	2.8062356677628343e-06	0.022569	False
ENSG00000008277	ADAM22	True	0.44004016647099864	0.27839	False
ENSG00000008282	SYPL1	False	0.12843338220939604	0.0689	False
ENSG00000008283	CYB561	False	0.03955875155957138	0.1656	False
ENSG00000008294	SPAG9	False	0.10122441911163226	0.031196	False
ENSG00000008300	CELSR3	False	0.011681453334438383	0.044871	False
ENSG00000008311	AASS	False	0.2628216399793715	0.41028	False
ENSG00000008323	PLEKHG6	False	0.24603520622167088	0.081128	False
ENSG00000008382	MPND	False	0.008260595534880191	0.76285	False
ENSG00000008394	MGST1	False	0.11394607426930166	0.5477	False
ENSG00000008405	CRY1	False	0.011313072109265219	0.050343	False
ENSG00000008438	PGLYRP1	False	0.6479324350181601	0.097369	False
ENSG00000008441	NFIX	False	0.3904361785967933	0.17184	False
ENSG00000008513	ST3GAL1	False	0.05989233451651465	0.33731	False
ENSG00000008516	MMP25	False	0.7315361922439853	0.18827	False
ENSG00000008517	IL32	False	0.17125087285197563	0.50588	False
ENSG00000008710	PKD1	False	0.49962819738086506	0.31208	False
ENSG00000008735	MAPK8IP2	False	0.35802454504699305	0.18515	False
ENSG00000008838	MED24	False	0.1652030361691294	0.023256	False
ENSG00000008853	RHOBTB2	True	0.010650372894993532	0.14247	False
ENSG00000008869	HEATR5B	False	0.7966524837692183	0.03416	False
ENSG00000008952	SEC62	False	0.32000541074913164		False
ENSG00000009307	CSDE1	False	0.033721390106750335	0.0085407	False
ENSG00000009335	UBE3C	False	0.21268871470334533	0.038592	False
ENSG00000009413	REV3L	False	0.009387513112743667	0.097871	False
ENSG00000009709	PAX7	False	0.5266695663997387	0.36975	False
ENSG00000009724	MASP2	False	0.001239739792887406	0.4407	False
ENSG00000009765	IYD	False	0.07389351518398915	0.30514	False
ENSG00000009780	FAM76A	False	0.14507135946409214	0.16717	False
ENSG00000009790	TRAF3IP3	False	0.2196885971569209	0.084091	False
ENSG00000009830	POMT2	True	0.0033724790758166367	0.030252	False
ENSG00000009844	VTA1	False	0.1405310990498018	0.2246	False
ENSG00000009950	MLXIPL	False	0.21947351841190813	0.15921	False
ENSG00000009954	BAZ1B	False	0.17692014775315282	0.171	False
ENSG00000010017	RANBP9	False	0.23599001643465467	0.07435	False
ENSG00000010030	ETV7	False	0.2291277304438071	0.25062	False
ENSG00000010072	SPRTN	False	0.3776725603458126	0.44178	False
ENSG00000010219	DYRK4	False	0.006526480734119724	0.52708	False
ENSG00000010244	ZNF207	False	0.004052006308586493	0.11465	False
ENSG00000010256	UQCRC1	False	0.03283716487681067	0.036675	False
ENSG00000010270	STARD3NL	False	0.8898278315590399	0.39334	False
ENSG00000010278	CD9	False	0.3691300114126099	0.1019	False
ENSG00000010282	HHATL	False	0.17880460969809053	0.29231	False
ENSG00000010292	NCAPD2	False	0.42181861209260263	0.34268	False
ENSG00000010295	IFFO1	False	0.19905386622213792	0.096801	False
ENSG00000010310	GIPR	False	0.13076689679557862	0.031211	False
ENSG00000010318	PHF7	False	0.46829335575334874	0.28077	False
ENSG00000010319	SEMA3G	False	0.17093955563201998	0.2417	False
ENSG00000010322	NISCH	False	0.01599445423077906	0.015101	False
ENSG00000010327	STAB1	False	0.5938149486392099	0.8484	False
ENSG00000010361	FUZ	False	0.1555266449478422	0.09147	False
ENSG00000010379	SLC6A13	False	0.06770478406045734	0.51335	False
ENSG00000010438	PRSS3	False	0.08768734572168689	0.16586	False
ENSG00000010539	ZNF200	False	0.33814068733637753	0.27704	False
ENSG00000010610	CD4	False	0.451744032205053	0.1919	False
ENSG00000010626	LRRC23	False	0.08628506211270502	0.11876	False
ENSG00000010704	HFE	False	0.11944375932450665	0.61486	False
ENSG00000010803	SCMH1	False	0.23492864397781404	0.019523	False
ENSG00000010810	FYN	False	0.13129210996918514	0.48626	False
ENSG00000010818	HIVEP2	True	0.3432159305199447	0.14051	False
ENSG00000010932	FMO1	False	0.16078755577629206	0.27323	False
ENSG00000011009	LYPLA2	False	0.2886271156938272	0.12099	False
ENSG00000011021	CLCN6	True	0.2647740537593909	0.35061	False
ENSG00000011028	MRC2	False	0.10454031202395214	0.1966	False
ENSG00000011083	SLC6A7	False	0.015050720025007066	0.051271	False
ENSG00000011105	TSPAN9	False	0.10114967824894605	0.36176	False
ENSG00000011114	BTBD7	False	0.008626447018125373	0.43285	False
ENSG00000011132	APBA3	False	0.22171974592410995	0.03222	False
ENSG00000011143	MKS1	False	0.1379767356535152	0.18297	False
ENSG00000011198	ABHD5	False	0.0014877772754847095	0.1717	False
ENSG00000011243	AKAP8L	False	0.05475908536324113	0.091805	False
ENSG00000011258	MBTD1	False	0.25286220997275743	0.33881	False
ENSG00000011260	UTP18	False	0.014899154022984116	0.23969	False
ENSG00000011275	RNF216	False	0.62579145648674	0.52493	False
ENSG00000011295	TTC19	False	0.885381680500756	0.079193	False
ENSG00000011304	PTBP1	True	0.41007170330557297	0.39366	False
ENSG00000011332	DPF1	False	0.35894474039519525	0.26053	False
ENSG00000011347	SYT7	False	0.007318321688304169	0.13175	False
ENSG00000011376	LARS2	False	0.19124977974283022	0.21551	False
ENSG00000011405	PIK3C2A	False	0.1785364261154646	0.21453	False
ENSG00000011422	PLAUR	False	0.05851768045959185	0.25126	False
ENSG00000011426	ANLN	False	0.18149694459813534	0.47991	False
ENSG00000011451	WIZ	False	0.12675785916500404	0.32639	False
ENSG00000011454	RABGAP1	True	0.04938258721135113	0.0052442	False
ENSG00000011465	DCN	False	0.16058678443694993	0.057505	False
ENSG00000011478	QPCTL	False	0.5154491384018354	0.42193	False
ENSG00000011485	PPP5C	False	0.0027082047023039542	0.035772	False
ENSG00000011523	CEP68	False	0.676093529834487	0.32841	False
ENSG00000011566	MAP4K3	False	0.3350115551714167	0.18046	False
ENSG00000011590	ZBTB32	False	0.44850226112541036	0.2721	False
ENSG00000011600	TYROBP	False	0.16358331455638406	0.49118	False
ENSG00000012048	BRCA1	False	0.1907407627820426	0.015057	False
ENSG00000012061	ERCC1	False	0.5244577119305474	0.32926	False
ENSG00000012124	CD22	False	0.6234640295318459	0.11148	False
ENSG00000012171	SEMA3B	False	0.48487167724293556	0.15685	False
ENSG00000012223	LTF	False	0.050484557232224864	0.038169	False
ENSG00000012232	EXTL3	False	0.8668731280380455	0.35149	False
ENSG00000012504	NR1H4	False	0.3215863196855787	0.49762	False
ENSG00000012660	ELOVL5	False	0.05563542398405693	0.166	False
ENSG00000012779	ALOX5	False	0.22041690816894657	0.36555	False
ENSG00000012822	CALCOCO1	False	0.014154064984334356	0.051219	False
ENSG00000012963	UBR7	True	0.5263263859069887	0.36933	False
ENSG00000013016	EHD3	False	0.08446822193640915	0.44623	False
ENSG00000013275	PSMC4	False	0.015577171845867072	0.055598	False
ENSG00000013288	MAN2B2	False	0.4787442895776123	0.075318	False
ENSG00000013293	SLC7A14	False	0.6246695507918407	0.31798	False
ENSG00000013306	SLC25A39	False	0.2622764521199975	0.22332	False
ENSG00000013364	MVP	False	0.7255563380565251	0.33557	False
ENSG00000013374	NUB1	False	0.41695764828826265	0.14525	False
ENSG00000013375	PGM3	False	0.03964061840627087	0.021313	False
ENSG00000013392	RWDD2A	False	0.03585007253729689	0.49725	False
ENSG00000013441	CLK1	False	0.029433342531551675	0.32792	False
ENSG00000013503	POLR3B	True	0.0013328925077256528	0.039191	False
ENSG00000013523	ANGEL1	False	0.08533946842992372	0.22995	False
ENSG00000013561	RNF14	False	0.22080329894028683	0.6203	False
ENSG00000013573	DDX11	False	0.01780049599382678	0.0065566	False
ENSG00000013583	HEBP1	False	0.03756657043061595	0.27629	False
ENSG00000013588	GPRC5A	False	0.014958146658940005	0.14667	False
ENSG00000013725	CD6	False	0.2622536234346554	0.14836	False
ENSG00000013810	TACC3	False	0.07582788965973683	0.56083	False
ENSG00000014123	UFL1	False	0.694789481859851	0.33372	False
ENSG00000014138	POLA2	False	0.5255423527904717		False
ENSG00000014164	ZC3H3	False	0.15319440886077748	0.17425	False
ENSG00000014216	CAPN1	False	0.1358761047362319	0.31317	False
ENSG00000014641	MDH1	True	0.376211037283405	0.46534	False
ENSG00000014824	SLC30A9	False	0.296785053937217	0.28025	False
ENSG00000014914	MTMR11	False	0.5156897856643858	0.039714	False
ENSG00000014919	COX15	True	0.6817634584260183	0.36081	False
ENSG00000015133	CCDC88C	True	0.25000983998873083	0.36381	False
ENSG00000015153	YAF2	False	0.024776576771168343	0.1485	False
ENSG00000015171	ZMYND11	True	0.018431254951923243	0.031212	False
ENSG00000015413	DPEP1	False	0.08332551635680648	0.29656	False
ENSG00000015475	BID	False	0.018834944474076756	0.31388	False
ENSG00000015520	NPC1L1	False	0.08706274921748766	0.40367	False
ENSG00000015532	XYLT2	False	0.4995446238037312	0.24464	False
ENSG00000015592	STMN4	False	0.34489096538812153	0.35091	False
ENSG00000015676	NUDCD3	False	0.09736321583276858	0.049538	False
ENSG00000016082	ISL1	False	0.13615878553974956	0.54127	False
ENSG00000016391	CHDH	False	0.1368417518103962	0.275	False
ENSG00000016402	IL20RA	False	0.04154056008018262	0.59279	False
ENSG00000016490	CLCA1	False	0.11705905419450113	0.26404	False
ENSG00000016602	CLCA4	False	0.1836465155371456	0.7163	False
ENSG00000016864	GLT8D1	False	0.012554362099946183	0.0080437	False
ENSG00000017260	ATP2C1	False	0.0071246161252400235	0.039418	False
ENSG00000017427	IGF1	False	0.11473087835594338	0.083638	False
ENSG00000017797	RALBP1	False	0.4133134789512024	0.2827	False
ENSG00000018189	RUFY3	False	0.13247811513685384	0.31114	False
ENSG00000018236	CNTN1	False	0.03883804236197462	0.55517	False
ENSG00000018280	SLC11A1	False	0.008404496418476329	0.0022794	False
ENSG00000018408	WWTR1	False	0.3114172221727197	0.22952	False
ENSG00000018510	AGPS	False	0.3894186134495093	0.14465	False
ENSG00000018625	ATP1A2	True	0.4894819072214258	0.046667	False
ENSG00000018699	TTC27	False	0.5409899730573582	0.16321	False
ENSG00000018869	ZNF582	False	0.6661412100235733		False
ENSG00000019102	VSIG2	False	0.34506352496712045	0.37937	False
ENSG00000019144	PHLDB1	False	0.010079589018745451	0.33689	False
ENSG00000019169	MARCO	False	0.021897544824955158	0.46458	False
ENSG00000019186	CYP24A1	False	0.06934438953624361	0.34284	False
ENSG00000019485	PRDM11	False	0.43686192547446456	0.20252	False
ENSG00000019505	SYT13	False	0.0004071723613671151	0.029211	False
ENSG00000019549	SNAI2	False	0.21577283437052586	0.26535	False
ENSG00000019582	CD74	False	0.527855684787981	0.32181	False
ENSG00000019991	HGF	False	0.631937293454639	0.48703	False
ENSG00000019995	ZRANB1	False	0.2638342835330769	0.20319	False
ENSG00000020129	NCDN	True	0.26936525986153464	0.027744	False
ENSG00000020181	ADGRA2	False	0.5176223951994361	0.030961	False
ENSG00000020256	ZFP64	False	0.042222311158939096	0.16616	False
ENSG00000020426	MNAT1	False	0.10653291127831957	0.179	False
ENSG00000020577	SAMD4A	False	0.0032635199663624058	0.38655	False
ENSG00000020633	RUNX3	False	0.4883247447209267	0.11101	False
ENSG00000020922	MRE11	False	0.03854664939671493	0.44594	False
ENSG00000021300	PLEKHB1	False	0.13977997258178054	0.075603	False
ENSG00000021355	SERPINB1	False	0.6563616244653403	0.122	False
ENSG00000021461	CYP3A43	False	0.37534557406297847	0.16274	False
ENSG00000021488	SLC7A9	False	0.3872072307054535	0.29998	False
ENSG00000021574	SPAST	False	0.3577220966174775	0.10451	False
ENSG00000021645	NRXN3	False	0.2864506454163992	0.25333	False
ENSG00000021762	OSBPL5	False	0.005666204647555818	0.0012318	False
ENSG00000021776	AQR	False	0.2966232945797311	0.51462	False
ENSG00000021826	CPS1	False	0.25493311627227294	0.15332	False
ENSG00000021852	C8B	False	0.08357161815974028	0.020282	False
ENSG00000022277	RTF2	False	0.0315381858358738	0.0085475	False
ENSG00000022355	GABRA1	True	0.00021200268832479612	0.00051906	False
ENSG00000022556	NLRP2	False	0.4404733210184323	0.29817	False
ENSG00000022567	SLC45A4	False	0.0034241054008490633	0.02683	False
ENSG00000022840	RNF10	False	0.31419747231860173	0.13636	False
ENSG00000022976	ZNF839	False	0.06459153265450124	0.1948	False
ENSG00000023041	ZDHHC6	False	0.4216258832578177	0.224	False
ENSG00000023171	GRAMD1B	False	0.6014805865575661	0.27839	False
ENSG00000023191	RNH1	False	0.0015880527565092096	0.7945	False
ENSG00000023228	NDUFS1	True	0.036948546267136985	0.16164	False
ENSG00000023287	RB1CC1	False	0.33003527108670017	0.28068	False
ENSG00000023318	ERP44	False	0.029073895140154418	0.17326	False
ENSG00000023330	ALAS1	False	0.3154220328880251	0.23714	False
ENSG00000023445	BIRC3	False	0.32937798654501516	0.28869	False
ENSG00000023516	AKAP11	False	0.0565784594293046	0.0087461	False
ENSG00000023572	GLRX2	False	0.20085585634122477	0.4172	False
ENSG00000023608	SNAPC1	False	0.6295116434130867	0.30313	False
ENSG00000023697	DERA	False	0.24589498792358905	0.20924	False
ENSG00000023734	STRAP	False	0.00419303434625116	0.070817	False
ENSG00000023839	ABCC2	False	0.44538141098132744	0.26957	False
ENSG00000023892	DEF6	False	0.07731635396372193	0.030639	False
ENSG00000023902	PLEKHO1	False	0.8107064855826805	0.040939	False
ENSG00000024048	UBR2	False	0.4782701117858177	0.51548	False
ENSG00000024422	EHD2	False	0.11127879143463651	0.58823	False
ENSG00000024526	DEPDC1	False	0.012415442036769206	0.28069	False
ENSG00000025039	RRAGD	False	0.03711476530335258	0.18729	False
ENSG00000025156	HSF2	False	0.2820273352272333	0.21005	False
ENSG00000025293	PHF20	False	2.9017110231074912e-05	0.00010685	False
ENSG00000025423	HSD17B6	False	0.036939113966141926	0.19116	False
ENSG00000025434	NR1H3	False	0.7710626741421208	0.094645	False
ENSG00000025708	TYMP	False	0.001792005745795316	0.21904	False
ENSG00000025770	NCAPH2	False	0.5816754064071292	0.33528	False
ENSG00000025772	TOMM34	False	0.7020206826780693	0.61129	False
ENSG00000025796	SEC63	False	0.11069790405138981	0.091669	False
ENSG00000025800	KPNA6	False	0.16584913255864528	0.088281	False
ENSG00000026025	VIM	False	0.23745235041583057	0.23986	False
ENSG00000026103	FAS	False	0.6631340310591725		False
ENSG00000026297	RNASET2	True	0.7219893433162055	0.44509	False
ENSG00000026508	CD44	False	0.7089097407219735	0.37978	False
ENSG00000026559	KCNG1	False	0.12840030967874091	0.024572	False
ENSG00000026652	AGPAT4	False	0.2676174655064904	0.02674	False
ENSG00000026751	SLAMF7	False	0.2960646561981294	0.09182	False
ENSG00000026950	BTN3A1	False	0.01184723225852793	0.41462	False
ENSG00000027001	MIPEP	False	0.5217851398552749	0.24762	False
ENSG00000027075	PRKCH	False	0.044866029036150015	0.33435	False
ENSG00000027644	INSRR	False	0.418841571277106	0.49617	False
ENSG00000027697	IFNGR1	False	0.09740170309612542	0.14272	False
ENSG00000027847	B4GALT7	False	0.16738862697815757	0.10156	False
ENSG00000027869	SH2D2A	False	0.0014740349908868296	0.0038051	False
ENSG00000028116	VRK2	False	0.045385854374631995	0.082772	False
ENSG00000028137	TNFRSF1B	False	0.36617857981786656	0.36399	False
ENSG00000028203	VEZT	False	0.16049839863269336	0.66699	False
ENSG00000028277	POU2F2	False	0.3424730286727135	0.30503	False
ENSG00000028310	BRD9	False	0.017186051381927154	0.093971	False
ENSG00000028528	SNX1	False	0.13503533512859348	0.082249	False
ENSG00000029363	BCLAF1	False	0.1910917540243779	0.07143	False
ENSG00000029364	SLC39A9	False	0.03349820113248566	0.016864	False
ENSG00000029534	ANK1	False	0.0008612535373770531	0.0039043	False
ENSG00000029559	IBSP	False	0.2550474949649378	0.25157	False
ENSG00000029639	TFB1M	False	0.06865271348536113	0.36551	False
ENSG00000029725	RABEP1	False	0.14635344952756418	0.10787	False
ENSG00000030066	NUP160	False	0.03994415676120547	0.060566	False
ENSG00000030110	BAK1	False	0.33341385683088653	0.2345	False
ENSG00000030304	MUSK	False	0.20963726746424724	0.56094	False
ENSG00000030419	IKZF2	False	1.482385346213528e-05	0.021741	False
ENSG00000030582	GRN	True	0.09011765803493503	0.29849	False
ENSG00000031003	FAM13B	False	0.11264684438636226	0.018262	False
ENSG00000031081	ARHGAP31	False	0.09588499089101873	0.15802	False
ENSG00000031691	CENPQ	False	0.15955077848718507	0.62994	False
ENSG00000031823	RANBP3	False	0.08717082776036632	0.21116	False
ENSG00000032219	ARID4A	False	0.017257635338164126	0.033345	False
ENSG00000032389	EIPR1	False	0.5555837930091179	0.11178	False
ENSG00000032444	PNPLA6	False	0.08734674871305326	0.032203	False
ENSG00000032742	IFT88	False	0.1780212904348366	0.48361	False
ENSG00000033011	ALG1	True	0.05428965354299905	0.012173	False
ENSG00000033100	CHPF2	False	0.0003861302429270435	0.51465	False
ENSG00000033122	LRRC7	True	0.06563617143643717	0.059901	False
ENSG00000033170	FUT8	True	0.3146030739044115	0.24108	False
ENSG00000033178	UBA6	False	0.42055657458311557	0.093731	False
ENSG00000033327	GAB2	False	0.5102994957736784	0.33051	False
ENSG00000033627	ATP6V0A1	True	0.37396215431706087	0.029958	False
ENSG00000033800	PIAS1	False	0.03649609239189806	0.11117	False
ENSG00000033867	SLC4A7	False	0.05769099300914048	0.3626	False
ENSG00000034053	APBA2	False	0.23700242155981457		False
ENSG00000034533	ASTE1	False	0.43824630965114175	0.31633	False
ENSG00000034677	RNF19A	False	0.25711339269115563	0.021496	False
ENSG00000034713	GABARAPL2	False	0.1511020708315869	0.17943	False
ENSG00000034971	MYOC	False	0.5672849220994182	0.12969	False
ENSG00000035115	SH3YL1	False	0.08175063724574813	0.3438	False
ENSG00000035141	FAM136A	False	0.1427426740137778	0.38816	False
ENSG00000035403	VCL	False	0.018765712120988785	0.16578	False
ENSG00000035499	DEPDC1B	False	0.12245491147610243	0.16312	False
ENSG00000035664	DAPK2	False	0.684363777846352	0.62284	False
ENSG00000035681	NSMAF	False	0.8516703776416222	0.092951	False
ENSG00000035720	STAP1	False	0.2928569312550934	0.46064	False
ENSG00000035862	TIMP2	False	0.5135707333347619	0.18253	False
ENSG00000035928	RFC1	False	0.19317962248496712	0.46109	False
ENSG00000036054	TBC1D23	False	0.027562133686014612	0.021687	False
ENSG00000036257	CUL3	True	0.02723536260133756	0.0056014	False
ENSG00000036448	MYOM2	False	0.16306948680787145	0.20585	False
ENSG00000036530	CYP46A1	False	0.5857012066923681	0.18554	False
ENSG00000036565	SLC18A1	False	0.01587497963939342	0.67434	False
ENSG00000036672	USP2	False	0.5233770904261257	0.056214	False
ENSG00000036828	CASR	False	0.08900855889968097	0.051957	False
ENSG00000037042	TUBG2	False	0.10375189688921613	0.088379	False
ENSG00000037241	RPL26L1	False	0.12465552896330187	0.37603	False
ENSG00000037280	FLT4	False	0.15326447672434798	0.10223	False
ENSG00000037474	NSUN2	False	0.15952659748728046	0.086437	False
ENSG00000037637	FBXO42	False	0.08690302570207097	0.0036858	False
ENSG00000037749	MFAP3	False	0.37915118232148165	0.013412	False
ENSG00000037757	MRI1	False	0.006393268325608446	0.10855	False
ENSG00000037897	METTL1	False	0.5918889576536168	0.30929	False
ENSG00000037965	HOXC8	False	0.2993378032110841	0.2515	False
ENSG00000038002	AGA	True	0.28547054883758016	0.21425	False
ENSG00000038219	BOD1L1	False	0.007446224145008138	0.026227	False
ENSG00000038274	MAT2B	False	0.23776803426574275	0.40277	False
ENSG00000038295	TLL1	False	0.06886347880982135	0.48252	False
ENSG00000038358	EDC4	False	0.27641110131756014	0.35284	False
ENSG00000038382	TRIO	True	0.04229622013387056	0.035454	False
ENSG00000038427	VCAN	False	0.05042128557387681	0.078676	False
ENSG00000038532	CLEC16A	False	0.26510287664178883	0.31113	False
ENSG00000038945	MSR1	False	0.3270074932691993	0.36452	False
ENSG00000039068	CDH1	False	0.0727854795021124	0.34409	False
ENSG00000039123	MTREX	False	0.19233069061093888	0.14313	False
ENSG00000039139	DNAH5	False	0.008366038576595602	0.091185	False
ENSG00000039319	ZFYVE16	False	0.056324457924807565	0.36862	False
ENSG00000039523	RIPOR1	False	0.19135871594179701	0.19132	False
ENSG00000039537	C6	False	0.5076822318915803	0.052426	False
ENSG00000039560	RAI14	False	0.2472307528900579	0.083913	False
ENSG00000039600	SOX30	False	0.3888961951585124	0.38479	False
ENSG00000039650	PNKP	True	0.3293557986542316	0.38628	False
ENSG00000039987	BEST2	False	0.003177845360292349	0.15018	False
ENSG00000040199	PHLPP2	False	0.16630273511584956	0.48406	False
ENSG00000040275	SPDL1	False	0.02434191050682271	0.029539	False
ENSG00000040341	STAU2	False	0.19130470689806367	0.14786	False
ENSG00000040531	CTNS	False	0.06954182645130462	0.16359	False
ENSG00000040608	RTN4R	False	0.05339752969036654	0.010158	False
ENSG00000040633	PHF23	False	0.028430228081267037	0.047272	False
ENSG00000040731	CDH10	False	0.255724884497088	0.66254	False
ENSG00000040933	INPP4A	False	0.10406632332263127	0.23713	False
ENSG00000041353	RAB27B	False	0.17814828909801403	0.40504	False
ENSG00000041515	MYO16	False	0.3619976993354144	0.49971	False
ENSG00000041802	LSG1	False	0.04989797377194126	0.45303	False
ENSG00000041880	PARP3	False	0.48104586085578926	0.46563	False
ENSG00000041982	TNC	False	0.07168838369494357	0.18057	False
ENSG00000041988	THAP3	False	0.005751228348092909	0.32806	False
ENSG00000042062	RIPOR3	False	0.4198847647035231	0.1177	False
ENSG00000042088	TDP1	False	0.034602933110569514	0.44357	False
ENSG00000042286	AIFM2	False	0.27908633280592354	0.089335	False
ENSG00000042317	SPATA7	False	0.2840537836879487	0.22242	False
ENSG00000042429	MED17	True	0.2191217390070994	0.90176	False
ENSG00000042445	RETSAT	False	0.24498264978648093	0.39433	False
ENSG00000042493	CAPG	False	0.12017501514213859	0.11878	False
ENSG00000042781	USH2A	False	0.0011050009827012904	0.16043	False
ENSG00000042813	ZPBP	False	0.18751524556589486	0.19859	False
ENSG00000042832	TG	False	0.0002748878108376835	0.24479	False
ENSG00000042980	ADAM28	False	0.14476364068878028	0.54663	False
ENSG00000043039	BARX2	False	0.4797543917824755	0.58859	False
ENSG00000043143	JADE2	False	0.004265249633003153	0.020809	False
ENSG00000043355	ZIC2	True	0.7820634109129021		False
ENSG00000043462	LCP2	False	0.11694557763418102	0.13913	False
ENSG00000043514	TRIT1	True	0.40994815093498466	0.41075	False
ENSG00000043591	ADRB1	False	0.45697658042407086		False
ENSG00000044012	GUCA2B	False	0.0010062435188543054	0.098537	False
ENSG00000044090	CUL7	False	0.13193567896162464	0.63878	False
ENSG00000044115	CTNNA1	False	0.3004659008411843	0.34354	False
ENSG00000044459	CNTLN	False	0.49650571849167113	0.23733	False
ENSG00000044524	EPHA3	False	0.47094645059919127	0.40868	False
ENSG00000044574	HSPA5	False	0.00819362211637691	0.0019039	False
ENSG00000046604	DSG2	False	0.015321922293338524	0.16438	False
ENSG00000046889	PREX2	False	0.13922372575207898	0.14738	False
ENSG00000047056	WDR37	True	0.38851935766279705	0.013322	False
ENSG00000047188	YTHDC2	False	0.0008856736297394725	0.064906	False
ENSG00000047249	ATP6V1H	False	0.14279365218168744	0.32875	False
ENSG00000047315	POLR2B	False	0.012616787368042821	0.02366	False
ENSG00000047365	ARAP2	False	0.6680295580141269	0.57811	False
ENSG00000047410	TPR	False	0.22621347250807247	0.47391	False
ENSG00000047457	CP	True	0.3981502406505149	0.078276	False
ENSG00000047579	DTNBP1	False	0.21365528931007036	0.43623	False
ENSG00000047617	ANO2	False	0.014569496149010118	0.34708	False
ENSG00000047621	C12orf4	False	0.25370004604127067	0.10721	False
ENSG00000047662	FAM184B	False	0.3972999674494059	0.11701	False
ENSG00000047849	MAP4	False	0.09103037858630918	0.32691	False
ENSG00000047932	GOPC	False	0.019998528659107208	0.061253	False
ENSG00000047936	ROS1	False	0.12017612147471397	0.24042	False
ENSG00000048028	USP28	False	0.5281845026699026	0.29053	False
ENSG00000048052	HDAC9	False	0.3145838790612533	0.48186	False
ENSG00000048140	TSPAN17	False	0.005287449388210766	0.075891	False
ENSG00000048162	NOP16	False	0.5858961232315871	0.032145	False
ENSG00000048342	CC2D2A	True	0.03050694207289358	0.027476	False
ENSG00000048392	RRM2B	True	0.01663609429849176	0.42477	False
ENSG00000048405	ZNF800	False	0.15849426281661264	0.44718	False
ENSG00000048462	TNFRSF17	False	0.48992952460178785	0.58773	False
ENSG00000048471	SNX29	False	0.12106719174846685	0.18613	False
ENSG00000048544	MRPS10	False	0.1595859520362799	0.090043	False
ENSG00000048649	RSF1	False	0.4752039559419605	0.34256	False
ENSG00000048707	VPS13D	True	0.031364012960107476	0.23357	False
ENSG00000048740	CELF2	True	0.08622330120653994	0.16282	False
ENSG00000048828	FAM120A	False	0.003475505666801804	0.04715	False
ENSG00000048991	R3HDM1	False	0.20531504992059227	0.21586	False
ENSG00000049089	COL9A2	False	0.048946329237610255	0.1532	False
ENSG00000049130	KITLG	False	0.3699977657687239	0.315	False
ENSG00000049167	ERCC8	False	0.4840926603093144	0.43858	False
ENSG00000049192	ADAMTS6	False	0.15973251255695572	0.31509	False
ENSG00000049239	H6PD	False	0.3178946948490537	0.046511	False
ENSG00000049245	VAMP3	False	0.05260036867437613	0.25548	False
ENSG00000049246	PER3	False	0.2565585261538704	0.099967	False
ENSG00000049247	UTS2	False	0.0034804093967281016	0.053675	False
ENSG00000049249	TNFRSF9	False	0.2344658199550544	0.23583	False
ENSG00000049283	EPN3	False	0.046871316381150316	0.44688	False
ENSG00000049323	LTBP1	False	0.10261612947206106	0.1423	False
ENSG00000049449	RCN1	False	0.04450299013606185	0.21297	False
ENSG00000049540	ELN	False	0.5864561732544333		False
ENSG00000049541	RFC2	False	0.11537528711917198	0.074933	False
ENSG00000049618	ARID1B	True	0.22191104995624358	0.0058249	False
ENSG00000049656	CLPTM1L	False	0.3726104514194553	0.1331	False
ENSG00000049759	NEDD4L	True	0.31704612345322547	0.1549	False
ENSG00000049860	HEXB	True	0.10654356763384361	0.32476	False
ENSG00000049883	PTCD2	False	0.012651651284580769	0.48508	False
ENSG00000050130	JKAMP	False	0.1830840129550277	0.3553	False
ENSG00000050165	DKK3	False	0.03067571140298904	0.040323	False
ENSG00000050344	NFE2L3	False	0.18045653004784074	0.016744	False
ENSG00000050393	MCUR1	False	0.5720391484801157	0.41346	False
ENSG00000050405	LIMA1	False	0.19580261115157716	0.022564	False
ENSG00000050426	LETMD1	False	0.10039578625171713	0.59096	False
ENSG00000050438	SLC4A8	False	0.07506161812075475	0.075454	False
ENSG00000050555	LAMC3	True	0.23804171134613863	0.16063	False
ENSG00000050628	PTGER3	False	0.0426804026089152	0.34237	False
ENSG00000050730	TNIP3	False	0.18168706302679682	0.76314	False
ENSG00000050748	MAPK9	False	0.37691099487469953	0.19071	False
ENSG00000050767	COL23A1	False	0.020004337352584584	0.77407	False
ENSG00000050820	BCAR1	False	0.12166366519798792	0.032004	False
ENSG00000051108	HERPUD1	False	0.13936968526156154	0.15382	False
ENSG00000051128	HOMER3	False	0.1578307004785972	0.23374	False
ENSG00000051341	POLQ	False	0.0014467228177181947	0.023904	False
ENSG00000051382	PIK3CB	False	0.037048724439892024	0.12629	False
ENSG00000051523	CYBA	False	0.0003418705051663779	0.61464	False
ENSG00000051620	HEBP2	False	0.08905553642482908	0.55747	False
ENSG00000051825	MPHOSPH9	False	0.5378959111439576	0.17989	False
ENSG00000052126	PLEKHA5	False	0.3050672200806913	0.29397	False
ENSG00000052344	PRSS8	False	0.017042501361544074	0.12147	False
ENSG00000052723	SIKE1	False	0.2928954069747524	0.17005	False
ENSG00000052749	RRP12	False	0.14560584783951852	0.13637	False
ENSG00000052795	FNIP2	False	0.11210082401969666	0.10432	False
ENSG00000052802	MSMO1	False	0.05347526761656619	0.053916	False
ENSG00000052841	TTC17	False	0.0008028468418242605	0.062422	False
ENSG00000052850	ALX4	False	0.531288962403536	0.33237	False
ENSG00000053108	FSTL4	False	0.6613277070925805	0.4527	False
ENSG00000053254	FOXN3	False	0.12851909754398105	0.11692	False
ENSG00000053328	METTL24	False	0.4342980525714655	0.27405	False
ENSG00000053371	AKR7A2	False	0.652545134315931	0.079131	False
ENSG00000053372	MRTO4	False	0.11653503895104225	0.25074	False
ENSG00000053438	NNAT	False	0.39118661549421235	0.13286	False
ENSG00000053501	USE1	False	0.06253209852849897	0.23837	False
ENSG00000053524	MCF2L2	False	0.07095206568825702	0.59114	False
ENSG00000053702	NRIP2	False	0.01627018848918176	0.36487	False
ENSG00000053747	LAMA3	False	0.30485523803738585	0.18011	False
ENSG00000053770	AP5M1	False	0.1746006841586686	0.044461	False
ENSG00000053900	ANAPC4	False	0.21139701506373018	0.43493	False
ENSG00000053918	KCNQ1	False	0.6398736680994915	0.15229	False
ENSG00000054116	TRAPPC3	False	0.09276801314457904		False
ENSG00000054118	THRAP3	False	0.28217510556294245	0.42461	False
ENSG00000054148	PHPT1	False	0.03095688853422369	0.58667	False
ENSG00000054179	ENTPD2	False	0.2732428835197287	0.50593	False
ENSG00000054219	LY75	False	0.0012864417023066902	0.10575	False
ENSG00000054267	ARID4B	False	0.11073316542335808	0.048375	False
ENSG00000054277	OPN3	False	0.5754607065705233	0.16733	False
ENSG00000054282	SDCCAG8	False	0.15118838655541325	0.032742	False
ENSG00000054356	PTPRN	False	0.10021675504969728	0.22225	False
ENSG00000054392	HHAT	False	0.08131639095402937	0.49584	False
ENSG00000054523	KIF1B	False	0.19926415115386725	0.34282	False
ENSG00000054598	FOXC1	False	0.3102901470034526		False
ENSG00000054611	TBC1D22A	False	0.34172981210637626	0.047473	False
ENSG00000054654	SYNE2	False	0.050315682860111205	0.2409	False
ENSG00000054690	PLEKHH1	False	0.36789387756224634	0.22643	False
ENSG00000054793	ATP9A	False	0.0011948737173918332	0.02128	False
ENSG00000054796	SPO11	False	0.3693170353660366	0.27971	False
ENSG00000054938	CHRDL2	False	0.13367884231690413	0.00056555	False
ENSG00000054965	FAM168A	False	0.004850373951587468	0.26143	False
ENSG00000054967	RELT	False	0.21186624564554482	0.097376	False
ENSG00000054983	GALC	True	0.09922306452507554	0.030277	False
ENSG00000055044	NOP58	False	0.04635762016520349	0.069086	False
ENSG00000055070	SZRD1	False	0.27208675008845745		False
ENSG00000055118	KCNH2	False	0.17308434394054814	0.19808	False
ENSG00000055130	CUL1	False	0.06714385337471356	0.23567	False
ENSG00000055147	FAM114A2	False	0.48561269596823375	0.059859	False
ENSG00000055163	CYFIP2	True	0.07308924127681492	0.098668	False
ENSG00000055208	TAB2	False	0.00010697673743935214		False
ENSG00000055211	GINM1	False	0.6999484700648493	0.83599	False
ENSG00000055332	EIF2AK2	True	0.1315533820002151	0.68582	False
ENSG00000055483	USP36	False	0.19162828718619204	0.25718	False
ENSG00000055609	KMT2C	True	0.3210353298254893	0.17972	False
ENSG00000055732	MCOLN3	False	0.19644297263756208	0.38525	False
ENSG00000055813	CCDC85A	False	0.17725268781784603	0.070715	False
ENSG00000055917	PUM2	False	0.09673224022112888	0.65803	False
ENSG00000055950	MRPL43	False	0.2521430187737967	0.29867	False
ENSG00000055955	ITIH4	False	0.26563590796981823	0.19424	False
ENSG00000055957	ITIH1	False	0.3832896247147271	0.67553	False
ENSG00000056050	HPF1	False	0.15390125637409416	0.019691	False
ENSG00000056097	ZFR	False	0.26217085626313896	0.0065692	False
ENSG00000056291	NPFFR2	False	0.4082433928186563	0.19856	False
ENSG00000056487	PHF21B	False	0.00583234461734712	0.21523	False
ENSG00000056558	TRAF1	False	0.18183530812478252	0.046698	False
ENSG00000056586	RC3H2	False	0.03813255029836288	0.038431	False
ENSG00000056736	IL17RB	False	0.6750620424148909	0.15102	False
ENSG00000056972	TRAF3IP2	False	0.49695795795650743	0.28121	False
ENSG00000057019	DCBLD2	False	0.11362959325219796	0.31049	False
ENSG00000057149	SERPINB3	False	0.11349576190843305	0.25823	False
ENSG00000057252	SOAT1	False	0.07351729501727543	0.39031	False
ENSG00000057294	PKP2	False	0.23455004909807325	0.037027	False
ENSG00000057468	MSH4	False	0.06913558500352968	0.45273	False
ENSG00000057593	F7	False	0.4359198572458415	0.14228	False
ENSG00000057608	GDI2	False	0.6283161926293765	0.19718	False
ENSG00000057657	PRDM1	False	0.29354130826527086	0.27835	False
ENSG00000057663	ATG5	False	0.03454305485766145	0.039384	False
ENSG00000057704	TMCC3	False	0.5726875920422438	0.53338	False
ENSG00000057935	MTA3	False	0.16722376165137204	0.19552	False
ENSG00000058056	USP13	False	0.15214865048856693	0.1924	False
ENSG00000058063	ATP11B	False	0.1650014862620828	0.18743	False
ENSG00000058085	LAMC2	False	0.039992403980110024	0.50825	False
ENSG00000058091	CDK14	False	0.3444913594905826	0.26711	False
ENSG00000058262	SEC61A1	False	0.18809622966598008	0.31289	False
ENSG00000058272	PPP1R12A	False	0.4532536446775174	0.079275	False
ENSG00000058335	RASGRF1	False	0.144399361514533	0.12723	False
ENSG00000058404	CAMK2B	True	0.03205530586025083	0.089156	False
ENSG00000058453	CROCC	False	0.725571590915129	0.39518	False
ENSG00000058600	POLR3E	False	0.002690384217763281	0.030407	False
ENSG00000058668	ATP2B4	False	0.09278375041615196	0.060843	False
ENSG00000058673	ZC3H11A	False	0.5420257342293824	0.11545	False
ENSG00000058729	RIOK2	False	0.08731979509656407	0.66251	False
ENSG00000058799	YIPF1	False	0.15562359098979187	0.25237	False
ENSG00000058804	NDC1	False	0.157222157576551	0.25832	False
ENSG00000058866	DGKG	False	0.6612713507021968	0.52463	False
ENSG00000059122	FLYWCH1	False	0.1286485009739478	0.67012	False
ENSG00000059145	UNKL	False	0.2629620416452483	0.043302	False
ENSG00000059377	TBXAS1	False	0.04436637028845429	0.05039	False
ENSG00000059378	PARP12	False	0.06403906314761447	0.12145	False
ENSG00000059573	ALDH18A1	False	0.09866367610330497	0.18256	False
ENSG00000059588	TARBP1	False	0.18990587831033462	0.081071	False
ENSG00000059691	GATB	False	0.29590373472008463	0.1605	False
ENSG00000059728	MXD1	False	0.024384526117166527	0.045384	False
ENSG00000059758	CDK17	False	0.0107135634748203	0.15376	False
ENSG00000059769	DNAJC25	False	0.1506356410600341	0.1966	False
ENSG00000059804	SLC2A3	False	0.1474553585911377	0.15629	False
ENSG00000059915	PSD	False	0.006153928954058706	0.15659	False
ENSG00000060069	CTDP1	False	0.4418006939999298	0.31178	False
ENSG00000060138	YBX3	False	0.14725044331176823	0.038185	False
ENSG00000060140	STYK1	False	0.017878937277269483	0.40306	False
ENSG00000060237	WNK1	False	0.012850777781480324	0.12005	False
ENSG00000060339	CCAR1	False	0.17562461097622392	0.13412	False
ENSG00000060491	OGFR	False	0.4581704908224753	0.57988	False
ENSG00000060558	GNA15	False	0.07924099526967154	0.17077	False
ENSG00000060566	CREB3L3	False	0.0765590775571705	0.0020124	False
ENSG00000060642	PIGV	True	0.5086133591297952	0.040977	False
ENSG00000060656	PTPRU	False	0.1328139327605664	0.070802	False
ENSG00000060688	SNRNP40	False	0.6263873122929025	0.56317	False
ENSG00000060709	RIMBP2	False	0.08830049526226107	0.2718	False
ENSG00000060718	COL11A1	False	0.7107109232689739	0.29794	False
ENSG00000060971	ACAA1	False	0.006897641200968838	0.00023244	False
ENSG00000060982	BCAT1	False	0.30946655027639164	0.01037	False
ENSG00000061273	HDAC7	False	0.1463019143869643	0.053759	False
ENSG00000061337	LZTS1	False	0.017159532368036322	0.0068207	False
ENSG00000061455	PRDM6	False	0.01471163157400622	0.35985	False
ENSG00000061492	WNT8A	False	0.19925122253583943	0.48176	False
ENSG00000061656	SPAG4	False	0.026787366818827766	0.18287	False
ENSG00000061676	NCKAP1	True	0.2023832487720617	0.15271	False
ENSG00000061794	MRPS35	False	0.030631182211000467	0.047836	False
ENSG00000061918	GUCY1B1	False	0.3732554176724389	0.15253	False
ENSG00000061936	SFSWAP	False	0.19629898816939034	0.068067	False
ENSG00000061938	TNK2	True	0.24834742808228563	0.1509	False
ENSG00000061987	MON2	False	0.4748677416734761	0.42844	False
ENSG00000062038	CDH3	False	0.021043998177412895	0.59216	False
ENSG00000062194	GPBP1	False	0.348418921842557	0.2037	False
ENSG00000062282	DGAT2	False	0.010781487011024465	0.11097	False
ENSG00000062370	ZNF112	False	0.06850841841532461	0.019625	False
ENSG00000062485	CS	False	0.2581692223841802	0.17208	False
ENSG00000062524	LTK	False	0.006887667658179646	0.58366	False
ENSG00000062582	MRPS24	False	0.37924306389921464	0.14657	False
ENSG00000062598	ELMO2	False	0.17226042331281446	0.17377	False
ENSG00000062650	WAPL	False	0.00407056267048002	0.021848	False
ENSG00000062716	VMP1	False	0.11372211679760261	0.03308	False
ENSG00000062725	APPBP2	False	0.18429578432096771	0.04625	False
ENSG00000062822	POLD1	False	0.3808718233323009	0.22849	False
ENSG00000063015	SEZ6	False	0.2171606119361285	0.42706	False
ENSG00000063046	EIF4B	False	0.11294173426319455	0.0068222	False
ENSG00000063127	SLC6A16	False	0.008393726062786214	0.0043127	False
ENSG00000063169	BICRA	False	0.004127142030280555	0.055283	False
ENSG00000063176	SPHK2	False	0.7890678461085698	0.18967	False
ENSG00000063177	RPL18	False	0.024873203463770876	0.25095	False
ENSG00000063180	CA11	False	0.41803158814402563	0.14951	False
ENSG00000063241	ISOC2	False	0.2297002053200878	0.51929	False
ENSG00000063244	U2AF2	True	0.03255208927711324	0.090762	False
ENSG00000063245	EPN1	False	0.40750908131305275	0.28764	False
ENSG00000063660	GPC1	False	0.0969387663682505	0.16836	False
ENSG00000063761	ADCK1	False	0.6343334181598002	0.3572	False
ENSG00000063854	HAGH	False	0.08625963256843197	0.32082	False
ENSG00000063978	RNF4	False	0.2976877915845091		False
ENSG00000064012	CASP8	False	0.02884726712774961	0.1141	False
ENSG00000064042	LIMCH1	False	0.07673351965614808	0.08212	False
ENSG00000064102	INTS13	False	0.004104522976641409	0.22133	False
ENSG00000064115	TM7SF3	False	0.010202042013723845	0.53895	False
ENSG00000064195	DLX3	False	0.14510326711491903	0.06209	False
ENSG00000064199	SPA17	False	0.46845524173953956	0.43086	False
ENSG00000064201	TSPAN32	False	0.6155100521562056	0.20972	False
ENSG00000064218	DMRT3	False	0.6044064274495458	0.31817	False
ENSG00000064225	ST3GAL6	False	0.04192874989291006	0.38611	False
ENSG00000064270	ATP2C2	False	0.37116025575235373	0.67173	False
ENSG00000064300	NGFR	False	0.007096105891976829	0.34673	False
ENSG00000064309	CDON	False	0.5198707468831971	0.096202	False
ENSG00000064313	TAF2	False	0.13242860443233825	0.12244	False
ENSG00000064393	HIPK2	False	0.086750937087876	0.29038	False
ENSG00000064419	TNPO3	False	0.006008044851433424	0.013119	False
ENSG00000064490	RFXANK	False	0.0935197462395295	0.35963	False
ENSG00000064545	TMEM161A	False	0.010370344955387419	0.0023869	False
ENSG00000064601	CTSA	False	0.4401649589526234	0.18368	False
ENSG00000064607	SUGP2	False	0.10250521061188021	0.059863	False
ENSG00000064651	SLC12A2	False	0.6156327325023407	0.12591	False
ENSG00000064655	EYA2	False	0.13948337524835408	0.10226	False
ENSG00000064666	CNN2	False	0.2944759359720429	0.2215	False
ENSG00000064687	ABCA7	False	0.009696795887514563	0.1199	False
ENSG00000064692	SNCAIP	False	0.3746384377264197	0.65721	False
ENSG00000064703	DDX20	False	0.09007587053079863	0.15708	False
ENSG00000064726	BTBD1	False	0.38200172507844277	0.33959	False
ENSG00000064763	FAR2	False	0.0254692540116081	0.053582	False
ENSG00000064787	BCAS1	False	0.2462789029660398	0.3985	False
ENSG00000064835	POU1F1	False	0.1094036842825954	0.024729	False
ENSG00000064886	CHI3L2	False	0.03698934724584966	0.020994	False
ENSG00000064932	SBNO2	False	0.20957006965097988	0.028947	False
ENSG00000064933	PMS1	False	0.2678680168672151	0.27895	False
ENSG00000064961	HMG20B	False	0.008363479716695413	0.025205	False
ENSG00000064989	CALCRL	False	0.056256745411543345	0.50031	False
ENSG00000064995	TAF11	False	0.0432404216578907	0.021825	False
ENSG00000064999	ANKS1A	False	0.013590531011585399	0.077423	False
ENSG00000065000	AP3D1	True	0.4620231004927915	0.10372	False
ENSG00000065029	ZNF76	False	0.03280684422148596	0.52528	False
ENSG00000065054	NHERF2	False	0.7172517776998006	0.2175	False
ENSG00000065135	GNAI3	False	0.3251007331881329	0.025777	False
ENSG00000065154	OAT	False	0.0788641931495538	0.51774	False
ENSG00000065183	WDR3	False	0.296736300478579	0.070474	False
ENSG00000065243	PKN2	False	0.16797708846680448	0.20455	False
ENSG00000065268	WDR18	False	0.00010546548666776728	0.0022694	False
ENSG00000065308	TRAM2	False	0.38140388276937326	0.24103	False
ENSG00000065320	NTN1	False	0.21191716198421057	0.61774	False
ENSG00000065325	GLP2R	False	0.35779124725724587	0.60985	False
ENSG00000065328	MCM10	False	0.49646795147119394	0.29838	False
ENSG00000065357	DGKA	False	0.06276135005151123	0.061137	False
ENSG00000065361	ERBB3	False	0.06641258351713698	0.12907	False
ENSG00000065371	ROPN1	False	0.28029334034192277	0.028826	False
ENSG00000065413	ANKRD44	False	0.017446967727465162	0.34268	False
ENSG00000065457	ADAT1	False	0.264392591256965	0.0070049	False
ENSG00000065485	PDIA5	False	0.033437528107837185	0.10164	False
ENSG00000065491	TBC1D22B	False	0.4921960087543119	0.11297	False
ENSG00000065518	NDUFB4	False	0.18889321491375463	0.057318	False
ENSG00000065526	SPEN	False	0.013991501655796797	0.003381	False
ENSG00000065534	MYLK	False	0.07867027493992204	0.16684	False
ENSG00000065548	ZC3H15	False	0.058670373626648654	0.19777	False
ENSG00000065559	MAP2K4	False	0.4205232927592072	0.12879	False
ENSG00000065609	SNAP91	False	0.45909171971931617	0.1403	False
ENSG00000065613	SLK	False	0.15290837767067053	0.068738	False
ENSG00000065615	CYB5R4	False	0.027663954541179474	0.34614	False
ENSG00000065618	COL17A1	False	0.0010853841957369273	0.0047886	False
ENSG00000065621	GSTO2	False	0.3703266493975392	0.61024	False
ENSG00000065665	SEC61A2	False	0.332063624243463	0.19809	False
ENSG00000065675	PRKCQ	False	0.5419987769026902	0.48245	False
ENSG00000065717	TLE2	False	0.22689491851205523	0.14233	False
ENSG00000065802	ASB1	False	0.22515669292524834	0.069957	False
ENSG00000065809	FAM107B	False	0.6824150510471919	0.70842	False
ENSG00000065833	ME1	False	0.062196480224339	0.2902	False
ENSG00000065882	TBC1D1	False	0.28208256771808615	0.45679	False
ENSG00000065883	CDK13	True	0.0003299503356119006	0.10827	False
ENSG00000065911	MTHFD2	False	0.08308786266895334	0.099193	False
ENSG00000065970	FOXJ2	False	0.6176263161831932	0.27604	False
ENSG00000065978	YBX1	False	0.05165025518960127	0.1317	False
ENSG00000065989	PDE4A	False	0.2794911837336964	0.089007	False
ENSG00000066027	PPP2R5A	False	0.4252158285553507	0.044745	False
ENSG00000066032	CTNNA2	True	0.4351082506479713	0.12164	False
ENSG00000066056	TIE1	False	0.05518586287990315	0.17689	False
ENSG00000066084	DIP2B	False	0.11265503821579949	0.042559	False
ENSG00000066117	SMARCD1	False	0.11507750225682144	0.046553	False
ENSG00000066135	KDM4A	False	0.026540859412946295	0.16165	False
ENSG00000066136	NFYC	False	0.0033992610494965954	0.2258	False
ENSG00000066185	ZMYND12	False	0.36650616038788664	0.81858	False
ENSG00000066230	SLC9A3	False	0.20322601359280915	0.29507	False
ENSG00000066248	NGEF	False	0.13650261837120856	0.2604	False
ENSG00000066279	ASPM	True	0.08887517387577627	0.51089	False
ENSG00000066294	CD84	False	0.7113844064495538	0.42129	False
ENSG00000066322	ELOVL1	False	0.3402130163176431	0.2206	False
ENSG00000066336	SPI1	False	0.2222631064526906	0.58168	False
ENSG00000066382	MPPED2	False	0.6189591003323673	0.26731	False
ENSG00000066405	CLDN18	False	0.2150402623913104	0.28185	False
ENSG00000066422	ZBTB11	False	0.20791214255103807	0.13752	False
ENSG00000066427	ATXN3	False	0.1684738233814842	0.18816	False
ENSG00000066455	GOLGA5	False	0.4468779498685741	0.38339	False
ENSG00000066468	FGFR2	False	0.005068939024772598	0.19175	False
ENSG00000066557	LRRC40	False	0.03433445797680035	0.08997	False
ENSG00000066583	ISOC1	False	0.05504946827314101	0.066751	False
ENSG00000066629	EML1	True	0.3214796814432389	0.28127	False
ENSG00000066651	TRMT11	False	0.010260385283174411	0.033265	False
ENSG00000066654	THUMPD1	False	0.07640582736606613	0.24955	False
ENSG00000066697	MSANTD3	False	0.026731333792254407	0.12666	False
ENSG00000066735	KIF26A	False	0.197242718790611	0.28758	False
ENSG00000066739	ATG2B	False	0.024712463437892938	0.3108	False
ENSG00000066777	ARFGEF1	True	0.09402273554630486	0.013611	False
ENSG00000066813	ACSM2B	False	0.08983906665535592	0.033241	False
ENSG00000066827	ZFAT	False	0.22298449164804035	0.73777	False
ENSG00000066855	MTFR1	False	0.43275459436340435	0.068519	False
ENSG00000066923	STAG3	False	0.00031009750467619223	0.054418	False
ENSG00000066926	FECH	False	0.09609133595459617	0.25196	False
ENSG00000066933	MYO9A	False	0.09178978082702678	0.34491	False
ENSG00000067057	PFKP	False	0.39898393042632263	0.092619	False
ENSG00000067064	IDI1	False	0.13276601822288425	0.48789	False
ENSG00000067066	SP100	False	0.13580900028639845	0.18707	False
ENSG00000067082	KLF6	False	0.4741013866276209	0.42017	False
ENSG00000067113	PLPP1	False	0.0018007996936438419	0.10644	False
ENSG00000067141	NEO1	False	0.006972217611403298	0.35412	False
ENSG00000067167	TRAM1	False	0.4764320432598069	0.073761	False
ENSG00000067182	TNFRSF1A	False	0.4703594927170336		False
ENSG00000067191	CACNB1	False	0.49565556414740675	0.15507	False
ENSG00000067208	EVI5	False	0.4883792588891305	0.51537	False
ENSG00000067221	STOML1	False	0.15988278651161159	0.21779	False
ENSG00000067225	PKM	False	0.6815789607594309	0.38099	False
ENSG00000067248	DHX29	False	0.23920455910885033	0.067892	False
ENSG00000067334	DNTTIP2	False	0.052422876814284224	0.018418	False
ENSG00000067365	METTL22	False	0.364110631058776	0.099498	False
ENSG00000067369	TP53BP1	False	0.19963282303053922	0.18943	False
ENSG00000067533	RRP15	False	0.05475321077370444	0.12198	False
ENSG00000067596	DHX8	False	0.3008934969908455	0.25129	False
ENSG00000067606	PRKCZ	False	0.11197790494353368	0.15483	False
ENSG00000067704	IARS2	True	0.000718794284441328	0.046086	False
ENSG00000067715	SYT1	True	0.05760085474979084	0.12552	False
ENSG00000067798	NAV3	False	0.31944855814776296	0.37194	False
ENSG00000067836	ROGDI	True	0.07327050368297121	0.016348	False
ENSG00000067900	ROCK1	False	0.11399557861291573	0.16311	False
ENSG00000068001	HYAL2	False	0.019316449397002566	0.11506	False
ENSG00000068024	HDAC4	False	0.26030622247872687	0.0018214	False
ENSG00000068028	RASSF1	False	0.07552939392143418	0.074532	False
ENSG00000068078	FGFR3	True	0.05851100006923905	0.21025	False
ENSG00000068079	IFI35	False	0.31504917789993314	0.29095	False
ENSG00000068097	HEATR6	False	0.002804244827872213	0.095487	False
ENSG00000068120	COASY	False	0.5838046151908362	0.13499	False
ENSG00000068137	PLEKHH3	False	0.3512570516320763	0.020625	False
ENSG00000068305	MEF2A	False	0.6626979668810089	0.43288	False
ENSG00000068383	INPP5A	False	0.0013511098927090502	0.20757	False
ENSG00000068489	PRR11	False	6.513167494445914e-05	0.017398	False
ENSG00000068615	REEP1	False	0.06221909311154564	0.27531	False
ENSG00000068650	ATP11A	False	0.4623610537414927	0.13037	False
ENSG00000068654	POLR1A	True	0.36761188512019977	0.063928	False
ENSG00000068697	LAPTM4A	False	0.019838075650623115	0.4926	False
ENSG00000068724	TTC7A	False	0.2488240510146416	0.44554	False
ENSG00000068745	IP6K2	False	0.3125249910389261	0.077854	False
ENSG00000068784	SRBD1	False	0.08635720441673278	0.55029	False
ENSG00000068796	KIF2A	True	0.0013345214842315654	0.069083	False
ENSG00000068831	RASGRP2	False	0.580214484204022	0.63096	False
ENSG00000068878	PSME4	False	0.0010853892242085998	0.023426	False
ENSG00000068885	IFT80	False	0.3445802449496167	0.077096	False
ENSG00000068903	SIRT2	False	0.2108957223542604	0.46902	False
ENSG00000068912	ERLEC1	False	0.22082750025230566	0.23084	False
ENSG00000068971	PPP2R5B	False	0.5671050879690618	0.21193	False
ENSG00000068976	PYGM	False	0.23125998583002252	0.28032	False
ENSG00000069011	PITX1	False	0.39512556121949216	0.082867	False
ENSG00000069018	TRPC7	False	0.37297132191621823	0.0048026	False
ENSG00000069020	MAST4	True	0.0020662960967568257	0.051924	False
ENSG00000069122	ADGRF5	False	0.07810564027597446	0.28132	False
ENSG00000069188	SDK2	False	0.0010269155401030718	0.16465	False
ENSG00000069206	ADAM7	False	0.05963180795790158	0.21446	False
ENSG00000069248	NUP133	False	0.04043596256035165	0.39498	False
ENSG00000069275	NUCKS1	False	0.017419068384424596	0.050864	False
ENSG00000069329	VPS35	False	0.05588676980026836	0.062458	False
ENSG00000069345	DNAJA2	False	0.013482485880575247	0.034843	False
ENSG00000069399	BCL3	False	0.10995856539698974	0.20999	False
ENSG00000069424	KCNAB2	False	0.27303071425348796	0.20166	False
ENSG00000069431	ABCC9	True	0.017674106944024232	0.013077	False
ENSG00000069493	CLEC2D	False	0.14749685171751847	0.3271	False
ENSG00000069667	RORA	True	0.0004866545220454246	0.058099	False
ENSG00000069696	DRD4	False	0.39049109652491804	0.57052	False
ENSG00000069702	TGFBR3	False	0.250799442307944	0.22607	False
ENSG00000069849	ATP1B3	False	0.1188371363586875		False
ENSG00000069869	NEDD4	False	0.14522349186991096	0.33567	False
ENSG00000069943	PIGB	True	0.21112108612501485	0.083702	False
ENSG00000069956	MAPK6	False	0.2625684409877017	0.14808	False
ENSG00000069966	GNB5	True	0.17277106478062176	0.040894	False
ENSG00000069974	RAB27A	False	0.2809141417252153	0.81076	False
ENSG00000069998	HDHD5	False	0.399126005351956	0.037893	False
ENSG00000070010	UFD1	False	0.2090851302285277	0.074483	False
ENSG00000070018	LRP6	False	0.30674366038828194	0.26134	False
ENSG00000070019	GUCY2C	False	0.14215998319855846	0.088038	False
ENSG00000070031	SCT	False	0.5204667899286054	0.41994	False
ENSG00000070047	PHRF1	False	0.014710463497100144	0.044873	False
ENSG00000070061	ELP1	False	0.3852698781946928	0.34868	False
ENSG00000070081	NUCB2	False	0.34642728052970784	0.076087	False
ENSG00000070159	PTPN3	False	0.055812099575312024	0.19873	False
ENSG00000070182	SPTB	False	0.18273630778309408	0.14801	False
ENSG00000070190	DAPP1	False	0.1447225035752509	0.15606	False
ENSG00000070193	FGF10	False	0.23833947539690406	0.086011	False
ENSG00000070214	SLC44A1	False	0.07633693422839866	0.015031	False
ENSG00000070269	TMEM260	False	0.0006931111203307068	0.0042938	False
ENSG00000070366	SMG6	False	0.09353911773688674	0.17929	False
ENSG00000070367	EXOC5	False	0.24055193663339083	0.13483	False
ENSG00000070371	CLTCL1	False	0.05510005082796449	0.19443	False
ENSG00000070388	FGF22	False	0.07655458405926403		False
ENSG00000070404	FSTL3	False	0.009248528418210982	0.13088	False
ENSG00000070413	DGCR2	False	0.10542430273962596	0.088703	False
ENSG00000070423	RNF126	False	0.0022199487385600606	0.32749	False
ENSG00000070444	MNT	False	0.28362754019143793		False
ENSG00000070476	ZXDC	False	0.5699275274096515	0.11583	False
ENSG00000070495	JMJD6	False	0.7848467224640464	0.0077369	False
ENSG00000070526	ST6GALNAC1	False	0.30797665380450384	0.087057	False
ENSG00000070540	WIPI1	False	0.03231521314922718	0.19223	False
ENSG00000070601	FRMPD1	False	0.28906216920447725	0.06016	False
ENSG00000070610	GBA2	False	0.02057282614922821	0.24931	False
ENSG00000070614	NDST1	True	0.17435881580009147	0.13864	False
ENSG00000070669	ASNS	True	0.248411551839511	0.30524	False
ENSG00000070718	AP3M2	False	0.0013875888051689195	0.14075	False
ENSG00000070729	CNGB1	False	0.0916754091190385	0.67776	False
ENSG00000070731	ST6GALNAC2	False	0.017605645616858734	0.011107	False
ENSG00000070748	CHAT	False	0.009474103601324016	0.47409	False
ENSG00000070756	PABPC1	False	0.011381636938812794	0.14399	False
ENSG00000070759	TESK2	False	0.005416578375889143	0.30958	False
ENSG00000070761	CFAP20	False	0.12670475142259352	0.091032	False
ENSG00000070770	CSNK2A2	False	0.42247447054229526	0.14699	False
ENSG00000070778	PTPN21	False	0.6135958629906808	0.39543	False
ENSG00000070785	EIF2B3	True	0.04187892122524561	0.041268	False
ENSG00000070808	CAMK2A	True	0.2664115776799944	0.10032	False
ENSG00000070814	TCOF1	False	0.2085688741000743	0.29617	False
ENSG00000070882	OSBPL3	False	0.24435325519671297	0.47107	False
ENSG00000070886	EPHA8	False	0.009147470737234608	0.75677	False
ENSG00000070915	SLC12A3	False	0.17552372600684435	0.18889	False
ENSG00000070950	RAD18	False	0.6164723392193432	0.4196	False
ENSG00000070961	ATP2B1	True	0.016413475014487096	0.11184	False
ENSG00000070985	TRPM5	False	0.051100070290052826	0.0051585	False
ENSG00000071051	NCK2	False	0.3973609747018611	0.33062	False
ENSG00000071054	MAP4K4	False	0.024165379595150197	0.1868	False
ENSG00000071073	MGAT4A	False	0.059987834747455435	0.12558	False
ENSG00000071082	RPL31	False	0.2606752632749811	0.389	False
ENSG00000071127	WDR1	False	0.23227372042004876		False
ENSG00000071189	SNX13	False	0.315163474268189	0.092614	False
ENSG00000071203	MS4A12	False	0.12301412649965295	0.066848	False
ENSG00000071205	ARHGAP10	False	0.12975203328498244	0.067845	False
ENSG00000071242	RPS6KA2	False	0.03355847500940861	0.28742	False
ENSG00000071243	ING3	False	0.10510355057838099	0.038719	False
ENSG00000071246	VASH1	False	0.2078728687930557	0.22026	False
ENSG00000071282	LMCD1	False	0.09357248844717715	0.2272	False
ENSG00000071462	BUD23	False	0.6315056045378807	0.034222	False
ENSG00000071537	SEL1L	False	0.042494698599964346	0.47914	False
ENSG00000071539	TRIP13	False	0.054103021666336786		False
ENSG00000071564	TCF3	False	0.03778218745747522	0.16801	False
ENSG00000071575	TRIB2	False	0.0209432711764326	0.0072817	False
ENSG00000071626	DAZAP1	False	0.0837747893287414	0.068803	False
ENSG00000071655	MBD3	False	0.2729036299079526	0.13943	False
ENSG00000071677	PRLH	False	0.025483354363561656	0.13863	False
ENSG00000071794	HLTF	False	0.1883118912899259	0.13067	False
ENSG00000071894	CPSF1	False	0.36231485817330994	0.085831	False
ENSG00000071909	MYO3B	False	0.4150792510011695	0.28467	False
ENSG00000071967	CYBRD1	False	0.4822365902125175	0.38233	False
ENSG00000071991	CDH19	False	0.3189466664848397	0.11947	False
ENSG00000071994	PDCD2	False	0.4235962960376659	0.232	False
ENSG00000072041	SLC6A15	False	0.06372251163982197	0.05806	False
ENSG00000072042	RDH11	False	0.0784459843350211	0.26571	False
ENSG00000072062	PRKACA	False	0.000131790656288686	0.15907	False
ENSG00000072071	ADGRL1	True	0.013683918788095172	0.20241	False
ENSG00000072080	SPP2	False	0.24784082429340915	0.21024	False
ENSG00000072110	ACTN1	False	0.020710190072210095	0.021619	False
ENSG00000072121	ZFYVE26	False	0.21439074515862575	0.16921	False
ENSG00000072134	EPN2	False	0.8345959487984157	0.17303	False
ENSG00000072135	PTPN18	False	0.18193060053170035	0.27627	False
ENSG00000072163	LIMS2	False	0.7250471697072125	0.74093	False
ENSG00000072195	SPEG	False	0.029151334179914078	0.1464	False
ENSG00000072201	LNX1	False	0.36232775484326113	0.73694	False
ENSG00000072210	ALDH3A2	True	0.6640886890016253	0.31686	False
ENSG00000072274	TFRC	False	0.1959916107973202	0.0094592	False
ENSG00000072310	SREBF1	False	0.43554099799190205	0.17528	False
ENSG00000072364	AFF4	False	0.35304372162779285	0.29078	False
ENSG00000072422	RHOBTB1	False	0.14500595121717988	0.16041	False
ENSG00000072518	MARK2	True	0.008254914667736951	0.0016596	False
ENSG00000072571	HMMR	False	0.360167597963102	0.080868	False
ENSG00000072609	CHFR	False	0.3859276693543712	0.2052	False
ENSG00000072682	P4HA2	False	0.055368199535977616	0.22386	False
ENSG00000072694	FCGR2B	False	0.4040602561618955	0.22134	False
ENSG00000072736	NFATC3	False	0.24019485673998173	0.070211	False
ENSG00000072756	TRNT1	False	0.03270656788304601	0.25477	False
ENSG00000072778	ACADVL	False	0.49385654676908275	0.26324	False
ENSG00000072786	STK10	False	0.23429224718553635	0.17139	False
ENSG00000072803	FBXW11	False	0.03644451578803395	0.0064527	False
ENSG00000072818	ACAP1	False	0.0919874368518526	0.067266	False
ENSG00000072832	CRMP1	False	0.15197581976942684		False
ENSG00000072840	EVC	False	0.02684878343228191	0.14013	False
ENSG00000072849	DERL2	False	0.2026505921119409	0.013092	False
ENSG00000072858	SIDT1	False	0.008655959878199618	0.0025669	False
ENSG00000072864	NDE1	True	0.00848611202147873	0.16941	False
ENSG00000072954	TMEM38A	False	0.23147120780810782	0.14512	False
ENSG00000072958	AP1M1	False	0.11264864529185382	0.09747	False
ENSG00000073008	PVR	False	0.632529313834449	0.45733	False
ENSG00000073050	XRCC1	False	0.1115573151923281	0.036445	False
ENSG00000073060	SCARB1	False	0.27367995345337737	0.12543	False
ENSG00000073067	CYP2W1	False	0.06727324603479438	0.32495	False
ENSG00000073111	MCM2	False	0.09092655381731525	0.010754	False
ENSG00000073146	MOV10L1	False	0.0013628644857027234	0.22059	False
ENSG00000073150	PANX2	False	0.06548274373417576	0.21962	False
ENSG00000073169	SELENOO	False	0.21027634596522124	0.10306	False
ENSG00000073282	TP63	False	0.5521262538588431	0.25128	False
ENSG00000073331	ALPK1	False	0.015497266585548527	0.12144	False
ENSG00000073350	LLGL2	False	0.10229449907072442	0.30748	False
ENSG00000073417	PDE8A	False	0.1974423460366046	0.079696	False
ENSG00000073536	NLE1	False	0.23249713429093166	0.18077	False
ENSG00000073578	SDHA	True	0.007277881874304138	0.17362	False
ENSG00000073584	SMARCE1	True	0.5428400190081766	0.11262	False
ENSG00000073598	FNDC8	False	0.5354116110454903	0.29175	False
ENSG00000073605	GSDMB	False	0.5212267671364181	0.3191	False
ENSG00000073614	KDM5A	True	0.5003029936645081	0.26989	False
ENSG00000073670	ADAM11	False	0.42955347784639464	0.02893	False
ENSG00000073711	PPP2R3A	False	0.013171824529770594	0.082285	False
ENSG00000073712	FERMT2	False	0.5908528366661512	0.17756	False
ENSG00000073734	ABCB11	False	0.045502244663244804	0.2264	False
ENSG00000073737	DHRS9	False	0.007397099324359082	0.24659	False
ENSG00000073754	CD5L	False	0.0821317291304532	0.73731	False
ENSG00000073756	PTGS2	False	0.29623882608639235	0.11876	False
ENSG00000073792	IGF2BP2	False	0.11417703118130314	0.49584	False
ENSG00000073803	MAP3K13	False	0.032951230027337255	0.1074	False
ENSG00000073849	ST6GAL1	False	0.2763105004113851	0.029368	False
ENSG00000073861	TBX21	False	0.24656983675886623	0.23668	False
ENSG00000073910	FRY	False	0.008716507452865023	0.18929	False
ENSG00000073921	PICALM	False	0.024258413480383937	0.29279	False
ENSG00000073969	NSF	True	0.08695647499284116	0.15182	False
ENSG00000074047	GLI2	False	0.49921457225867927	0.39689	False
ENSG00000074071	MRPS34	False	0.6020419035888003	0.16548	False
ENSG00000074181	NOTCH3	False	0.579686656596142	0.069816	False
ENSG00000074201	CLNS1A	False	0.3045392250245957	0.20716	False
ENSG00000074211	PPP2R2C	False	0.003388670306369635	0.11483	False
ENSG00000074219	TEAD2	False	0.34206232915007445	0.51777	False
ENSG00000074266	EED	True	0.049496155445711336	0.20767	False
ENSG00000074276	CDHR2	False	0.012011223388244044	0.10243	False
ENSG00000074317	SNCB	False	0.30716834840078944	0.71315	False
ENSG00000074319	TSG101	False	0.5434920664807277	0.40382	False
ENSG00000074356	NCBP3	False	0.1079126141638059	0.0071571	False
ENSG00000074370	ATP2A3	False	0.04811670391133281	0.099242	False
ENSG00000074410	CA12	False	0.7619102317046251	0.75867	False
ENSG00000074416	MGLL	False	0.3081412712393134	0.25134	False
ENSG00000074527	NTN4	False	0.21357260048142948	0.22313	False
ENSG00000074582	BCS1L	True	0.03278874325852708	0.037125	False
ENSG00000074590	NUAK1	False	0.2392368700545381	0.44411	False
ENSG00000074603	DPP8	False	0.23223388789027297	0.23098	False
ENSG00000074621	SLC24A1	False	0.17794543886529657	0.39753	False
ENSG00000074657	ZNF532	False	0.0237494818078678	0.0023589	False
ENSG00000074660	SCARF1	False	0.08159989166682759	0.44951	False
ENSG00000074695	LMAN1	False	0.1448216897172231	0.21331	False
ENSG00000074696	HACD3	False	0.658913223663703	0.082492	False
ENSG00000074706	IPCEF1	False	0.6649367136968998	0.49937	False
ENSG00000074755	ZZEF1	False	0.13080279438608058	0.095161	False
ENSG00000074771	NOX3	False	0.3602535461945333	0.24416	False
ENSG00000074800	ENO1	False	0.24526062748035418	0.62335	False
ENSG00000074803	SLC12A1	False	0.0002053530439004704	0.053888	False
ENSG00000074842	MYDGF	False	0.022096901287958538	0.10238	False
ENSG00000074855	ANO8	False	0.5569721727555581	0.45037	False
ENSG00000074935	TUBE1	False	0.1633278106524811	0.011905	False
ENSG00000074964	ARHGEF10L	False	0.0022375790393262263	0.052489	False
ENSG00000074966	TXK	False	0.4787612624833778	0.57162	False
ENSG00000075035	WSCD2	False	0.2894986427572695	0.13565	False
ENSG00000075043	KCNQ2	True	4.447589144401546e-09	0.006367	True
ENSG00000075073	TACR2	False	0.38063894304464624	0.20306	False
ENSG00000075089	ACTR6	False	0.1967681382555413	0.25689	False
ENSG00000075131	TIPIN	False	0.611693052311814	0.33596	False
ENSG00000075142	SRI	False	0.31877483173380244	0.14513	False
ENSG00000075151	EIF4G3	False	0.4182645899220321	0.25297	False
ENSG00000075188	NUP37	False	0.7014460627869277	0.014043	False
ENSG00000075213	SEMA3A	False	0.06449437005273112	0.41044	False
ENSG00000075218	GTSE1	False	0.011301537672299813	0.134	False
ENSG00000075223	SEMA3C	False	0.4997797348608445	0.37424	False
ENSG00000075234	TTC38	False	0.3834547039752213	0.2794	False
ENSG00000075239	ACAT1	False	0.2683030803168195	0.50763	False
ENSG00000075240	GRAMD4	False	0.03066591783122068	0.21024	False
ENSG00000075275	CELSR1	False	0.01244921580838818	0.027427	False
ENSG00000075290	WNT8B	False	0.44254277246577567	0.36366	False
ENSG00000075292	ZNF638	False	0.12107872801397394	0.20589	False
ENSG00000075303	SLC25A40	False	0.00045610554946369974	0.084087	False
ENSG00000075336	TIMM21	False	0.5461531861889849	0.40758	False
ENSG00000075340	ADD2	False	0.418543901054245	0.49101	False
ENSG00000075388	FGF4	False	0.2901633787327443	0.44831	False
ENSG00000075391	RASAL2	False	0.36812795043454866	0.27316	False
ENSG00000075399	VPS9D1	False	0.598800723053208	0.061502	False
ENSG00000075407	ZNF37A	False	0.05500632100445711	0.23102	False
ENSG00000075413	MARK3	False	0.005069651657230254	0.095199	False
ENSG00000075415	SLC25A3	False	0.03243244668582233	0.59226	False
ENSG00000075420	FNDC3B	False	0.6531384169944585	0.25853	False
ENSG00000075426	FOSL2	False	0.0399744036767211	0.0038904	False
ENSG00000075429	CACNG5	False	0.06380957192063674	0.52328	False
ENSG00000075461	CACNG4	False	0.02470219655628452	0.10199	False
ENSG00000075539	FRYL	True	0.12366105269493376	0.0073299	False
ENSG00000075568	TMEM131	False	0.5023481056678103	0.18115	False
ENSG00000075618	FSCN1	False	0.06570484478549314	0.24317	False
ENSG00000075643	MOCOS	False	0.270313207932475	0.35993	False
ENSG00000075651	PLD1	False	0.0359263255757503	0.1022	False
ENSG00000075673	ATP12A	False	0.04721813937431219	0.43883	False
ENSG00000075702	WDR62	True	0.000426697899001367	0.13867	False
ENSG00000075711	DLG1	False	0.11058886862745587	0.1585	False
ENSG00000075785	RAB7A	False	0.06977581443753038	0.18222	False
ENSG00000075790	BCAP29	False	0.20013968539688487	0.066208	False
ENSG00000075826	SEC31B	False	0.21047791910837943	0.76813	False
ENSG00000075856	SART3	False	0.2880164332503691	0.13292	False
ENSG00000075884	ARHGAP15	False	0.13241777606031052	0.52772	False
ENSG00000075886	TUBA3D	False	0.3638353735622241	0.28479	False
ENSG00000075891	PAX2	False	0.2030861353504974	0.030163	False
ENSG00000075914	EXOSC7	False	0.7191813453873048	0.15679	False
ENSG00000075945	KIFAP3	False	0.017297027573391036	0.17657	False
ENSG00000075975	MKRN2	False	0.5084952317476932	0.082788	False
ENSG00000076003	MCM6	False	0.08073687599442866	0.4981	False
ENSG00000076043	REXO2	False	0.08475267344479596	0.18111	False
ENSG00000076053	RBM7	False	0.31528348264920264	0.3872	False
ENSG00000076067	RBMS2	False	0.0662172602236686	0.29539	False
ENSG00000076108	BAZ2A	False	0.009593031345833744	0.059469	False
ENSG00000076201	PTPN23	True	0.10956170226293081	0.28424	False
ENSG00000076242	MLH1	False	0.005741291780492886	0.018111	False
ENSG00000076248	UNG	False	0.09708060666748211	0.064626	False
ENSG00000076258	FMO4	False	0.3006706935795119	0.67961	False
ENSG00000076321	KLHL20	True	0.2894172293817164	0.03612	False
ENSG00000076344	RGS11	False	0.025425933344015137	0.067369	False
ENSG00000076351	SLC46A1	True	0.003113835972871713	0.017773	False
ENSG00000076356	PLXNA2	False	0.01869720218790362	0.34965	False
ENSG00000076382	SPAG5	False	0.35862311925345747	0.23222	False
ENSG00000076513	ANKRD13A	False	0.3205234128679777	0.14849	False
ENSG00000076555	ACACB	False	0.5231561965545182	0.20411	False
ENSG00000076604	TRAF4	False	0.4866785396554879	0.066074	False
ENSG00000076641	PAG1	False	0.0003282952907240493	0.38156	False
ENSG00000076650	GPATCH1	False	0.3543548170802809	0.33578	False
ENSG00000076662	ICAM3	False	0.38506828541929805	0.31027	False
ENSG00000076685	NT5C2	False	0.22886042348292635	0.25686	False
ENSG00000076706	MCAM	False	0.22088911402282416	0.32519	False
ENSG00000076826	CAMSAP3	False	0.05840480564906369	0.07688	False
ENSG00000076864	RAP1GAP	False	0.15048835808442712	0.11172	False
ENSG00000076924	XAB2	False	0.11596253489447159	0.29846	False
ENSG00000076928	ARHGEF1	False	0.005905804961457846	0.086754	False
ENSG00000076944	STXBP2	False	0.013268211396179046	0.27638	False
ENSG00000076984	MAP2K7	False	0.5355884780167364	0.20139	False
ENSG00000077009	NMRK2	False	0.021987864065654426	0.05722	False
ENSG00000077044	DGKD	False	0.2710775482379857	0.22023	False
ENSG00000077063	CTTNBP2	False	0.09691395521938416	0.016226	False
ENSG00000077080	ACTL6B	True	0.0715217230973333	0.026169	False
ENSG00000077092	RARB	False	0.31605636090269124	0.076671	False
ENSG00000077097	TOP2B	False	0.051957128476031476	0.006303	False
ENSG00000077147	TM9SF3	False	0.03449512036549625	0.0042	False
ENSG00000077150	NFKB2	False	0.09539994446949922	0.082263	False
ENSG00000077152	UBE2T	False	0.5076790566783023	0.11988	False
ENSG00000077157	PPP1R12B	False	0.1825416906269382	0.16875	False
ENSG00000077232	DNAJC10	False	0.6458462735024697	0.66084	False
ENSG00000077235	GTF3C1	False	0.008951637548351274	0.059364	False
ENSG00000077238	IL4R	False	0.19410699726145642	0.090419	False
ENSG00000077254	USP33	False	0.12662317213735774	0.15672	False
ENSG00000077312	SNRPA	False	0.022047360712863028	0.10597	False
ENSG00000077327	SPAG6	False	0.16113259535876173	0.052136	False
ENSG00000077348	EXOSC5	False	0.6041370808073104	0.25986	False
ENSG00000077380	DYNC1I2	False	0.0012809868711780973	0.15926	False
ENSG00000077420	APBB1IP	False	0.18714035858073683	0.437	False
ENSG00000077454	LRCH4	False	0.20592349224163767	0.090247	False
ENSG00000077458	FAM76B	False	0.635771517863357	0.066192	False
ENSG00000077463	SIRT6	False	0.1782705669532354	0.50541	False
ENSG00000077498	TYR	False	0.7152651819348603	0.37543	False
ENSG00000077514	POLD3	False	0.3132682920867642	0.013316	False
ENSG00000077522	ACTN2	False	0.23137030852117776	0.040495	False
ENSG00000077549	CAPZB	False	0.2122567822585266	0.0008401	False
ENSG00000077585	GPR137B	False	0.13829884771773682	0.053148	False
ENSG00000077616	NAALAD2	False	0.1852802744712363	0.38003	False
ENSG00000077684	JADE1	False	0.24821519892148808	0.042799	False
ENSG00000077782	FGFR1	False	0.08159824577544157	0.073512	False
ENSG00000077800	FKBP6	False	0.2092965522337954	0.21131	False
ENSG00000077935	SMC1B	False	0.01546487181137728	0.079187	False
ENSG00000077942	FBLN1	False	0.00883644625911703	0.15241	False
ENSG00000077943	ITGA8	False	0.18531758490005656	0.188	False
ENSG00000077984	CST7	False	0.3126245067420432	0.26053	False
ENSG00000078018	MAP2	False	0.15127396079159292	0.050762	False
ENSG00000078043	PIAS2	False	0.05053609381710538	0.098013	False
ENSG00000078053	AMPH	False	0.29522959182777686	0.065079	False
ENSG00000078070	MCCC1	False	0.04107906229774197	0.20185	False
ENSG00000078081	LAMP3	False	0.4461026883215764	0.688	False
ENSG00000078098	FAP	False	0.11525045797954662	0.18396	False
ENSG00000078114	NEBL	False	0.12740234836472805	0.068787	False
ENSG00000078124	ACER3	False	0.23893847456574482	0.29129	False
ENSG00000078142	PIK3C3	False	0.5384071519061857	0.2855	False
ENSG00000078177	N4BP2	False	0.2642514876616034	0.35387	False
ENSG00000078237	TIGAR	False	0.24968210615330394	0.4696	False
ENSG00000078246	TULP3	False	0.2737896741841974	0.073624	False
ENSG00000078269	SYNJ2	False	0.0069720971379548975	0.22495	False
ENSG00000078295	ADCY2	False	0.5646052593612295	0.019001	False
ENSG00000078304	PPP2R5C	True	0.4657902261420348	0.29501	False
ENSG00000078328	RBFOX1	False	0.0028160264274699706	0.10109	False
ENSG00000078399	HOXA9	False	0.19097083683106175	0.30097	False
ENSG00000078401	EDN1	False	0.0024914584092134945	0.43531	False
ENSG00000078403	MLLT10	False	0.14444508409056403	0.032272	False
ENSG00000078487	ZCWPW1	False	0.3972747711025107	0.15665	False
ENSG00000078549	ADCYAP1R1	False	0.3601957811641369	0.13589	False
ENSG00000078579	FGF20	False	0.4757454558958629	0.22432	False
ENSG00000078618	NRDC	False	0.5849841372418827	0.74033	False
ENSG00000078668	VDAC3	False	0.14572646345790585	0.084604	False
ENSG00000078674	PCM1	False	0.5295967254061578	0.15255	False
ENSG00000078687	TNRC6C	False	0.11991431644743653	0.23667	False
ENSG00000078699	CBFA2T2	False	0.16046581280249783	0.21842	False
ENSG00000078725	BRINP1	False	0.004831427642484812	0.012568	False
ENSG00000078747	ITCH	False	0.11958433171216823	0.061883	False
ENSG00000078795	PKD2L2	False	0.02896965457450891	0.35912	False
ENSG00000078804	TP53INP2	False	0.0014880808488379467	0.22784	False
ENSG00000078898	BPIFB2	False	0.2690283750980379	0.59993	False
ENSG00000078900	TP73	False	0.02357276387142104	0.00055154	False
ENSG00000078902	TOLLIP	False	0.038236143890992356	0.4325	False
ENSG00000078967	UBE2D4	False	0.12225768909295402	0.15563	False
ENSG00000079101	CLUL1	False	0.019543528274788165	0.041315	False
ENSG00000079102	RUNX1T1	False	0.6699932758239086	0.13085	False
ENSG00000079112	CDH17	False	0.0337637353692683	0.12007	False
ENSG00000079134	THOC1	False	0.22352460434994834	0.29144	False
ENSG00000079150	FKBP7	False	0.1847550033109929	0.030918	False
ENSG00000079156	OSBPL6	False	0.05076779678501265	0.41801	False
ENSG00000079215	SLC1A3	False	0.5403308857290632	0.66901	False
ENSG00000079246	XRCC5	False	0.13152983294970252	0.16293	False
ENSG00000079257	LXN	False	0.14071452717375546	0.28529	False
ENSG00000079263	SP140	False	0.3700921261930336	0.15438	False
ENSG00000079308	TNS1	False	0.12947321690205385	0.052602	False
ENSG00000079313	REXO1	False	0.19402657658870517	0.109	False
ENSG00000079335	CDC14A	False	0.037506851661355436	0.11381	False
ENSG00000079337	RAPGEF3	False	0.44939790928042567	0.36527	False
ENSG00000079385	CEACAM1	False	0.17268181293820198	0.04795	False
ENSG00000079387	SENP1	False	0.00025634464181055575	0.0015111	False
ENSG00000079393	DUSP13	False	0.19216410822563063	0.59892	False
ENSG00000079432	CIC	True	0.004365435694214999	0.013755	False
ENSG00000079435	LIPE	False	0.28147255589139175	0.11463	False
ENSG00000079459	FDFT1	True	0.05382209156271032	0.054811	False
ENSG00000079462	PAFAH1B3	False	0.28080265104641317	0.27776	False
ENSG00000079557	AFM	False	0.7775535991687237	0.23656	False
ENSG00000079616	KIF22	False	0.7265899822074318	0.45709	False
ENSG00000079689	SCGN	False	0.04309798415562265	0.04561	False
ENSG00000079691	CARMIL1	False	0.024860625469951415	0.29408	False
ENSG00000079739	PGM1	False	0.15052654688064393	0.26845	False
ENSG00000079785	DDX1	False	0.2598942152700455	0.4289	False
ENSG00000079805	DNM2	False	0.19275749837076114	0.19117	False
ENSG00000079819	EPB41L2	False	0.30864198456339614	0.54843	False
ENSG00000079841	RIMS1	False	0.0010460525356111678	0.1	False
ENSG00000079931	MOXD1	False	0.1287098553606514	0.31834	False
ENSG00000079950	STX7	False	0.8716853323169814	0.55453	False
ENSG00000079974	RABL2B	False	0.26986096769584883	0.11413	False
ENSG00000079999	KEAP1	False	0.13824361346467548	0.0086216	False
ENSG00000080007	DDX43	False	0.05600038531889374	0.39598	False
ENSG00000080031	PTPRH	False	0.0002838309458904952	0.49417	False
ENSG00000080166	DCT	False	0.06950520390724925	0.10576	False
ENSG00000080189	SLC35C2	False	0.0990672598252648	0.38958	False
ENSG00000080224	EPHA6	False	0.06919082728567036	0.17378	False
ENSG00000080293	SCTR	False	0.17416131124662623	0.11421	False
ENSG00000080298	RFX3	True	0.21329049662881613	0.22282	False
ENSG00000080345	RIF1	False	0.09534456698318639	0.17551	False
ENSG00000080371	RAB21	False	0.9828624500350785	0.34766	False
ENSG00000080493	SLC4A4	False	0.003814381766404223	0.069096	False
ENSG00000080503	SMARCA2	True	0.2354624373009277	0.25445	False
ENSG00000080546	SESN1	False	0.5422844309864148	0.19695	False
ENSG00000080573	COL5A3	False	0.22885172638770182	0.063061	False
ENSG00000080603	SRCAP	True	0.2537563444049555		False
ENSG00000080608	PUM3	False	0.20515921126338338	0.012002	False
ENSG00000080618	CPB2	False	0.5976204102526965	0.38686	False
ENSG00000080644	CHRNA3	False	0.17793995874852517	0.40369	False
ENSG00000080709	KCNN2	True	0.28426730090681757	0.092863	False
ENSG00000080802	CNOT4	False	0.019316559497829882	0.16342	False
ENSG00000080815	PSEN1	False	0.0906505390720511	0.2804	False
ENSG00000080819	CPOX	False	0.5438547131562532	0.15142	False
ENSG00000080822	CLDND1	False	0.7076489362387475	0.36054	False
ENSG00000080823	MOK	False	2.248190109446812e-05	0.07642	False
ENSG00000080824	HSP90AA1	False	0.08113213927564968	0.32992	False
ENSG00000080839	RBL1	False	0.39297603316978463	0.6273	False
ENSG00000080845	DLGAP4	False	0.12324931855674558	0.09441	False
ENSG00000080854	IGSF9B	False	0.02840311254206855	0.24558	False
ENSG00000080910	CFHR2	False	0.0649340544502171	0.16364	False
ENSG00000080986	NDC80	False	0.0034446964351758026	0.024758	False
ENSG00000081014	AP4E1	False	0.23872100179245423	0.16662	False
ENSG00000081019	RSBN1	False	0.10193012128993738	0.08005	False
ENSG00000081026	MAGI3	False	0.36678218238710064	0.030794	False
ENSG00000081041	CXCL2	False	0.5208153205717274	0.074847	False
ENSG00000081051	AFP	False	0.01409047953675556	0.17872	False
ENSG00000081052	COL4A4	False	0.7637528462804558	0.28828	False
ENSG00000081059	TCF7	False	0.20967375851947218	0.14861	False
ENSG00000081087	OSTM1	False	0.08454556368648487	0.19253	False
ENSG00000081138	CDH7	False	0.2170903423660692	0.40578	False
ENSG00000081148	IMPG2	False	0.04670780756425759	0.17733	False
ENSG00000081154	PCNP	False	0.25977707832861924	0.35272	False
ENSG00000081177	EXD2	False	0.15623103496480958	0.31276	False
ENSG00000081181	ARG2	False	0.25366228532199553	0.45261	False
ENSG00000081189	MEF2C	True	0.16440950518788464	0.14445	False
ENSG00000081237	PTPRC	False	0.06888220092174983	0.52057	False
ENSG00000081248	CACNA1S	False	0.014676651688267421	0.13461	False
ENSG00000081277	PKP1	False	0.6621332998159188	0.47757	False
ENSG00000081307	UBA5	True	0.10088389363347344	0.45621	False
ENSG00000081320	STK17B	False	0.016337784967522903	0.28922	False
ENSG00000081377	CDC14B	False	0.2822269617268021	0.38354	False
ENSG00000081386	ZNF510	False	0.5484464481873617	0.54508	False
ENSG00000081479	LRP2	False	0.01921631848053361	0.12109	False
ENSG00000081665	ZNF506	False	0.10430483382246862	0.063773	False
ENSG00000081721	DUSP12	False	0.043261717806820726	0.048659	False
ENSG00000081760	AACS	False	0.017062284670934038	0.027368	False
ENSG00000081791	DELE1	False	0.15308737015518947	0.41452	False
ENSG00000081800	SLC13A1	False	0.03580441843995662	0.015388	False
ENSG00000081803	CADPS2	False	0.16797740152784468	0.055576	False
ENSG00000081818	PCDHB4	False	0.10692861375617871		False
ENSG00000081842	PCDHA6	False	0.001105094426760711	0.0020603	False
ENSG00000081853	PCDHGA2	False	0.7371481601502349	0.26702	False
ENSG00000081913	PHLPP1	False	0.18385143638073587	0.083434	False
ENSG00000081923	ATP8B1	False	0.07874917161644349	0.29673	False
ENSG00000081985	IL12RB2	False	0.4096462259932958	0.12383	False
ENSG00000082014	SMARCD3	False	0.012975811244770626	0.11858	False
ENSG00000082068	WDR70	False	0.061029523289132484	0.020678	False
ENSG00000082074	FYB1	False	0.214996715947347	0.19836	False
ENSG00000082126	MPP4	False	0.048355438483720266	0.10906	False
ENSG00000082146	STRADB	False	0.18608396287886445	0.41554	False
ENSG00000082153	BZW1	False	0.07132925731301543	0.22232	False
ENSG00000082175	PGR	False	0.24969598057552223	0.30022	False
ENSG00000082196	C1QTNF3	False	0.06310230529044085	0.63211	False
ENSG00000082212	ME2	False	0.34538842436741185	0.032479	False
ENSG00000082213	C5orf22	False	0.008968377628432472	0.44007	False
ENSG00000082258	CCNT2	False	0.28162201748154964	0.13037	False
ENSG00000082269	FAM135A	False	0.012163473715325675	0.10205	False
ENSG00000082293	COL19A1	False	0.29692958762033017	0.085503	False
ENSG00000082397	EPB41L3	True	0.007412320318907642	0.017425	False
ENSG00000082438	COBLL1	False	0.1022029042023637	0.003774	False
ENSG00000082482	KCNK2	False	0.019187936045412506	0.46859	False
ENSG00000082497	SERTAD4	False	0.013803309220086834	0.0014586	False
ENSG00000082512	TRAF5	False	0.27105250149965554	0.38538	False
ENSG00000082515	MRPL22	False	0.15081190891209184	0.030465	False
ENSG00000082516	GEMIN5	False	0.12388256576177731	0.17509	False
ENSG00000082556	OPRK1	False	0.050118438076198424	0.50964	False
ENSG00000082641	NFE2L1	False	0.13497257062108597	0.39477	False
ENSG00000082684	SEMA5B	False	0.07896235634558417	0.050985	False
ENSG00000082701	GSK3B	False	0.1265128753635626	0.15241	False
ENSG00000082781	ITGB5	False	0.178366132700386	0.51147	False
ENSG00000082805	ERC1	False	0.07377520133414747	0.14726	False
ENSG00000082898	XPO1	False	0.16393520248911586	0.34903	False
ENSG00000082996	RNF13	True	0.6262122524021796	0.20913	False
ENSG00000083067	TRPM3	True	0.008039693353501366	0.078462	False
ENSG00000083093	PALB2	False	0.11959847414132162	0.70249	False
ENSG00000083097	DOP1A	False	0.4198897505478427	0.090501	False
ENSG00000083099	LYRM2	False	0.0022126024187768224	0.5064	False
ENSG00000083123	BCKDHB	True	0.5369397650950944	0.2688	False
ENSG00000083168	KAT6A	True	0.04535611236886081	0.078551	False
ENSG00000083223	TUT7	False	0.10629462759907145	0.0012678	False
ENSG00000083290	ULK2	False	0.4984129240040044	0.099557	False
ENSG00000083307	GRHL2	False	0.3292700608004471	0.27043	False
ENSG00000083312	TNPO1	False	0.2533140134931778	0.038431	False
ENSG00000083444	PLOD1	False	0.344570038221942	0.43229	False
ENSG00000083454	P2RX5	False	0.3876569595697733	0.20744	False
ENSG00000083457	ITGAE	False	0.031605513035474306	0.23001	False
ENSG00000083520	DIS3	False	0.38108475020970606	0.20278	False
ENSG00000083535	PIBF1	False	0.09572095342904503	0.021999	False
ENSG00000083544	TDRD3	False	0.2149894065031142	0.25531	False
ENSG00000083635	NUFIP1	False	0.002174407521118426	0.077175	False
ENSG00000083642	PDS5B	False	0.48179376649409555	0.38617	False
ENSG00000083720	OXCT1	False	0.5556486144860395	0.09466	False
ENSG00000083782	EPYC	False	0.03046536107565963	0.10921	False
ENSG00000083799	CYLD	False	0.1806795871256512	0.00011446	False
ENSG00000083807	SLC27A5	False	0.16663674003101078	0.14589	False
ENSG00000083812	ZNF324	False	0.7668024610314289	0.09436	False
ENSG00000083814	ZNF671	False	0.01864757569939125	0.55924	False
ENSG00000083817	ZNF416	False	0.40486384713075674		False
ENSG00000083828	ZNF586	False	0.04766695881400392	0.44605	False
ENSG00000083838	ZNF446	False	0.24320775690691593	0.086865	False
ENSG00000083844	ZNF264	False	0.005477013681393615	0.31673	False
ENSG00000083857	FAT1	False	0.43921090745652136	0.058231	False
ENSG00000083896	YTHDC1	False	0.6623982827408981	0.12421	False
ENSG00000083937	CHMP2B	False	0.4717947485474586	0.58794	False
ENSG00000084070	SMAP2	False	0.1331692580774242	0.18806	False
ENSG00000084072	PPIE	False	0.3841905207336171	0.41387	False
ENSG00000084073	ZMPSTE24	False	0.27612486446716217	0.090844	False
ENSG00000084090	STARD7	True	0.2439543771736817	0.22411	False
ENSG00000084092	NOA1	False	0.010088738991444073	0.16245	False
ENSG00000084093	REST	False	0.11124867975701752	0.092111	False
ENSG00000084110	HAL	False	0.2464271100138107	0.081623	False
ENSG00000084112	SSH1	False	0.1430307922600692	0.017068	False
ENSG00000084207	GSTP1	False	0.10955539965846466	0.051384	False
ENSG00000084234	APLP2	False	0.04083790707606364	0.36371	False
ENSG00000084444	FAM234B	False	0.23121799358827166	0.34393	False
ENSG00000084453	SLCO1A2	False	0.01769157075861246	0.030656	False
ENSG00000084463	WBP11	False	0.5000470612333474	0.1623	False
ENSG00000084623	EIF3I	False	0.41459699963667923	0.025559	False
ENSG00000084628	NKAIN1	False	0.5553336625742589	0.179	False
ENSG00000084636	COL16A1	False	0.011057298172346647	0.13571	False
ENSG00000084652	TXLNA	False	0.15123267024839587	0.11899	False
ENSG00000084674	APOB	False	0.2279352622612922	0.36219	False
ENSG00000084676	NCOA1	False	0.0002368052855815845	2.7515e-05	False
ENSG00000084693	AGBL5	False	0.37005569990376713	0.31811	False
ENSG00000084710	EFR3B	False	0.19788707586425408	0.53694	False
ENSG00000084731	KIF3C	False	0.006822609772088533		False
ENSG00000084734	GCKR	False	0.6319407848619997	0.46383	False
ENSG00000084754	HADHA	False	0.2360425028499659	0.21383	False
ENSG00000084764	MAPRE3	False	0.1631969033526531	0.16634	False
ENSG00000084774	CAD	True	0.009806388919472438	0.0019051	False
ENSG00000085117	CD82	False	0.557537566738455	0.44441	False
ENSG00000085231	AK6	False	0.2724838756676069	0.32252	False
ENSG00000085265	FCN1	False	0.2280738070178522	0.14165	False
ENSG00000085274	MYNN	False	0.089884511232384	0.16952	False
ENSG00000085276	MECOM	False	0.16344627704780304	0.25488	False
ENSG00000085365	SCAMP1	False	0.8689819039336523	0.045659	False
ENSG00000085377	PREP	False	0.5760954505309198	0.031828	False
ENSG00000085382	HACE1	True	0.4288902187141109	0.16286	False
ENSG00000085415	SEH1L	False	0.32352437049919625	0.14378	False
ENSG00000085433	WDR47	False	0.5804691664031039	0.038969	False
ENSG00000085449	WDFY1	False	0.3952224916821822	0.25712	False
ENSG00000085465	OVGP1	False	0.07840321549434066	0.15542	False
ENSG00000085491	SLC25A24	False	0.23256556255633662	0.53202	False
ENSG00000085511	MAP3K4	False	0.5421589348360325	0.10294	False
ENSG00000085514	PILRA	False	0.13876179829745808	0.56903	False
ENSG00000085552	IGSF9	False	0.04180997491892385	0.07603	False
ENSG00000085563	ABCB1	False	0.13023158815876082	0.12111	False
ENSG00000085644	ZNF213	False	0.0005880041128862401	0.1125	False
ENSG00000085662	AKR1B1	False	0.5708250428100574	0.48404	False
ENSG00000085719	CPNE3	False	0.21485238143678909	0.1683	False
ENSG00000085721	RRN3	False	0.537662099610301	0.063094	False
ENSG00000085733	CTTN	False	0.008066012975702863	0.040665	False
ENSG00000085741	WNT11	False	0.3192601170350172	0.040009	False
ENSG00000085760	MTIF2	False	0.16338855169578725	0.098624	False
ENSG00000085788	DDHD2	False	0.07782995666582618	0.26572	False
ENSG00000085831	TTC39A	False	0.10580098018786267	0.12825	False
ENSG00000085832	EPS15	False	0.10163091480995678	0.14141	False
ENSG00000085840	ORC1	False	0.041514498195062026	0.12987	False
ENSG00000085871	MGST2	False	0.11431110207729103	0.36897	False
ENSG00000085872	CHERP	False	0.037469975251879936	0.1692	False
ENSG00000085978	ATG16L1	False	0.5119786981488222	0.20608	False
ENSG00000085998	POMGNT1	True	0.05475780696284667	0.018464	False
ENSG00000085999	RAD54L	False	0.07734132327240195	0.062608	False
ENSG00000086015	MAST2	False	0.03695465317571709	0.054227	False
ENSG00000086061	DNAJA1	False	0.0056560697961810765	0.13457	False
ENSG00000086062	B4GALT1	False	0.016095523812611	0.21323	False
ENSG00000086065	CHMP5	False	0.18755549899320617	0.27573	False
ENSG00000086102	NFX1	False	0.07946944948763304	0.25426	False
ENSG00000086159	AQP6	False	0.0229873441193118	0.13917	False
ENSG00000086189	DIMT1	False	0.3055911823756213	0.32954	False
ENSG00000086200	IPO11	False	0.2172815742360205	0.62245	False
ENSG00000086205	FOLH1	False	0.091538622186439	0.065586	False
ENSG00000086232	EIF2AK1	False	0.5443492833696557	0.49549	False
ENSG00000086288	NME8	False	0.09838055341212014	0.25485	False
ENSG00000086289	EPDR1	False	0.10068632860053114	0.59582	False
ENSG00000086300	SNX10	False	0.07084443196917926	0.15874	False
ENSG00000086475	SEPHS1	False	0.3898425520838029	0.090444	False
ENSG00000086504	MRPL28	False	0.5651060721845349	0.14679	False
ENSG00000086506	HBQ1	False	0.6022182378749983	0.25032	False
ENSG00000086544	ITPKC	False	0.06290302340678645	0.18939	False
ENSG00000086548	CEACAM6	False	0.2332155722430454	0.15285	False
ENSG00000086570	FAT2	False	0.2497470784855735	0.063219	False
ENSG00000086589	RBM22	False	0.07584918710023678	0.36253	False
ENSG00000086598	TMED2	False	0.8084954614831465	0.75342	False
ENSG00000086619	ERO1B	False	0.0876713280910717	0.082344	False
ENSG00000086666	ZFAND6	False	0.0079703702408878		False
ENSG00000086696	HSD17B2	False	0.276952436051148	0.45973	False
ENSG00000086730	LAT2	False	0.516625252668382	0.54473	False
ENSG00000086827	ZW10	False	0.038517452627179344	0.15147	False
ENSG00000086848	ALG9	True	0.21243047372261797	0.021365	False
ENSG00000086967	MYBPC2	False	0.48124207606581426	0.42784	False
ENSG00000086991	NOX4	False	0.4968484046557594	0.3231	False
ENSG00000087008	ACOX3	False	0.00022461945308994408	0.12179	False
ENSG00000087053	MTMR2	False	0.001828300158453905	0.13684	False
ENSG00000087074	PPP1R15A	False	0.1990030479628652	0.2254	False
ENSG00000087076	HSD17B14	False	0.01766747855208275	0.0061492	False
ENSG00000087077	TRIP6	False	0.12938304529604372	0.17318	False
ENSG00000087085	ACHE	False	0.39239550635783177	0.1914	False
ENSG00000087086	FTL	False	0.4794745276813971	0.29074	False
ENSG00000087087	SRRT	False	0.14420535075728033	0.11902	False
ENSG00000087088	BAX	False	0.1287809588503912	0.22727	False
ENSG00000087095	NLK	False	0.05352152036946276	0.0071751	False
ENSG00000087111	PIGS	True	0.5597028055484048	0.12901	False
ENSG00000087116	ADAMTS2	False	0.05311984972462654	0.42217	False
ENSG00000087128	TMPRSS11E	False	0.21702526292342136	0.25526	False
ENSG00000087152	ATXN7L3	False	0.12560559757952144	0.37154	False
ENSG00000087157	PGS1	False	0.6375031110995845	0.75601	False
ENSG00000087191	PSMC5	False	0.5254437699593899	0.01097	False
ENSG00000087206	UIMC1	False	0.1267463075780499	0.027695	False
ENSG00000087237	CETP	False	0.22794775160698133	0.068778	False
ENSG00000087245	MMP2	False	0.3239514090427025	0.12699	False
ENSG00000087253	LPCAT2	False	0.07075643048936393	0.034655	False
ENSG00000087258	GNAO1	True	0.00017441634868882428	0.0028978	False
ENSG00000087263	OGFOD1	False	0.2975207225758314	0.24777	False
ENSG00000087266	SH3BP2	False	0.11478398289319551	0.016036	False
ENSG00000087269	NOP14	False	0.19461411445895943	0.25295	False
ENSG00000087274	ADD1	False	0.08659480916305645	0.27769	False
ENSG00000087299	L2HGDH	True	0.43594707569858093	0.73383	False
ENSG00000087301	TXNDC16	False	0.1851815686308733	0.43962	False
ENSG00000087302	RTRAF	False	0.25560629539704177	0.099312	False
ENSG00000087303	NID2	False	0.0014753667570252006	0.14281	False
ENSG00000087338	GMCL1	False	0.0004158411806980556	0.19796	False
ENSG00000087365	SF3B2	False	0.06734355222790622	0.06704	False
ENSG00000087448	KLHL42	False	0.411294566552062	0.41451	False
ENSG00000087460	GNAS	False	0.26610085052488436	0.03822	False
ENSG00000087470	DNM1L	True	0.05089755206954037	0.62017	False
ENSG00000087494	PTHLH	False	0.026178757882187587	0.11626	False
ENSG00000087495	PHACTR3	False	0.40645373982066785	0.30751	False
ENSG00000087502	ERGIC2	False	0.25902127420317334	0.7477	False
ENSG00000087510	TFAP2C	False	0.18095113259157125	0.33977	False
ENSG00000087586	AURKA	False	0.009718151544082409	0.012148	False
ENSG00000087589	CASS4	False	0.20740826330068016	0.15853	False
ENSG00000087903	RFX2	False	0.515365743819701	0.23773	False
ENSG00000087995	METTL2A	False	0.3087158366367361	0.029557	False
ENSG00000088002	SULT2B1	False	0.6637904322756886	0.42368	False
ENSG00000088035	ALG6	True	0.03004435605068942	0.12654	False
ENSG00000088038	CNOT3	True	0.12308746948264081	0.008464	False
ENSG00000088053	GP6	False	0.20988063712015917	0.30363	False
ENSG00000088179	PTPN4	False	0.019164825408406697	0.09184	False
ENSG00000088205	DDX18	False	0.6226878905472765	0.5013	False
ENSG00000088247	KHSRP	False	0.0018568519987955103	0.16936	False
ENSG00000088256	GNA11	False	0.08697094976189297	0.03052	False
ENSG00000088280	ASAP3	False	0.029202913847670143	0.082756	False
ENSG00000088298	EDEM2	False	0.3637904589974435	0.17879	False
ENSG00000088305	DNMT3B	False	0.08548206353368087	0.24663	False
ENSG00000088320	REM1	False	0.4464604081286144	0.35665	False
ENSG00000088325	TPX2	False	0.30046660048523194		False
ENSG00000088356	PDRG1	False	0.13340633891706347	0.29018	False
ENSG00000088367	EPB41L1	False	0.06282241797868712	0.0050648	False
ENSG00000088386	SLC15A1	False	0.4832064561257817	0.078676	False
ENSG00000088387	DOCK9	False	0.025110798858237835	0.09061	False
ENSG00000088448	ANKRD10	False	0.33590455684423237	0.5678	False
ENSG00000088451	TGDS	False	0.4225939084116863	0.0086734	False
ENSG00000088538	DOCK3	False	0.0009613104360526343	0.0044407	False
ENSG00000088543	C3orf18	False	0.036553169970963896	0.39757	False
ENSG00000088682	COQ9	True	0.0001814998394901903	0.59832	False
ENSG00000088726	TMEM40	False	0.21146800086523546	0.40418	False
ENSG00000088727	KIF9	False	0.12917320762183426	0.38282	False
ENSG00000088756	ARHGAP28	False	0.05219848892129099	0.04977	False
ENSG00000088766	CRLS1	False	0.09929207073461006	0.32228	False
ENSG00000088782	DEFB127	False	0.4890038841319668	0.75664	False
ENSG00000088808	PPP1R13B	False	0.11097637580633554	0.14038	False
ENSG00000088812	ATRN	False	0.1905966597400141	0.019217	False
ENSG00000088826	SMOX	False	0.19188486087128864	0.17879	False
ENSG00000088827	SIGLEC1	False	0.05019663184086895	0.62068	False
ENSG00000088833	NSFL1C	False	0.7161594092481927	0.30105	False
ENSG00000088836	SLC4A11	False	0.21490289133073276	0.4707	False
ENSG00000088876	ZNF343	False	0.026247538389743516	0.077824	False
ENSG00000088881	EBF4	False	0.04351654139027623	0.10596	False
ENSG00000088882	CPXM1	False	0.04292334302353259	0.10895	False
ENSG00000088888	MAVS	False	0.03961315435245996	0.59141	False
ENSG00000088899	LZTS3	False	0.5227107135222115	0.1319	False
ENSG00000088926	F11	False	0.40827294447200607	0.5354	False
ENSG00000088930	XRN2	False	0.20020762365073594	0.078746	False
ENSG00000088970	KIZ	False	0.3759913962426446	0.074922	False
ENSG00000088992	TESC	False	0.20026540989189054	0.28076	False
ENSG00000089006	SNX5	False	0.1107463498166532	0.60455	False
ENSG00000089009	RPL6	False	0.1119892858549532	0.025965	False
ENSG00000089012	SIRPG	False	0.18009570072437342	0.074575	False
ENSG00000089022	MAPKAPK5	False	0.1496163992641834	0.17439	False
ENSG00000089041	P2RX7	False	0.6701320909592825	0.10033	False
ENSG00000089048	ESF1	False	0.2635675695865838	0.54244	False
ENSG00000089050	RBBP9	False	2.1367206574751693e-05	0.60928	False
ENSG00000089053	ANAPC5	False	0.020987183885652596	0.28956	False
ENSG00000089057	SLC23A2	False	0.6771885077825661	0.059031	False
ENSG00000089060	SLC8B1	False	0.17482429015608383	0.41849	False
ENSG00000089063	TMEM230	False	0.1081847245367584	0.063198	False
ENSG00000089091	DZANK1	False	0.07685194540315454	0.12916	False
ENSG00000089094	KDM2B	True	0.046755732550963304	0.090553	False
ENSG00000089101	CFAP61	False	0.4794542792714813	0.63187	False
ENSG00000089116	LHX5	False	0.4841595529559133		False
ENSG00000089123	TASP1	False	0.009303913850066623	0.019237	False
ENSG00000089127	OAS1	False	0.01875098418401559	0.29483	False
ENSG00000089154	GCN1	False	0.013604756761440783	0.032627	False
ENSG00000089157	RPLP0	False	0.008891919244599015	0.24393	False
ENSG00000089159	PXN	False	0.404556370299387	0.10138	False
ENSG00000089163	SIRT4	False	0.23391659494870895	0.37136	False
ENSG00000089169	RPH3A	True	0.08824253445750967	0.084224	False
ENSG00000089177	KIF16B	False	0.02170151021775483	0.11254	False
ENSG00000089195	TRMT6	False	0.5989810147765344	0.17288	False
ENSG00000089199	CHGB	False	0.1034560417091343	0.43445	False
ENSG00000089220	PEBP1	False	0.0113509556863558	0.10986	False
ENSG00000089225	TBX5	False	0.20482694466864035	0.04852	False
ENSG00000089234	BRAP	False	0.13324815485381686	0.0071556	False
ENSG00000089248	ERP29	False	0.002135279792902017	0.082969	False
ENSG00000089250	NOS1	False	0.030674498903239627	0.01387	False
ENSG00000089280	FUS	False	0.6929619579986023	0.37989	False
ENSG00000089327	FXYD5	False	0.19297675509533735	0.42899	False
ENSG00000089335	ZNF302	False	0.02526836706239662	0.003065	False
ENSG00000089351	GRAMD1A	False	0.040545468559764514	0.16988	False
ENSG00000089486	CDIP1	False	0.09201281801822811	0.43003	False
ENSG00000089505	CMTM1	False	0.32065659560858634	0.055225	False
ENSG00000089558	KCNH4	False	0.2763370641001096	0.33082	False
ENSG00000089597	GANAB	False	0.01415480521020548	0.14994	False
ENSG00000089639	GMIP	False	0.18964122098278893	0.02535	False
ENSG00000089685	BIRC5	False	0.40032196184854385		False
ENSG00000089692	LAG3	False	0.7344601369191224	0.48736	False
ENSG00000089693	MLF2	False	0.7635258180916253	0.1494	False
ENSG00000089723	OTUB2	False	0.0071170819911281595	0.20394	False
ENSG00000089737	DDX24	False	0.294744056890163	0.28447	False
ENSG00000089775	ZBTB25	False	0.11649208075102348	0.11255	False
ENSG00000089818	NECAP1	True	0.1557797645164539	0.33986	False
ENSG00000089847	ANKRD24	False	0.5217336647919169	0.31858	False
ENSG00000089876	DHX32	False	0.503692738562187	0.49019	False
ENSG00000089902	RCOR1	False	0.1435383624489011	0.10466	False
ENSG00000089916	GPATCH2L	False	0.022290970005187535	0.208	False
ENSG00000090006	LTBP4	False	0.028988806878787528	0.23123	False
ENSG00000090013	BLVRB	False	0.27278025132515926	0.26063	False
ENSG00000090020	SLC9A1	False	0.45240694838658657	0.19519	False
ENSG00000090054	SPTLC1	False	0.12601784187854007	0.19547	False
ENSG00000090060	PAPOLA	False	0.6159076697519796	0.17243	False
ENSG00000090061	CCNK	False	0.007322241961997398	0.065581	False
ENSG00000090097	PCBP4	False	0.23595817049126194	0.021909	False
ENSG00000090104	RGS1	False	0.47087518536311435	0.47882	False
ENSG00000090238	YPEL3	False	0.07221116007517704	0.24243	False
ENSG00000090263	MRPS33	False	0.35592268224223195	0.37038	False
ENSG00000090266	NDUFB2	False	0.034508692179796956	0.31278	False
ENSG00000090273	NUDC	False	0.5426741275404292	0.85833	False
ENSG00000090316	MAEA	False	0.01195872077798696	0.19412	False
ENSG00000090339	ICAM1	False	0.2590981948925058	0.098058	False
ENSG00000090372	STRN4	False	0.010586386467681215	0.12602	False
ENSG00000090376	IRAK3	False	0.3868738870192903	0.2859	False
ENSG00000090382	LYZ	False	0.06753729172954687	0.45154	False
ENSG00000090402	SI	False	0.027079043946189905	0.092617	False
ENSG00000090432	MUL1	False	0.15170377349650394	0.24443	False
ENSG00000090447	TFAP4	False	0.13737245147949873	0.16777	False
ENSG00000090470	PDCD7	False	0.030672169136638103	0.078237	False
ENSG00000090487	SPG21	False	0.05873090517912448	0.59475	False
ENSG00000090512	FETUB	False	0.17069264943770987	0.0012505	False
ENSG00000090520	DNAJB11	False	0.043218202161621706	0.51608	False
ENSG00000090530	P3H2	False	0.005674671397670376	0.3618	False
ENSG00000090534	THPO	False	0.56842376262572	0.27345	False
ENSG00000090539	CHRD	False	0.07642404409260183	0.18998	False
ENSG00000090554	FLT3LG	False	0.35706209352484103	0.31332	False
ENSG00000090565	RAB11FIP3	False	0.32696330274858354	0.016777	False
ENSG00000090581	GNPTG	False	0.6879060753518049	0.58622	False
ENSG00000090612	ZNF268	False	0.4064294430290231	0.49155	False
ENSG00000090615	GOLGA3	False	0.04595716274164848	0.027121	False
ENSG00000090621	PABPC4	False	0.5344892692432577	0.10008	False
ENSG00000090659	CD209	False	0.28236629854150674	0.12895	False
ENSG00000090661	CERS4	False	0.0040004227783041486	0.16458	False
ENSG00000090674	MCOLN1	False	0.1688438941401461	0.049345	False
ENSG00000090686	USP48	False	0.005802993741912446	0.0049993	False
ENSG00000090863	GLG1	False	0.19988899282309233	0.27028	False
ENSG00000090905	TNRC6A	True	0.10776010538509352	0.24402	False
ENSG00000090924	PLEKHG2	False	0.10322497469714587	0.30286	False
ENSG00000090932	DLL3	False	0.45445365804207216	0.25289	False
ENSG00000090971	NAT14	False	0.4414869332005579	0.10003	False
ENSG00000090975	PITPNM2	False	0.11801284107427508	0.29149	False
ENSG00000090989	EXOC1	False	0.060415437805471754	0.16773	False
ENSG00000091009	RBM27	False	0.793873893836873		False
ENSG00000091010	POU4F3	False	0.49585201580538407		False
ENSG00000091039	OSBPL8	False	0.09543711326535627	0.039356	False
ENSG00000091073	DTX2	False	0.03180271289392043	0.15576	False
ENSG00000091106	NLRC4	False	0.016129582703924956	0.20612	False
ENSG00000091127	PUS7	False	0.04388825997134801	0.027647	False
ENSG00000091128	LAMB4	False	0.1349875935929855	0.42165	False
ENSG00000091129	NRCAM	False	0.03614146742056405	0.36759	False
ENSG00000091136	LAMB1	False	0.06291587603587064	0.033863	False
ENSG00000091137	SLC26A4	False	0.4791122603276988	0.16922	False
ENSG00000091138	SLC26A3	False	0.16652225882811592	0.19668	False
ENSG00000091140	DLD	False	0.0532480230563719	0.14254	False
ENSG00000091157	WDR7	False	0.2245946727248132	0.030262	False
ENSG00000091164	TXNL1	False	0.3015495642648454	0.15416	False
ENSG00000091181	IL5RA	False	0.011409998751989963	0.39765	False
ENSG00000091262	ABCC6	False	0.13613829413699136	0.16493	False
ENSG00000091317	CMTM6	False	0.624355109593763		False
ENSG00000091409	ITGA6	False	0.07339533637496966	0.095973	False
ENSG00000091428	RAPGEF4	False	0.1891585760633514	0.13131	False
ENSG00000091436	MAP3K20	False	0.21092238729882953	0.65586	False
ENSG00000091483	FH	True	0.43668502938423126	0.16288	False
ENSG00000091490	SEL1L3	False	0.2408350717477687	0.40767	False
ENSG00000091513	TF	False	0.41945389736758654	0.15398	False
ENSG00000091527	CDV3	False	0.19397121262065367	0.04253	False
ENSG00000091536	MYO15A	False	0.05428938599955789	0.38648	False
ENSG00000091542	ALKBH5	False	0.014973175568767837	0.1029	False
ENSG00000091583	APOH	False	0.5510453882142093	0.18298	False
ENSG00000091592	NLRP1	False	0.06342337174522572	0.031491	False
ENSG00000091622	PITPNM3	False	0.028549825124697826	0.37579	False
ENSG00000091640	SPAG7	False	0.18773697097767122	0.2514	False
ENSG00000091651	ORC6	False	0.030832334123342905	0.20312	False
ENSG00000091656	ZFHX4	False	0.007349836235714213	0.18679	False
ENSG00000091664	SLC17A6	False	0.10299478818393558	0.25608	False
ENSG00000091704	CPA1	False	0.22862531978721512	0.28726	False
ENSG00000091732	ZC3HC1	False	0.17593844488018476	0.22359	False
ENSG00000091831	ESR1	False	0.008460614309402308	0.038501	False
ENSG00000091844	RGS17	False	0.6229462234467501	0.3445	False
ENSG00000091879	ANGPT2	False	0.3002224752725628	0.55269	False
ENSG00000091947	TMEM101	False	0.5469703537862035	0.50607	False
ENSG00000091972	CD200	False	0.2848997400698959	0.14482	False
ENSG00000091986	CCDC80	False	0.011923439221215736	0.83237	False
ENSG00000092009	CMA1	False	0.2090614369547971	0.071935	False
ENSG00000092010	PSME1	False	0.2535533244479297	0.15131	False
ENSG00000092020	PPP2R3C	False	0.11240396994013578	0.14987	False
ENSG00000092036	HAUS4	False	0.09504595397296972	0.34425	False
ENSG00000092051	JPH4	False	0.05130644649988298	0.020795	False
ENSG00000092054	MYH7	False	0.5582848513477152	0.3163	False
ENSG00000092067	CEBPE	False	0.5673909289215965	0.29723	False
ENSG00000092068	SLC7A8	False	0.6494178809373787	0.13886	False
ENSG00000092094	OSGEP	True	0.28552133493957027	0.21577	False
ENSG00000092098	RNF31	False	0.2708044077897566	0.15844	False
ENSG00000092108	SCFD1	False	0.007043552405422681	0.75658	False
ENSG00000092140	G2E3	False	0.17831318336568566	0.47433	False
ENSG00000092148	HECTD1	True	0.2091471233773757	0.015795	False
ENSG00000092199	HNRNPC	False	0.8177500538443063	0.74669	False
ENSG00000092200	RPGRIP1	False	0.01832701885997209	0.25565	False
ENSG00000092201	SUPT16H	False	0.37456766881749537	0.14701	False
ENSG00000092203	TOX4	False	0.12950525143974145	0.36338	False
ENSG00000092295	TGM1	False	0.18837763370689373	0.3157	False
ENSG00000092330	TINF2	False	0.013318746732822085	0.070377	False
ENSG00000092345	DAZL	False	0.7652317936480609	0.079292	False
ENSG00000092421	SEMA6A	False	0.015652745643854295	0.45783	False
ENSG00000092439	TRPM7	False	0.37132549248021923	0.12997	False
ENSG00000092445	TYRO3	False	0.10613295853825583	0.091345	False
ENSG00000092470	WDR76	False	0.43241172942534933	0.044884	False
ENSG00000092529	CAPN3	False	0.02540031627160603	0.072764	False
ENSG00000092531	SNAP23	False	0.28159868530764615		False
ENSG00000092607	TBX15	False	0.047663954774628925	0.01984	False
ENSG00000092621	PHGDH	True	0.4227421868570469	0.38953	False
ENSG00000092758	COL9A3	False	0.03936683611799426	0.42777	False
ENSG00000092820	EZR	False	0.13882254321961776	0.24941	False
ENSG00000092841	MYL6	False	0.6537351799864621	0.21006	False
ENSG00000092847	AGO1	True	0.25096634412683994	0.015877	False
ENSG00000092850	TEKT2	False	0.005129832118372457	0.29355	False
ENSG00000092853	CLSPN	False	0.021642090349356935	0.20347	False
ENSG00000092871	RFFL	False	0.13821304200311113	0.13019	False
ENSG00000092929	UNC13D	False	0.03831792736876485	0.0042838	False
ENSG00000092931	MFSD11	False	0.1328137255456073	0.099459	False
ENSG00000092964	DPYSL2	False	0.8837275659927107	0.042022	False
ENSG00000092969	TGFB2	False	0.05646283684119849	0.24945	False
ENSG00000092978	GPATCH2	False	0.012487174990007904	0.36611	False
ENSG00000093000	NUP50	False	0.004108444313779472	0.043951	False
ENSG00000093009	CDC45	False	0.0674473563513783	0.40882	False
ENSG00000093010	COMT	False	0.2612462375915616	0.40989	False
ENSG00000093072	ADA2	False	0.016378275324578424	0.41261	False
ENSG00000093144	ECHDC1	False	0.3999837057307511	0.33489	False
ENSG00000093167	LRRFIP2	False	0.025142741265430032	0.0014558	False
ENSG00000093183	SEC22C	False	0.35733045611241504	0.19067	False
ENSG00000093217	XYLB	False	0.1373362884711799	0.44603	False
ENSG00000094661	OR1I1	False	0.0007574537103056186		False
ENSG00000094755	GABRP	False	0.043047566822929886	0.029418	False
ENSG00000094796	KRT31	False	0.8330155143879816	0.28937	False
ENSG00000094804	CDC6	False	0.1643346631046092	0.067753	False
ENSG00000094880	CDC23	False	0.17308697086415753	0.33575	False
ENSG00000094914	AAAS	False	0.1644578201449918	0.12222	False
ENSG00000094963	FMO2	False	0.19630719767192742	0.35746	False
ENSG00000094975	SUCO	False	0.14669705843895203	0.20188	False
ENSG00000095002	MSH2	False	0.1459123413606902	0.007955	False
ENSG00000095015	MAP3K1	False	0.3241693093850378	0.13925	False
ENSG00000095059	DHPS	True	0.09639411123215931	0.025268	False
ENSG00000095066	HOOK2	False	0.4955588524839998	0.17497	False
ENSG00000095110	NXPE1	False	0.4705087677652461	0.27806	False
ENSG00000095139	ARCN1	False	0.39429157673825255	0.1038	False
ENSG00000095203	EPB41L4B	False	0.2999049976128311	0.099354	False
ENSG00000095209	TMEM38B	False	0.35202836750758576	0.61042	False
ENSG00000095261	PSMD5	False	0.027621465598463357	0.19	False
ENSG00000095303	PTGS1	False	0.17061969025885793	0.54302	False
ENSG00000095319	NUP188	False	0.21706224294200044	0.2118	False
ENSG00000095321	CRAT	False	0.034243187209494076	0.14236	False
ENSG00000095370	SH2D3C	False	0.1803118605746376	0.11833	False
ENSG00000095380	NANS	False	0.15399357688782037	0.035619	False
ENSG00000095383	TBC1D2	False	0.42614376982894675	0.037844	False
ENSG00000095397	WHRN	False	0.21665643174758367	0.021098	False
ENSG00000095464	PDE6C	False	0.3164144800585903	0.51487	False
ENSG00000095485	CWF19L1	True	0.34857789252674143	0.31227	False
ENSG00000095539	SEMA4G	False	0.025869656998465575	0.15013	False
ENSG00000095564	BTAF1	False	0.0005894015655997696	0.0080163	False
ENSG00000095574	IKZF5	False	0.16503218852907214	0.13024	False
ENSG00000095585	BLNK	False	0.38288114328609196	0.23239	False
ENSG00000095587	TLL2	False	0.5501821049360857	0.061491	False
ENSG00000095596	CYP26A1	False	0.03326797700287652	0.020073	False
ENSG00000095627	TDRD1	False	0.23509660926621442	0.36262	False
ENSG00000095637	SORBS1	False	0.004450487772183591	0.1271	False
ENSG00000095713	CRTAC1	False	0.18171448922445604	0.31459	False
ENSG00000095739	BAMBI	False	0.3013027893844437	0.048137	False
ENSG00000095752	IL11	False	0.06269736576126177	0.2161	False
ENSG00000095777	MYO3A	False	0.1318135654747538	0.25016	False
ENSG00000095787	WAC	True	0.043097202763919325		False
ENSG00000095794	CREM	False	0.01298528837111526	0.31634	False
ENSG00000095906	NUBP2	False	0.8656546616110556	0.42038	False
ENSG00000095917	TPSD1	False	0.2355218611789398	0.52953	False
ENSG00000095932	SMIM24	False	0.0015780521354973698	0.075798	False
ENSG00000095951	HIVEP1	False	0.05181039053811183	0.73527	False
ENSG00000095970	TREM2	True	0.053547443435165556	0.36441	False
ENSG00000095981	KCNK16	False	0.06420039790994184	0.38422	False
ENSG00000096006	CRISP3	False	0.29808973489186136	0.10963	False
ENSG00000096060	FKBP5	False	0.019191121950688308	0.20605	False
ENSG00000096063	SRPK1	False	0.42024338218291746	0.17656	False
ENSG00000096070	BRPF3	False	0.10489146833579525	0.31599	False
ENSG00000096080	MRPS18A	False	0.3470058958903771	0.27128	False
ENSG00000096088	PGC	False	0.6439310798978537	0.23692	False
ENSG00000096092	TMEM14A	False	0.2851068561151448		False
ENSG00000096093	EFHC1	False	0.0811697341949267	0.14319	False
ENSG00000096264	NCR2	False	0.03166411982229286	0.10137	False
ENSG00000096384	HSP90AB1	False	0.7472329602950679	0.2419	False
ENSG00000096401	CDC5L	False	0.17764410702068834	0.38017	False
ENSG00000096433	ITPR3	False	0.1081790886959195	0.11959	False
ENSG00000096654	ZNF184	False	0.013402493238229497	0.43651	False
ENSG00000096696	DSP	False	0.006781462280225167	0.76822	False
ENSG00000096717	SIRT1	False	0.002501678324120558	0.0030584	False
ENSG00000096746	HNRNPH3	False	0.16591100293970767	0.28812	False
ENSG00000096872	IFT74	False	0.517257495813697	0.24472	False
ENSG00000096968	JAK2	False	0.16212593310585968	0.26663	False
ENSG00000096996	IL12RB1	False	0.06778251570015027	0.19507	False
ENSG00000097007	ABL1	False	0.004115845378977085	0.12399	False
ENSG00000097021	ACOT7	False	0.5592893097392773	0.13243	False
ENSG00000097033	SH3GLB1	False	0.6505671116663151	0.30252	False
ENSG00000097046	CDC7	False	0.22189261744549507	0.080484	False
ENSG00000097096	SYDE2	False	0.008932380788284592	0.08862	False
ENSG00000099139	PCSK5	False	0.12029682953185415	0.094022	False
ENSG00000099194	SCD	False	0.019292207419350435	0.37077	False
ENSG00000099203	TMED1	False	0.5764571014869797	0.21449	False
ENSG00000099204	ABLIM1	False	0.04155921028805193	0.26578	False
ENSG00000099219	ERMP1	False	0.008319471344695866	0.076493	False
ENSG00000099246	RAB18	True	0.41049493624788946	0.17694	False
ENSG00000099250	NRP1	False	0.07315219802785736	0.12391	False
ENSG00000099256	PRTFDC1	False	0.2839768595633098	0.45452	False
ENSG00000099260	PALMD	False	0.008976027404396058	0.32577	False
ENSG00000099282	TSPAN15	False	0.17204307413844405	0.14031	False
ENSG00000099290	WASHC2A	False	0.014920368676095723	0.42207	False
ENSG00000099308	MAST3	True	0.14203257112349502	0.0066509	False
ENSG00000099326	MZF1	False	0.42781321536618333	0.10536	False
ENSG00000099330	OCEL1	False	0.44302970427585775	0.34168	False
ENSG00000099331	MYO9B	False	0.07479302562951663	0.18491	False
ENSG00000099337	KCNK6	False	0.5862142510200852	0.16422	False
ENSG00000099338	CATSPERG	False	0.479122889595351	0.15755	False
ENSG00000099341	PSMD8	False	0.39544443530630924	0.057085	False
ENSG00000099364	FBXL19	False	0.0837910067991115	0.10021	False
ENSG00000099365	STX1B	True	7.943852508137586e-05	2.2855e-07	False
ENSG00000099377	HSD3B7	False	0.09071531321773839	0.26115	False
ENSG00000099381	SETD1A	True	0.12860769541117345	0.049988	False
ENSG00000099385	BCL7C	False	0.3774145808413404	0.14821	False
ENSG00000099617	EFNA2	False	0.31450661912620587	0.43184	False
ENSG00000099622	CIRBP	False	0.21028665027114313		False
ENSG00000099624	ATP5F1D	False	0.012775128806355004	0.0399	False
ENSG00000099625	CBARP	False	0.284100176247939	0.27076	False
ENSG00000099769	IGFALS	False	0.0976678645620845		False
ENSG00000099783	HNRNPM	False	0.3009971044758083	0.12226	False
ENSG00000099795	NDUFB7	False	0.15890649080767813	0.08657	False
ENSG00000099797	TECR	False	0.18101501943351814	0.30849	False
ENSG00000099800	TIMM13	False	0.1934230574253249	0.21573	False
ENSG00000099804	CDC34	False	0.00198103844259698	0.12239	False
ENSG00000099810	MTAP	False	0.014022767345334034	0.33803	False
ENSG00000099812	MISP	False	0.2807635833068861	0.2237	False
ENSG00000099814	CEP170B	False	0.1269641247895081	0.39991	False
ENSG00000099817	POLR2E	False	0.1351993125465842	0.075227	False
ENSG00000099821	POLRMT	False	0.04770961878335096	0.16203	False
ENSG00000099822	HCN2	True	0.010822807061932217	0.035791	False
ENSG00000099834	CDHR5	False	0.07839159843847249	0.24583	False
ENSG00000099840	IZUMO4	False	0.06932300509182134	0.19705	False
ENSG00000099849	RASSF7	False	0.4276807715939167	0.29296	False
ENSG00000099860	GADD45B	False	0.20627685622509842	0.31594	False
ENSG00000099864	PALM	False	0.020368895249002317	0.69263	False
ENSG00000099866	MADCAM1	False	0.1937551252835508	0.30901	False
ENSG00000099875	MKNK2	False	0.042998788759512414	0.21429	False
ENSG00000099889	ARVCF	False	0.2908261088067836	0.093786	False
ENSG00000099899	TRMT2A	False	0.0731658349541321	0.63155	False
ENSG00000099901	RANBP1	False	0.3527778321123468	0.04193	False
ENSG00000099904	ZDHHC8	False	0.0674225240975521	0.064213	False
ENSG00000099910	KLHL22	False	0.20674495887681552	0.042934	False
ENSG00000099917	MED15	False	4.4698530182944013e-05	0.3508	False
ENSG00000099937	SERPIND1	False	0.18350837807832432	0.19925	False
ENSG00000099940	SNAP29	True	0.7469789198178918	0.24282	False
ENSG00000099942	CRKL	False	0.6525261914471543	0.23004	False
ENSG00000099949	LZTR1	False	0.03212122021409516	0.049817	False
ENSG00000099953	MMP11	False	0.0002467296431978757	0.0093648	False
ENSG00000099954	CECR2	False	0.7049773428897335	0.041544	False
ENSG00000099956	SMARCB1	True	0.3419821662495136	0.043458	False
ENSG00000099957	P2RX6	False	0.06618779629424566	0.21484	False
ENSG00000099958	DERL3	False	0.2727144664720891	0.14667	False
ENSG00000099960	SLC7A4	False	0.07732460769288997	0.055188	False
ENSG00000099968	BCL2L13	False	0.4058732038682024	0.15328	False
ENSG00000099985	OSM	False	0.05482773890769721	0.33064	False
ENSG00000099991	CABIN1	False	0.43180293745560194	0.049771	False
ENSG00000099992	TBC1D10A	False	0.264966717634351	0.15934	False
ENSG00000099994	SUSD2	False	0.273588078094449	0.25158	False
ENSG00000099995	SF3A1	False	0.09988756236829309	0.019997	False
ENSG00000099998	GGT5	False	0.28214554933866337	0.070951	False
ENSG00000099999	RNF215	False	0.014457070421520163	0.44121	False
ENSG00000100003	SEC14L2	False	0.40872234895616316	0.53373	False
ENSG00000100012	SEC14L3	False	0.6151943267622548	0.12368	False
ENSG00000100014	SPECC1L	False	0.08699665490966266	0.74082	False
ENSG00000100023	PPIL2	False	0.1334137172264688	0.62472	False
ENSG00000100024	UPB1	False	0.4823576771733423	0.36133	False
ENSG00000100029	PES1	False	0.0660655136206687	0.15918	False
ENSG00000100031	GGT1	False	0.16395150052286508	0.09537	False
ENSG00000100034	PPM1F	False	0.229481114477675	0.41746	False
ENSG00000100036	SLC35E4	False	0.2143778173149363	0.46671	False
ENSG00000100038	TOP3B	False	0.10411892806481689	0.00786	False
ENSG00000100053	CRYBB3	False	0.09576926646679006	0.38957	False
ENSG00000100055	CYTH4	False	0.6046066854759796	0.12937	False
ENSG00000100056	ESS2	False	0.024651044280915625	0.097835	False
ENSG00000100060	MFNG	False	0.2880859904860776	0.28494	False
ENSG00000100065	CARD10	False	0.08136902594021517	0.25698	False
ENSG00000100075	SLC25A1	True	0.23108696724470948	0.046857	False
ENSG00000100077	GRK3	False	0.1041119425281973	0.52964	False
ENSG00000100078	PLA2G3	False	0.3413707049494993	0.28325	False
ENSG00000100079	LGALS2	False	0.2387280758682745	0.018412	False
ENSG00000100083	GGA1	False	0.4903892579043405	0.10092	False
ENSG00000100084	HIRA	False	0.03277713152555508	0.022592	False
ENSG00000100092	SH3BP1	False	0.03149186012235475	0.035382	False
ENSG00000100095	SEZ6L	False	0.1280247908417871	0.08513	False
ENSG00000100097	LGALS1	False	0.10979000802837756	0.015297	False
ENSG00000100099	HPS4	False	0.07859695665697113	0.57848	False
ENSG00000100100	PIK3IP1	False	0.2648735141739398	0.34761	False
ENSG00000100104	SRRD	False	0.12918038063440418	0.051858	False
ENSG00000100105	PATZ1	False	0.36076833155861443	0.054999	False
ENSG00000100106	TRIOBP	False	0.1883566465973039	0.18335	False
ENSG00000100109	TFIP11	False	0.10666140905275164	0.032165	False
ENSG00000100116	GCAT	False	0.09629470506898902	0.037821	False
ENSG00000100121	GGTLC2	False	0.03463629289038622	0.0078272	False
ENSG00000100122	CRYBB1	False	0.0002247027193302496	0.11107	False
ENSG00000100124	ANKRD54	False	0.25878503362459215	0.4236	False
ENSG00000100129	EIF3L	False	0.24323308605868965	0.19069	False
ENSG00000100139	MICALL1	False	0.4971446741632767	0.10787	False
ENSG00000100142	POLR2F	False	0.0965320507557138	0.40746	False
ENSG00000100146	SOX10	False	0.8614893887331464	0.27024	False
ENSG00000100147	CCDC134	False	0.14529672878523955	0.012436	False
ENSG00000100150	DEPDC5	True	5.989804183798481e-14	2.2e-16	True
ENSG00000100151	PICK1	False	0.5635427707904034	0.077835	False
ENSG00000100154	TTC28	False	0.019886586936838504	0.55433	False
ENSG00000100156	SLC16A8	False	0.3420332693985138	0.13069	False
ENSG00000100162	CENPM	False	0.5676298552740822	0.52671	False
ENSG00000100170	SLC5A1	False	6.428040912838545e-05	0.47691	False
ENSG00000100191	SLC5A4	False	0.09132168831014292	0.062604	False
ENSG00000100196	KDELR3	False	0.06192556042985867	0.4332	False
ENSG00000100197	CYP2D6	False	0.12525305418478216	0.25319	False
ENSG00000100201	DDX17	False	0.1804637187496096	0.20058	False
ENSG00000100206	DMC1	False	0.4501934901783544	0.25291	False
ENSG00000100207	TCF20	False	0.0041025317725726885	0.084823	False
ENSG00000100209	HSCB	False	0.12170531110153203	0.21311	False
ENSG00000100211	CBY1	False	0.005767132854250452	0.15284	False
ENSG00000100216	TOMM22	False	0.24667741806469892	0.15921	False
ENSG00000100218	RSPH14	False	0.5162200192686928	0.43313	False
ENSG00000100219	XBP1	False	0.12029024600618364	0.43247	False
ENSG00000100220	RTCB	False	0.3066268638419647	0.054402	False
ENSG00000100221	JOSD1	False	0.6724426783875042	0.20155	False
ENSG00000100225	FBXO7	False	0.54161677918111	0.222	False
ENSG00000100226	GTPBP1	False	0.28980307797535954	0.27601	False
ENSG00000100227	POLDIP3	False	0.23085766417666587	0.11084	False
ENSG00000100234	TIMP3	False	0.46735429749724877	0.038224	False
ENSG00000100239	PPP6R2	False	0.12505674632555294	0.23018	False
ENSG00000100241	SBF1	False	0.009211350820939728	0.6901	False
ENSG00000100242	SUN2	False	0.4335778323286781	0.22732	False
ENSG00000100243	CYB5R3	False	0.506077968647477	0.42222	False
ENSG00000100246	DNAL4	False	0.038794843212053606	0.0019625	False
ENSG00000100249	C22orf31	False	0.3962003683837344	0.2215	False
ENSG00000100253	MIOX	False	0.16780880576740342	0.16996	False
ENSG00000100258	LMF2	False	0.16325986868982784	0.066143	False
ENSG00000100263	RHBDD3	False	0.13314349158096203	0.06129	False
ENSG00000100266	PACSIN2	False	0.13327948151840552	0.164	False
ENSG00000100271	TTLL1	False	0.15558081860783046	0.30273	False
ENSG00000100276	RASL10A	False	0.03235124899610296	0.21598	False
ENSG00000100280	AP1B1	False	0.1362813714936072	0.017311	False
ENSG00000100281	HMGXB4	False	0.20631345297446677	0.12235	False
ENSG00000100284	TOM1	False	0.2455607979216845	0.13545	False
ENSG00000100285	NEFH	False	0.47091155266742346	0.41556	False
ENSG00000100288	CHKB	False	0.2931607591342284	0.090184	False
ENSG00000100290	BIK	False	0.07441514182731633	0.38123	False
ENSG00000100292	HMOX1	False	0.2855933712321011	0.34021	False
ENSG00000100294	MCAT	False	0.515438788258747	0.022384	False
ENSG00000100296	THOC5	False	0.05229004190501003	0.06494	False
ENSG00000100297	MCM5	False	0.2702246369040159	0.41831	False
ENSG00000100298	APOBEC3H	False	0.05148030297181641	0.022904	False
ENSG00000100299	ARSA	True	0.029436617695999853	0.11601	False
ENSG00000100300	TSPO	False	0.6977497681068643	0.18948	False
ENSG00000100302	RASD2	False	0.0037486421819865196	0.033409	False
ENSG00000100304	TTLL12	False	0.19728703576409767	0.33276	False
ENSG00000100307	CBX7	False	0.4263686320344875	0.19455	False
ENSG00000100311	PDGFB	False	0.12559303567224603		False
ENSG00000100312	ACR	False	0.052009083836229965	0.15626	False
ENSG00000100314	CABP7	False	0.37381815735413165	0.096612	False
ENSG00000100316	RPL3	False	0.34047947352451935	0.51733	False
ENSG00000100319	ZMAT5	False	0.11421445626829775	0.17683	False
ENSG00000100320	RBFOX2	False	0.458233924261501	0.053631	False
ENSG00000100321	SYNGR1	False	0.05680579730202487	0.29559	False
ENSG00000100324	TAB1	False	0.20720876667711896	0.60251	False
ENSG00000100325	ASCC2	False	0.47297163437214607	0.1057	False
ENSG00000100330	MTMR3	False	0.6131912274404117	0.21317	False
ENSG00000100335	MIEF1	False	0.8932664666192756	0.4921	False
ENSG00000100336	APOL4	False	0.32711148936883044	0.13614	False
ENSG00000100341	PNPLA5	False	0.6395331256816998	0.13034	False
ENSG00000100342	APOL1	False	0.24681086273944364	0.01104	False
ENSG00000100344	PNPLA3	False	0.36177742134321655	0.21076	False
ENSG00000100345	MYH9	False	0.10427461700584532	0.2209	False
ENSG00000100346	CACNA1I	True	0.06410801608994016	0.053396	False
ENSG00000100347	SAMM50	False	0.3400909996332354	0.37624	False
ENSG00000100348	TXN2	False	0.11445767575594398	0.22279	False
ENSG00000100350	FOXRED2	False	0.10759228226517055	0.026101	False
ENSG00000100351	GRAP2	False	0.8253388535958152	0.3852	False
ENSG00000100353	EIF3D	False	0.261300016156731	0.28951	False
ENSG00000100354	TNRC6B	False	0.16259266226892644	0.18777	False
ENSG00000100359	SGSM3	False	0.003512647348828749	0.37536	False
ENSG00000100360	IFT27	False	0.4705909851510449	0.11635	False
ENSG00000100362	PVALB	False	0.014445372967634467	0.33577	False
ENSG00000100364	KIAA0930	False	0.18128127672997657	0.20002	False
ENSG00000100365	NCF4	False	0.027817801825794027	0.27911	False
ENSG00000100368	CSF2RB	False	0.11170917151538334	0.25638	False
ENSG00000100372	SLC25A17	False	0.2783344304833752	0.32567	False
ENSG00000100373	UPK3A	False	0.3822696513673767	0.30183	False
ENSG00000100376	FAM118A	False	0.3301502999889532	0.17832	False
ENSG00000100380	ST13	False	0.04169348484911249	0.38118	False
ENSG00000100385	IL2RB	False	0.03212184477152421	0.072246	False
ENSG00000100393	EP300	False	0.41708665317765725	0.21355	False
ENSG00000100395	L3MBTL2	False	0.0031023696502272694	0.06307	False
ENSG00000100399	CHADL	False	0.09434814672110793	0.37748	False
ENSG00000100401	RANGAP1	False	0.21453938209293966	0.22961	False
ENSG00000100403	ZC3H7B	False	0.6185285060447618	0.33504	False
ENSG00000100412	ACO2	False	0.07126336940225973	0.044124	False
ENSG00000100413	POLR3H	False	7.839723820267468e-05	0.00054129	False
ENSG00000100416	TRMU	False	0.0378208990693842	0.17413	False
ENSG00000100417	PMM1	False	0.017274144459613658	0.026775	False
ENSG00000100418	DESI1	False	0.006173205326545587	0.0065325	False
ENSG00000100422	CERK	False	0.007469787648580751	0.30292	False
ENSG00000100425	BRD1	False	0.3242578641051745	0.22471	False
ENSG00000100426	ZBED4	False	0.04916734371334059	0.065311	False
ENSG00000100427	MLC1	True	0.2602095511118973	0.35354	False
ENSG00000100429	HDAC10	False	0.03168698684550695	0.45204	False
ENSG00000100433	KCNK10	False	0.05138928418952192	0.36757	False
ENSG00000100439	ABHD4	False	0.28085384766324034	0.11432	False
ENSG00000100441	KHNYN	False	0.3828327812761585	0.43575	False
ENSG00000100442	FKBP3	False	0.043597185577503056	0.030658	False
ENSG00000100445	SDR39U1	False	0.01291204250596495	0.48797	False
ENSG00000100448	CTSG	False	0.3238208703108346	0.14474	False
ENSG00000100450	GZMH	False	0.1833789407707323	0.54851	False
ENSG00000100453	GZMB	False	0.14777097255291013	0.18828	False
ENSG00000100461	RBM23	False	0.07846320045998433	0.20192	False
ENSG00000100462	PRMT5	False	0.09811261139772677	0.13734	False
ENSG00000100473	COCH	False	0.00041858954768930187	0.00012695	False
ENSG00000100478	AP4S1	False	0.0019476362495904065	0.025195	False
ENSG00000100479	POLE2	False	0.3803505364169214	0.75598	False
ENSG00000100483	VCPKMT	False	0.2532974014869295	0.38472	False
ENSG00000100485	SOS2	False	0.2062969097355622	0.062564	False
ENSG00000100490	CDKL1	False	0.3483288311956131	0.18845	False
ENSG00000100503	NIN	False	0.18953754784470453	0.15318	False
ENSG00000100504	PYGL	False	0.5782415237773723	0.082098	False
ENSG00000100505	TRIM9	False	0.010690483951516882	0.071038	False
ENSG00000100522	GNPNAT1	False	0.8084082164006379	0.11095	False
ENSG00000100523	DDHD1	False	0.12792052398057532	0.16132	False
ENSG00000100526	CDKN3	False	0.13836855331851414	0.70685	False
ENSG00000100532	CGRRF1	False	0.13407147906874012	0.32528	False
ENSG00000100554	ATP6V1D	False	0.08926604449779328	0.031606	False
ENSG00000100557	CCDC198	False	0.045411963537279436	0.010189	False
ENSG00000100558	PLEK2	False	0.06171409384754058	0.024927	False
ENSG00000100564	PIGH	True	0.37118298113804354	0.31119	False
ENSG00000100565	LRRC74A	False	0.03997838057214731	0.2005	False
ENSG00000100567	PSMA3	False	0.11100212467033621	0.065348	False
ENSG00000100568	VTI1B	False	0.055277387596522266	0.20641	False
ENSG00000100575	TIMM9	False	0.16769277995920248	0.049935	False
ENSG00000100577	GSTZ1	False	0.20052509446865238	0.18462	False
ENSG00000100578	KIAA0586	False	0.2737518263748715	0.70226	False
ENSG00000100580	TMED8	False	0.2648758532237226		False
ENSG00000100583	SAMD15	False	0.5292844236913394	0.17809	False
ENSG00000100591	AHSA1	False	0.18562885009398877	0.21138	False
ENSG00000100592	DAAM1	False	0.3618416941947293	0.22707	False
ENSG00000100593	ISM2	False	0.8685281037599656	0.3045	False
ENSG00000100596	SPTLC2	False	0.047620716738723264	0.27326	False
ENSG00000100599	RIN3	False	0.025728320772959765	0.42225	False
ENSG00000100600	LGMN	False	0.3512727910653418	0.093713	False
ENSG00000100601	ALKBH1	False	0.1577123969107855	0.091393	False
ENSG00000100603	SNW1	False	0.022607863228013968	0.0038496	False
ENSG00000100604	CHGA	False	0.008476988045971617	0.026664	False
ENSG00000100605	ITPK1	False	0.23916451656321075	0.20102	False
ENSG00000100612	DHRS7	False	0.6362639339749312	0.20113	False
ENSG00000100614	PPM1A	False	0.028722023005442302	0.29626	False
ENSG00000100625	SIX4	False	0.018374216770095174	0.012204	False
ENSG00000100626	GALNT16	False	0.0723658540571338	0.53632	False
ENSG00000100628	ASB2	False	0.00029567909339924626	0.0039001	False
ENSG00000100629	CEP128	False	0.017889683957907986	0.45923	False
ENSG00000100644	HIF1A	False	0.07612396054116868	0.26021	False
ENSG00000100647	SUSD6	False	0.6281565073768283		False
ENSG00000100650	SRSF5	False	0.11992614922124206	0.14808	False
ENSG00000100652	SLC10A1	False	0.02239138591084881	0.077563	False
ENSG00000100664	EIF5	False	0.43293853259944914	0.046933	False
ENSG00000100665	SERPINA4	False	0.007576858115436346	0.44723	False
ENSG00000100678	SLC8A3	False	0.2410639361163006	0.33063	False
ENSG00000100697	DICER1	False	0.11263852246486607	0.010278	False
ENSG00000100711	ZFYVE21	False	0.1787865965657439	0.30403	False
ENSG00000100714	MTHFD1	False	0.013264005320683678	0.23451	False
ENSG00000100721	TCL1A	False	0.29679351985615315	0.27984	False
ENSG00000100722	ZC3H14	False	0.65978386880216	0.19879	False
ENSG00000100726	TELO2	True	0.29259274999253587	0.81434	False
ENSG00000100731	PCNX1	False	0.23430463604908364	0.12283	False
ENSG00000100739	BDKRB1	False	0.48571024245679006		False
ENSG00000100744	GSKIP	False	0.30262033232753854		False
ENSG00000100749	VRK1	False	0.0548597170397281	0.075561	False
ENSG00000100764	PSMC1	False	0.0026533721636542488	0.06478	False
ENSG00000100767	PAPLN	False	0.04768745830101747	0.47908	False
ENSG00000100784	RPS6KA5	False	0.20143715458458172	0.12171	False
ENSG00000100796	PPP4R3A	False	0.5491618914507165	0.18477	False
ENSG00000100802	C14orf93	False	0.07708355110569053	0.020086	False
ENSG00000100804	PSMB5	False	0.00748531242984173	0.048593	False
ENSG00000100811	YY1	False	0.6496954050927795	0.15902	False
ENSG00000100813	ACIN1	False	0.37122705516746357	0.03445	False
ENSG00000100814	CCNB1IP1	False	0.5582509876842128	0.22147	False
ENSG00000100815	TRIP11	False	0.3739908798939503	0.31175	False
ENSG00000100823	APEX1	False	0.26324160839021543	0.067139	False
ENSG00000100842	EFS	False	0.022635198928470254	0.021986	False
ENSG00000100852	ARHGAP5	False	0.10090384226602792	0.2435	False
ENSG00000100865	CINP	False	0.06267557410402072	0.024832	False
ENSG00000100867	DHRS2	False	0.04345738170853261	0.45508	False
ENSG00000100883	SRP54	False	0.5797009991030483	0.47666	False
ENSG00000100884	CPNE6	False	0.44454566955614483	0.00093091	False
ENSG00000100888	CHD8	False	0.015321125973224853	0.22334	False
ENSG00000100889	PCK2	False	0.306852387142201	0.13125	False
ENSG00000100897	DCAF11	False	0.08227204529039478	0.08726	False
ENSG00000100902	PSMA6	False	0.0650776172861617	0.32299	False
ENSG00000100906	NFKBIA	False	0.10633122890960749	0.18385	False
ENSG00000100908	EMC9	False	0.11310979790499591	0.16027	False
ENSG00000100911	PSME2	False	0.5014131163248738	0.12755	False
ENSG00000100916	BRMS1L	False	0.02994468587907621	0.036167	False
ENSG00000100918	REC8	False	0.46489160661729234	0.50838	False
ENSG00000100934	SEC23A	False	0.0641586006872572	0.62223	False
ENSG00000100938	GMPR2	False	0.015871721931893276	0.13626	False
ENSG00000100941	PNN	False	0.007273738052931435	0.0066065	False
ENSG00000100949	RABGGTA	False	0.0003488041500374531	0.27389	False
ENSG00000100968	NFATC4	False	0.3757725340178744	0.07226	False
ENSG00000100979	PLTP	False	0.1610567082460976	0.38044	False
ENSG00000100982	PCIF1	False	0.8100690431021004	0.13149	False
ENSG00000100983	GSS	True	0.255920452325878	0.43821	False
ENSG00000100985	MMP9	False	0.023654832776393644	0.18868	False
ENSG00000100987	VSX1	False	0.6018535084532413	0.015644	False
ENSG00000100991	TRPC4AP	False	0.1482219403775245	0.30158	False
ENSG00000100994	PYGB	False	0.21649495470517796	0.0093296	False
ENSG00000100997	ABHD12	False	0.6574995510737554	0.33158	False
ENSG00000101000	PROCR	False	0.17418786811043455	0.034863	False
ENSG00000101004	NINL	False	0.5297581958865558	0.45544	False
ENSG00000101017	CD40	False	0.6172363655304588	0.42775	False
ENSG00000101019	UQCC1	False	0.0726478617424565	0.050869	False
ENSG00000101040	ZMYND8	True	0.018387778192889816	0.0063997	False
ENSG00000101049	SGK2	False	0.13118831258799832	0.24723	False
ENSG00000101052	IFT52	False	0.041093676785171986	0.10722	False
ENSG00000101057	MYBL2	False	0.05965500951118761	0.34111	False
ENSG00000101074	R3HDML	False	0.019412820359160872	0.10299	False
ENSG00000101076	HNF4A	False	0.08107558263336467	0.12291	False
ENSG00000101079	NDRG3	False	0.28692769305337035	0.21421	False
ENSG00000101082	SLA2	False	0.3518034136973657	0.23391	False
ENSG00000101084	RAB5IF	False	0.8139913764857041	0.4344	False
ENSG00000101096	NFATC2	False	0.19039123994530635	0.44163	False
ENSG00000101098	RIMS4	False	0.0064621669377503054	0.021551	False
ENSG00000101109	STK4	False	0.538340401264858	0.236	False
ENSG00000101115	SALL4	False	0.004548324893971827	0.068272	False
ENSG00000101126	ADNP	True	0.018512471536455345	0.057849	False
ENSG00000101134	DOK5	False	0.18344777910127805	0.32741	False
ENSG00000101138	CSTF1	False	0.09068367048611346	0.13917	False
ENSG00000101144	BMP7	False	0.12498747910036492	0.1503	False
ENSG00000101146	RAE1	False	0.048567719314618917	0.15693	False
ENSG00000101150	TPD52L2	False	0.04316414389407371	0.3967	False
ENSG00000101152	DNAJC5	True	0.03147280031350837	0.13975	False
ENSG00000101160	CTSZ	False	0.4665271683660773	0.27702	False
ENSG00000101161	PRPF6	False	0.04761889770807122	0.00063353	False
ENSG00000101162	TUBB1	False	0.0975001583023763	0.23159	False
ENSG00000101166	PRELID3B	False	0.026654182457485475	0.1514	False
ENSG00000101180	HRH3	False	0.6497097453013625	0.057844	False
ENSG00000101181	MTG2	False	0.15466857253394856	0.46814	False
ENSG00000101182	PSMA7	False	1.3483194770773124e-06	0.11527	False
ENSG00000101187	SLCO4A1	False	0.3889662213296165	0.50584	False
ENSG00000101188	NTSR1	False	0.4241801701868435	0.11593	False
ENSG00000101189	MRGBP	False	0.2714042388948566	0.01119	False
ENSG00000101190	TCFL5	False	0.20878599173919665	0.078627	False
ENSG00000101191	DIDO1	False	0.6269220249822376	0.16814	False
ENSG00000101193	GID8	False	0.0009840114768870911	0.0086691	False
ENSG00000101194	SLC17A9	False	0.021531960011786967	0.011701	False
ENSG00000101197	BIRC7	False	0.0537994498780554	0.15871	False
ENSG00000101198	NKAIN4	False	0.6246272096668434	0.1186	False
ENSG00000101199	ARFGAP1	False	0.10295574404578571	0.097119	False
ENSG00000101203	COL20A1	False	0.043496542044613305	0.020226	False
ENSG00000101204	CHRNA4	True	0.12541757829358086	0.18237	False
ENSG00000101210	EEF1A2	True	0.01854712799546308	0.027276	False
ENSG00000101213	PTK6	False	0.008619861089364543	0.31031	False
ENSG00000101216	GMEB2	False	0.17137477123691136		False
ENSG00000101220	ADISSP	False	0.13227291515726547	0.4056	False
ENSG00000101222	SPEF1	False	0.20102438411981274	0.33471	False
ENSG00000101224	CDC25B	False	0.3987953733908133	0.17149	False
ENSG00000101230	ISM1	False	0.003511371360081394	0.056201	False
ENSG00000101246	ARFRP1	False	0.1857728026755522	0.23741	False
ENSG00000101247	NDUFAF5	True	0.29719947599195895	0.42532	False
ENSG00000101251	SEL1L2	False	0.07658137432352805	0.30214	False
ENSG00000101255	TRIB3	False	0.24024463239140847	0.75943	False
ENSG00000101265	RASSF2	False	0.04112226311078752	0.2915	False
ENSG00000101266	CSNK2A1	True	0.02215974047173426	0.0015031	False
ENSG00000101276	SLC52A3	False	0.46502151669214575	0.18983	False
ENSG00000101280	ANGPT4	False	0.25912112427224443	0.24309	False
ENSG00000101282	RSPO4	False	0.1769179521465122	0.13234	False
ENSG00000101290	CDS2	False	0.06227719573438806	0.060939	False
ENSG00000101292	PROKR2	False	0.4035595359692071	0.21498	False
ENSG00000101294	HM13	False	0.034588603130670685	0.047183	False
ENSG00000101298	SNPH	False	0.34035694178350007	0.25548	False
ENSG00000101306	MYLK2	False	0.17634354976392277	0.14179	False
ENSG00000101307	SIRPB1	False	0.47738434649811556	0.33592	False
ENSG00000101310	SEC23B	False	0.20697551248612012	0.4621	False
ENSG00000101311	FERMT1	False	0.6658487954374521	0.62533	False
ENSG00000101323	HAO1	False	0.2562155712961101	0.081024	False
ENSG00000101327	PDYN	False	0.005100306588065844	0.013711	False
ENSG00000101331	CCM2L	False	0.44802093145386546	0.12916	False
ENSG00000101333	PLCB4	False	0.42312136548732127	0.068965	False
ENSG00000101335	MYL9	False	0.25292806513186583	0.2491	False
ENSG00000101336	HCK	False	0.10195395697462968	0.23525	False
ENSG00000101337	TM9SF4	False	0.06711934836423077	0.11475	False
ENSG00000101342	TLDC2	False	0.07562406551413543	0.39049	False
ENSG00000101343	CRNKL1	True	0.4589500017371012	0.41593	False
ENSG00000101346	POFUT1	False	0.016522453498486838	0.40304	False
ENSG00000101347	SAMHD1	True	0.09293753230608293	0.13256	False
ENSG00000101349	PAK5	False	5.273464279372048e-05	0.078014	False
ENSG00000101350	KIF3B	False	0.007679852139679263	0.014633	False
ENSG00000101361	NOP56	False	0.23367003526193555	0.093357	False
ENSG00000101363	MANBAL	False	0.8589993657969035	0.64254	False
ENSG00000101365	IDH3B	False	0.12107444177168177	0.062777	False
ENSG00000101367	MAPRE1	False	0.45365176130323903		False
ENSG00000101384	JAG1	False	0.11033118741524467	0.18016	False
ENSG00000101391	CDK5RAP1	False	0.13395792318650052	0.2812	False
ENSG00000101400	SNTA1	False	0.006659600019435193	0.065184	False
ENSG00000101405	OXT	False	0.3092911204585162		False
ENSG00000101407	TTI1	False	0.00022978855776760454	0.0010576	False
ENSG00000101412	E2F1	False	0.0050834977725608636	0.3582	False
ENSG00000101413	RPRD1B	False	0.4552532467450343	0.20148	False
ENSG00000101417	PXMP4	False	0.6094532080510765	0.32231	False
ENSG00000101421	CHMP4B	False	0.2975286947667192	0.13734	False
ENSG00000101435	CST9L	False	0.06176070229013508	0.099958	False
ENSG00000101438	SLC32A1	True	0.001937336845369128	0.089368	False
ENSG00000101439	CST3	False	0.2028037290888093	0.44716	False
ENSG00000101440	ASIP	False	0.712145231745436	0.40037	False
ENSG00000101441	CST4	False	0.07798619088752365	0.050757	False
ENSG00000101442	ACTR5	False	0.06596022209087161	0.04006	False
ENSG00000101443	WFDC2	False	0.20129193104111273	0.19521	False
ENSG00000101444	AHCY	False	0.2703227663009411	0.17586	False
ENSG00000101445	PPP1R16B	False	0.17835075634669692	0.11609	False
ENSG00000101446	SPINT3	False	0.0615319251612268		False
ENSG00000101447	FAM83D	False	0.4528864807828443	0.20544	False
ENSG00000101448	EPPIN	False	0.4182956343787649	0.49268	False
ENSG00000101452	DHX35	False	0.5631767381124503	0.096527	False
ENSG00000101457	DNTTIP1	False	0.2533883129730954	0.1924	False
ENSG00000101460	MAP1LC3A	False	0.061187091013510636	0.74225	False
ENSG00000101463	SYNDIG1	False	0.7509448855805838	0.30171	False
ENSG00000101464	PIGU	True	0.5204649523449822	0.27916	False
ENSG00000101470	TNNC2	False	0.04629194905975403	0.24573	False
ENSG00000101473	ACOT8	False	0.21161409860851796	0.044941	False
ENSG00000101474	APMAP	False	0.308566305550562	0.45477	False
ENSG00000101489	CELF4	True	0.020980113166482538	0.092417	False
ENSG00000101493	ZNF516	False	0.09087644894938986	0.3162	False
ENSG00000101542	CDH20	False	0.5786914698398711	0.50858	False
ENSG00000101544	ADNP2	False	0.3818759552918977	0.15435	False
ENSG00000101546	RBFA	False	0.5022935671300963	0.44679	False
ENSG00000101557	USP14	False	0.35871097244460676	0.24266	False
ENSG00000101558	VAPA	False	0.16902490244856724	0.25812	False
ENSG00000101574	METTL4	False	0.2193020100943122	0.51234	False
ENSG00000101577	LPIN2	False	0.3064958979544108	0.38985	False
ENSG00000101596	SMCHD1	False	0.02454880466284976	0.313	False
ENSG00000101605	MYOM1	False	0.14140909411397384	0.02024	False
ENSG00000101608	MYL12A	False	0.6391306331706564	0.070595	False
ENSG00000101624	CEP76	False	0.3862408231079142	0.088241	False
ENSG00000101638	ST8SIA5	False	0.2139025087286034	0.51275	False
ENSG00000101639	CEP192	False	0.2532300025610151	0.034092	False
ENSG00000101654	RNMT	False	0.39375431514021525	0.4078	False
ENSG00000101665	SMAD7	False	0.11809634688194835	0.051308	False
ENSG00000101670	LIPG	False	0.20784356711190446	0.15024	False
ENSG00000101680	LAMA1	False	0.0914526983443002	0.41868	False
ENSG00000101695	RNF125	False	0.17902525187081847	0.33801	False
ENSG00000101745	ANKRD12	False	0.01583446561706741	0.0080216	False
ENSG00000101746	NOL4	False	0.1265095867098312	0.1238	False
ENSG00000101751	POLI	False	0.009706499945143832	0.052099	False
ENSG00000101752	MIB1	False	0.2844764997698747	0.063358	False
ENSG00000101773	RBBP8	False	0.397533075652044	0.48607	False
ENSG00000101782	RIOK3	False	0.00023210469703704667	0.0037707	False
ENSG00000102189	EEA1	False	0.5263598903147504	0.35295	False
ENSG00000102445	RUBCNL	False	0.0031408540107387573	0.16465	False
ENSG00000102452	NALCN	True	0.00271559418152931	0.23702	False
ENSG00000102466	FGF14	False	0.06290240128987004	0.32672	False
ENSG00000102468	HTR2A	False	0.5272802495666693	0.056338	False
ENSG00000102471	NDFIP2	False	0.3585867277384341	0.15923	False
ENSG00000102524	TNFSF13B	False	0.26344221454473477	0.0036082	False
ENSG00000102531	FNDC3A	False	0.32328178163543086	0.10307	False
ENSG00000102539	MLNR	False	0.06350093937797273	0.50985	False
ENSG00000102543	CDADC1	False	0.21796124430297198	0.20318	False
ENSG00000102547	CAB39L	False	0.07209951607239606	0.055077	False
ENSG00000102554	KLF5	False	0.006422498042138004	0.32924	False
ENSG00000102572	STK24	False	0.022502572334582006	0.003604	False
ENSG00000102575	ACP5	False	0.11649394494501346	0.29215	False
ENSG00000102580	DNAJC3	False	0.39280821556269746	0.13021	False
ENSG00000102595	UGGT2	False	0.020650330509413135	0.10175	False
ENSG00000102606	ARHGEF7	False	0.166693851622156	0.41522	False
ENSG00000102678	FGF9	False	0.16971472979011004	0.048531	False
ENSG00000102683	SGCG	False	0.04230017860749009	0.17693	False
ENSG00000102699	PARP4	False	0.015461612537232982	0.18105	False
ENSG00000102710	SUPT20H	False	0.12138265409048807	0.52306	False
ENSG00000102738	MRPS31	False	0.15901550981413545	0.30891	False
ENSG00000102743	SLC25A15	False	0.22118437117649456	0.23426	False
ENSG00000102753	KPNA3	False	0.006169997969204061	0.089787	False
ENSG00000102755	FLT1	False	0.1066861550903071	0.18457	False
ENSG00000102760	RGCC	False	0.33694399618294824	0.0050706	False
ENSG00000102763	VWA8	False	0.12211324409493264	0.27834	False
ENSG00000102780	DGKH	False	0.558316039489378	0.21582	False
ENSG00000102781	KATNAL1	False	0.10657065087942189	0.072835	False
ENSG00000102786	INTS6	False	0.02528116959989375	0.12705	False
ENSG00000102794	ACOD1	False	0.18554748322475473	0.12232	False
ENSG00000102796	DHRS12	False	0.6502189300680021	0.043334	False
ENSG00000102802	MEDAG	False	0.18097333397361662	0.35818	False
ENSG00000102804	TSC22D1	False	0.12211364339271151	0.3103	False
ENSG00000102837	OLFM4	False	0.09241820614975144	0.2873	False
ENSG00000102854	MSLN	False	0.5435127107187601	0.063838	False
ENSG00000102858	MGRN1	False	0.19291181232221863	0.0076661	False
ENSG00000102870	ZNF629	False	0.16894887687748503	0.28629	False
ENSG00000102871	TRADD	False	0.4958605437415654	0.44761	False
ENSG00000102878	HSF4	False	0.11859640221829407	0.32963	False
ENSG00000102879	CORO1A	False	0.07824424342683033	0.0010826	False
ENSG00000102882	MAPK3	False	0.6043825644491246	0.13214	False
ENSG00000102886	GDPD3	False	0.033207546331182676	0.018312	False
ENSG00000102893	PHKB	False	0.471801449890106	0.13079	False
ENSG00000102897	LYRM1	False	0.019891292510196	0.0086978	False
ENSG00000102900	NUP93	False	0.0019129895870220108	0.25722	False
ENSG00000102901	CENPT	False	0.4322302986562965	0.49249	False
ENSG00000102904	TSNAXIP1	False	0.0060624698778321785	0.43573	False
ENSG00000102908	NFAT5	False	0.2482971172111783	0.25083	False
ENSG00000102910	LONP2	False	0.030109147489442812	0.26963	False
ENSG00000102921	N4BP1	False	0.45575870383650174	0.22597	False
ENSG00000102924	CBLN1	False	0.13156659278057348	0.32828	False
ENSG00000102931	ARL2BP	False	0.0005470079868522866		False
ENSG00000102934	PLLP	False	0.38181563602271695	0.37421	False
ENSG00000102935	ZNF423	False	0.030749382057449908	0.027102	False
ENSG00000102962	CCL22	False	0.023958384830044987	0.17353	False
ENSG00000102967	DHODH	False	0.17495055433725598	0.08782	False
ENSG00000102974	CTCF	False	0.07380422793384042	0.0071816	False
ENSG00000102978	POLR2C	False	0.07904283691131188	0.33995	False
ENSG00000102981	PARD6A	False	0.48295657846570506	0.047777	False
ENSG00000102984	ZNF821	False	0.31426763565008997	0.17435	False
ENSG00000102996	MMP15	False	0.47080039365776694	0.17356	False
ENSG00000103005	USB1	False	0.11364739237967993	0.49817	False
ENSG00000103018	CYB5B	False	0.19635376822648287		False
ENSG00000103021	CCDC113	False	0.095661255634346	0.021665	False
ENSG00000103023	PRSS54	False	0.017306203132775335	0.54046	False
ENSG00000103024	NME3	False	0.32665401476774986	0.51944	False
ENSG00000103034	NDRG4	False	0.08104390859334633	0.059109	False
ENSG00000103035	PSMD7	False	0.23808206979480365	0.32944	False
ENSG00000103037	SETD6	False	0.002036366370616698	0.30164	False
ENSG00000103042	SLC38A7	False	0.09005886562476653	0.034373	False
ENSG00000103043	VAC14	False	0.5984483243378583	0.17618	False
ENSG00000103044	HAS3	False	0.3960333663898695	0.1251	False
ENSG00000103047	TANGO6	False	0.008972847451682137	0.66166	False
ENSG00000103051	COG4	True	0.01571231904794917	0.1079	False
ENSG00000103056	SMPD3	False	0.5113060632104585	0.35517	False
ENSG00000103061	SLC7A6OS	True	0.39374261118675136	0.070022	False
ENSG00000103064	SLC7A6	False	0.19624801962027916	0.15938	False
ENSG00000103066	PLA2G15	False	0.5209416894722847	0.6102	False
ENSG00000103067	ESRP2	False	0.024818657975412058	0.43738	False
ENSG00000103089	FA2H	True	0.14553130258830882	0.21962	False
ENSG00000103091	WDR59	False	0.6153630477717247	0.31448	False
ENSG00000103111	MON1B	False	0.3199636038458176	0.55421	False
ENSG00000103126	AXIN1	False	0.2713211198797007	0.14643	False
ENSG00000103145	HCFC1R1	False	0.08918697200723533	0.049778	False
ENSG00000103148	NPRL3	True	2.7284796769182935e-07	1.3519e-06	True
ENSG00000103150	MLYCD	False	0.16269416833896802	0.18595	False
ENSG00000103152	MPG	False	0.2558500808671763	0.0019501	False
ENSG00000103154	NECAB2	False	0.6906290697875195	0.22841	False
ENSG00000103160	HSDL1	False	0.05650971818593465	0.13773	False
ENSG00000103168	TAF1C	True	0.030217491584131728	0.50999	False
ENSG00000103174	NAGPA	False	0.06890785133215932	0.22997	False
ENSG00000103175	WFDC1	False	0.5879268377489553	0.43955	False
ENSG00000103184	SEC14L5	False	0.04388614952398346	0.21292	False
ENSG00000103187	COTL1	False	0.3712559928451602	0.22737	False
ENSG00000103194	USP10	False	0.05036511632676578	0.18782	False
ENSG00000103196	CRISPLD2	False	0.6636025764781475	0.45694	False
ENSG00000103197	TSC2	True	0.049551518003330505	0.43478	False
ENSG00000103199	ZNF500	False	0.10175234464581608	0.10727	False
ENSG00000103202	NME4	False	0.013364942535916483	0.34834	False
ENSG00000103222	ABCC1	False	0.2636608344301063	0.20374	False
ENSG00000103226	NOMO3	False	0.2329887747510108	0.38135	False
ENSG00000103227	LMF1	False	0.4786914105423904	0.15075	False
ENSG00000103241	FOXF1	False	0.6107902234539573		False
ENSG00000103245	CIAO3	False	0.12028849067212788	0.1137	False
ENSG00000103248	MTHFSD	False	0.007604660764259479	0.53287	False
ENSG00000103249	CLCN7	False	0.2687021227728224	0.14744	False
ENSG00000103253	HAGHL	False	0.005516154030942976	0.23229	False
ENSG00000103257	SLC7A5	False	0.47365957536367675	0.23821	False
ENSG00000103260	METRN	False	0.7616951303566855		False
ENSG00000103264	FBXO31	False	0.49113479069965826	0.10228	False
ENSG00000103266	STUB1	False	0.0065964730193394105	0.12279	False
ENSG00000103269	RHBDL1	False	0.07620540279112843	0.37353	False
ENSG00000103274	NUBP1	False	0.05294100267918456	0.30687	False
ENSG00000103310	ZP2	False	0.029683088465200753	0.24893	False
ENSG00000103313	MEFV	False	0.3600750122888778	0.29788	False
ENSG00000103316	CRYM	False	0.24402822769194774	0.68092	False
ENSG00000103319	EEF2K	False	0.5416492668798769	0.47408	False
ENSG00000103326	CAPN15	False	0.5037168691772729	0.33759	False
ENSG00000103335	PIEZO1	False	0.06204240142821904	0.037671	False
ENSG00000103342	GSPT1	False	0.07300436646378425	0.18689	False
ENSG00000103343	ZNF174	False	0.17685783562526874	0.43056	False
ENSG00000103351	CLUAP1	False	0.061151927532903126	0.19288	False
ENSG00000103353	UBFD1	False	0.0750763031404282		False
ENSG00000103355	PRSS33	False	0.2671236830975514	0.16998	False
ENSG00000103356	EARS2	True	0.10061933016897606	0.016408	False
ENSG00000103363	ELOB	False	0.6053200197492897	0.24422	False
ENSG00000103365	GGA2	False	0.11853700064888792	0.059003	False
ENSG00000103375	AQP8	False	0.5422078580569114	0.092397	False
ENSG00000103381	CPPED1	False	0.20809906686379284	0.15114	False
ENSG00000103404	USP31	False	0.340304737763804	0.031839	False
ENSG00000103415	HMOX2	False	0.10847290716132513	0.096706	False
ENSG00000103423	DNAJA3	False	0.25938859802553366	0.17298	False
ENSG00000103429	BFAR	False	0.09751497607140383	0.52899	False
ENSG00000103449	SALL1	False	0.012241651865761299	0.017369	False
ENSG00000103460	TOX3	False	0.2257070578958724	0.25048	False
ENSG00000103479	RBL2	True	0.035613232040012724	0.47429	False
ENSG00000103485	QPRT	False	0.6155365368935886	0.33129	False
ENSG00000103489	XYLT1	False	0.41416951435459637	0.30547	False
ENSG00000103490	PYCARD	False	2.9926394867353283e-05	0.091154	False
ENSG00000103494	RPGRIP1L	False	0.21873646324471416	0.39149	False
ENSG00000103495	MAZ	False	0.4008213255543795	0.13601	False
ENSG00000103496	STX4	False	0.6345604718032283	0.1478	False
ENSG00000103502	CDIPT	False	0.27174944558427594	0.63849	False
ENSG00000103507	BCKDK	True	0.08121052772311993	0.36986	False
ENSG00000103510	KAT8	True	0.150945032694424	0.075098	False
ENSG00000103512	NOMO1	False	0.3593217635382298	0.59371	False
ENSG00000103522	IL21R	False	0.05627720739124588	0.45655	False
ENSG00000103528	SYT17	False	0.6183339548466722	0.52601	False
ENSG00000103534	TMC5	False	0.008149241525389142	0.25081	False
ENSG00000103540	CCP110	False	0.00013949652998585072	0.049883	False
ENSG00000103546	SLC6A2	False	0.6254925676411931	0.15075	False
ENSG00000103549	RNF40	False	0.09024308572896347	0.10681	False
ENSG00000103550	KNOP1	False	0.5041651652463708	0.27903	False
ENSG00000103569	AQP9	False	0.019817675764153643	0.41198	False
ENSG00000103591	AAGAB	False	0.48932743022693903	0.18341	False
ENSG00000103599	IQCH	False	0.23850382691230912	0.52013	False
ENSG00000103642	LACTB	False	0.5290798467420121	0.48249	False
ENSG00000103647	CORO2B	False	0.09220978392269087	0.089128	False
ENSG00000103653	CSK	False	0.7853178631560284	0.088843	False
ENSG00000103657	HERC1	False	0.6190346436605381	0.11239	False
ENSG00000103671	TRIP4	False	0.017626001966372117	0.10178	False
ENSG00000103707	MTFMT	False	0.03616706643195041	0.21214	False
ENSG00000103710	RASL12	False	0.5803839398977261	0.093811	False
ENSG00000103723	AP3B2	True	0.009536906487442025	0.059596	False
ENSG00000103740	ACSBG1	False	0.054625941005429994	0.17735	False
ENSG00000103742	IGDCC4	False	0.262792279435889	0.13808	False
ENSG00000103811	CTSH	False	0.3062868906115295	0.17367	False
ENSG00000103852	TTC23	False	0.6014030770720793	0.25549	False
ENSG00000103855	CD276	False	0.035527932907417854	0.082929	False
ENSG00000103876	FAH	False	0.0789386434726002	0.084723	False
ENSG00000103888	CEMIP	False	0.04696929416302015	0.12062	False
ENSG00000103932	RPAP1	False	0.35784122203188984	0.22342	False
ENSG00000103942	HOMER2	False	0.489516765034431	0.35875	False
ENSG00000103966	EHD4	False	0.22603359229703737	0.11866	False
ENSG00000103978	TMEM87A	False	0.4906025055541282	0.013053	False
ENSG00000103994	ZNF106	False	0.13769058157267236	0.42844	False
ENSG00000103995	CEP152	False	0.47376925720174745	0.26245	False
ENSG00000104043	ATP8B4	False	0.8067435162586619	0.18866	False
ENSG00000104044	OCA2	False	0.344821928978138	0.12106	False
ENSG00000104047	DTWD1	False	0.212018136543303	0.34177	False
ENSG00000104055	TGM5	False	0.44244477999352005	0.099447	False
ENSG00000104064	GABPB1	False	0.07472644116413295	0.21975	False
ENSG00000104067	TJP1	False	0.14431073913082593	0.7477	False
ENSG00000104081	BMF	False	0.5121732211766004	0.45901	False
ENSG00000104093	DMXL2	True	0.2165188982818689	0.47433	False
ENSG00000104112	SCG3	False	0.38731550637815176	0.36995	False
ENSG00000104129	DNAJC17	False	0.07682472262304796	0.18689	False
ENSG00000104131	EIF3J	False	0.1053179065285124	0.019475	False
ENSG00000104133	SPG11	False	0.0039264942076315075	0.54831	False
ENSG00000104140	RHOV	False	0.06113721989242367	0.41962	False
ENSG00000104142	VPS18	False	0.3699709086060841	0.25021	False
ENSG00000104147	OIP5	False	0.2272737795641651	0.027228	False
ENSG00000104154	SLC30A4	False	0.11891472023741774	0.043624	False
ENSG00000104164	BLOC1S6	False	0.27326388577851823	0.18557	False
ENSG00000104177	MYEF2	False	0.3355078097726572	0.19904	False
ENSG00000104205	SGK3	False	0.1693423607704703	0.47272	False
ENSG00000104213	PDGFRL	False	0.3367454506149716	0.30276	False
ENSG00000104218	CSPP1	False	0.13987011668633564	0.55245	False
ENSG00000104219	ZDHHC2	False	0.528947100387627	0.62459	False
ENSG00000104221	BRF2	False	0.2860312682517488	0.15814	False
ENSG00000104228	TRIM35	False	0.353759252944447	0.16597	False
ENSG00000104231	ZFAND1	False	0.025988180694615524	0.012301	False
ENSG00000104237	RP1	False	0.5279893611353045	0.22812	False
ENSG00000104267	CA2	False	0.42897262880883047	0.17317	False
ENSG00000104290	FZD3	False	0.1596662765653708	0.43526	False
ENSG00000104299	INTS9	False	0.12220795381167086	0.056178	False
ENSG00000104312	RIPK2	False	0.3521491494617593	0.15613	False
ENSG00000104313	EYA1	False	0.15224780437797417	0.60725	False
ENSG00000104320	NBN	False	0.22002503677572788	0.20453	False
ENSG00000104321	TRPA1	False	0.09535989907281196	0.26639	False
ENSG00000104324	CPQ	False	0.1049371062211319	0.06073	False
ENSG00000104325	DECR1	False	0.4602088478200953	0.097868	False
ENSG00000104327	CALB1	False	0.6882976856441816		False
ENSG00000104332	SFRP1	False	0.03654981067248176	0.093669	False
ENSG00000104356	POP1	False	0.016406039139450376	0.34168	False
ENSG00000104361	NIPAL2	False	0.13363721760030356	0.16184	False
ENSG00000104365	IKBKB	False	0.21825441390440706	0.059486	False
ENSG00000104368	PLAT	False	0.0035247701894860106	0.066647	False
ENSG00000104369	JPH1	False	0.31308073561355537	0.048882	False
ENSG00000104371	DKK4	False	0.028359711542944668	0.29413	False
ENSG00000104375	STK3	False	0.28437604970308583	0.013179	False
ENSG00000104381	GDAP1	False	0.14646282261302912	0.14715	False
ENSG00000104408	EIF3E	False	0.06653062633553973	0.0079954	False
ENSG00000104412	EMC2	False	0.44357704708159806	0.48105	False
ENSG00000104413	ESRP1	False	0.2268169151587574	0.083285	False
ENSG00000104419	NDRG1	False	0.2042749494234153	0.53347	False
ENSG00000104427	ZC2HC1A	False	0.04464014874567467	0.45296	False
ENSG00000104432	IL7	False	0.41466151656787475		False
ENSG00000104442	ARMC1	False	0.08920847379699844	0.0074133	False
ENSG00000104447	TRPS1	False	0.004157473925392458	0.19309	False
ENSG00000104450	SPAG1	False	0.006248731931082713	0.34872	False
ENSG00000104490	NCALD	False	0.2600035332460865	0.28132	False
ENSG00000104497	SNX16	False	0.10006742965723191	0.16413	False
ENSG00000104499	GML	False	0.17873970309900897	0.22637	False
ENSG00000104517	UBR5	True	0.07271214715539126	0.22503	False
ENSG00000104518	GSDMD	False	0.35097118803918625	0.6379	False
ENSG00000104529	EEF1D	False	0.3138491996523708	0.28712	False
ENSG00000104537	ANXA13	False	0.4040899017247784	0.39076	False
ENSG00000104549	SQLE	False	0.003301520156660572	0.032174	False
ENSG00000104611	SH2D4A	False	0.0014442187575641411	0.58806	False
ENSG00000104613	INTS10	False	0.13093598455524635	0.45382	False
ENSG00000104626	ERI1	False	0.4485520475689928	0.36547	False
ENSG00000104635	SLC39A14	False	0.06251892692706655	0.047124	False
ENSG00000104643	MTMR9	False	0.0291942320209884	0.19451	False
ENSG00000104660	LEPROTL1	False	0.054045009730458844		False
ENSG00000104671	DCTN6	False	0.5773497039955211	0.29003	False
ENSG00000104679	R3HCC1	False	0.021764362732642095	0.11412	False
ENSG00000104687	GSR	False	0.474286286709259	0.30896	False
ENSG00000104689	TNFRSF10A	False	0.1710622048203144	0.59925	False
ENSG00000104691	UBXN8	False	0.7015391689675905	0.21258	False
ENSG00000104695	PPP2CB	False	0.40732279654370046	0.16366	False
ENSG00000104714	ERICH1	False	0.3390697442678271	0.34105	False
ENSG00000104722	NEFM	False	0.2874167923400258	0.091527	False
ENSG00000104723	TUSC3	False	0.6423790736081809	0.24579	False
ENSG00000104728	ARHGEF10	False	0.1804264028702083	0.092277	False
ENSG00000104731	KLHDC4	False	0.4086542782737679	0.20215	False
ENSG00000104738	MCM4	False	0.11288705580109211	0.30194	False
ENSG00000104755	ADAM2	False	0.0021894952903259448	0.075863	False
ENSG00000104756	KCTD9	False	0.43139702119658185	0.050384	False
ENSG00000104760	FGL1	False	0.10898314036474974	0.45408	False
ENSG00000104763	ASAH1	True	0.14230697359888622	0.27129	False
ENSG00000104765	BNIP3L	False	0.10140899192580921		False
ENSG00000104774	MAN2B1	False	0.012122671888397213	0.20526	False
ENSG00000104783	KCNN4	False	0.32047990324117687	0.053208	False
ENSG00000104804	TULP2	False	0.10051741250644547	0.23093	False
ENSG00000104805	NUCB1	False	0.09729454656297488	0.5222	False
ENSG00000104808	DHDH	False	0.0022052305369548828	0.52839	False
ENSG00000104812	GYS1	False	0.06493886753300283	0.074013	False
ENSG00000104814	MAP4K1	False	0.3546653222865528	0.21355	False
ENSG00000104818	CGB2	False	0.26960937359095205	0.073049	False
ENSG00000104823	ECH1	False	0.2880350412249299	0.50078	False
ENSG00000104825	NFKBIB	False	0.6710638846238752	0.19441	False
ENSG00000104826	LHB	False	0.03288458660397409	0.47619	False
ENSG00000104833	TUBB4A	True	0.20953587605309926	0.096178	False
ENSG00000104835	SARS2	False	0.7540240755189802	0.14092	False
ENSG00000104848	KCNA7	False	0.028281138740313193	0.45556	False
ENSG00000104852	SNRNP70	False	0.5077043914421119	0.007232	False
ENSG00000104853	CLPTM1	False	0.6888726920477988	0.13651	False
ENSG00000104856	RELB	False	0.019652384955157694	0.16775	False
ENSG00000104859	CLASRP	False	0.17136395551723474	0.16385	False
ENSG00000104863	LIN7B	False	0.38225336942375565	0.052591	False
ENSG00000104866	PPP1R37	False	9.029266760505698e-05	0.022858	False
ENSG00000104870	FCGRT	False	0.2816412691302461	0.10422	False
ENSG00000104872	PIH1D1	False	0.05043146251936615	0.3278	False
ENSG00000104879	CKM	False	0.0627928720300323	0.56592	False
ENSG00000104880	ARHGEF18	False	0.05448986212870818	0.098463	False
ENSG00000104881	PPP1R13L	False	0.4561936259466992	0.21837	False
ENSG00000104883	PEX11G	False	0.051803281754169477	0.34252	False
ENSG00000104884	ERCC2	False	0.016324886392671784	0.047137	False
ENSG00000104885	DOT1L	False	0.0832105183728086	0.15192	False
ENSG00000104886	PLEKHJ1	False	0.8386754327067771	0.50769	False
ENSG00000104888	SLC17A7	False	0.23916200384113592	0.23413	False
ENSG00000104889	RNASEH2A	True	0.06264328327703489	0.15067	False
ENSG00000104892	KLC3	False	0.2097841204761832	0.17903	False
ENSG00000104894	CD37	False	0.307329087363584	0.29855	False
ENSG00000104897	SF3A2	False	0.08343036505508858	0.25848	False
ENSG00000104899	AMH	False	0.006807444963442569	0.092367	False
ENSG00000104901	DKKL1	False	0.11575202697257009	0.3878	False
ENSG00000104904	OAZ1	False	0.16739740491400984	0.62439	False
ENSG00000104907	TRMT1	True	0.11000055502021397	0.10874	False
ENSG00000104915	STX10	False	0.12334352667051973	0.036363	False
ENSG00000104918	RETN	False	0.07523218963138018	0.65053	False
ENSG00000104921	FCER2	False	0.26224714485196005	0.24745	False
ENSG00000104936	DMPK	False	0.08441524520165539	0.27403	False
ENSG00000104938	CLEC4M	False	0.270605344519426	0.11728	False
ENSG00000104941	RSPH6A	False	0.014322360702371584	0.22358	False
ENSG00000104946	TBC1D17	False	0.6197306428466955	0.37615	False
ENSG00000104951	IL4I1	False	0.22483163931673739	0.0040188	False
ENSG00000104953	TLE6	False	0.05050606879160155	0.14371	False
ENSG00000104960	PTOV1	False	0.031088291381919382	0.018646	False
ENSG00000104967	NOVA2	True	0.9074845226462906		False
ENSG00000104969	SGTA	False	0.06194629398835953	0.35085	False
ENSG00000104972	LILRB1	False	0.16809294534805683	0.086857	False
ENSG00000104973	MED25	False	0.2905546176348676	0.04061	False
ENSG00000104974	LILRA1	False	0.07086620535494687	0.33682	False
ENSG00000104976	SNAPC2	False	0.2622801149960574	0.23836	False
ENSG00000104979	C19orf53	False	0.2244261925566677	0.41406	False
ENSG00000104980	TIMM44	False	0.498319445692192	0.18084	False
ENSG00000104983	CCDC61	False	0.6029836805128308	0.30802	False
ENSG00000104998	IL27RA	False	0.13838829317696422	0.046349	False
ENSG00000105011	ASF1B	False	0.22616442839292558	0.42967	False
ENSG00000105048	TNNT1	False	0.10969077449394106	0.22535	False
ENSG00000105053	VRK3	False	0.4084432019144689	0.092387	False
ENSG00000105058	FAM32A	False	0.7627360751648892	0.20066	False
ENSG00000105063	PPP6R1	False	0.004982541880500093	0.38706	False
ENSG00000105072	C19orf44	False	0.2844223953746332	0.028476	False
ENSG00000105085	MED26	False	0.13717680998849655	0.56437	False
ENSG00000105088	OLFM2	False	0.1526970043237664	0.24164	False
ENSG00000105122	RASAL3	False	0.554956394330466	0.11823	False
ENSG00000105127	AKAP8	False	0.6407256718525035	0.41255	False
ENSG00000105131	EPHX3	False	0.2752993239981375	0.12429	False
ENSG00000105135	ILVBL	False	0.15744352766259398	0.18181	False
ENSG00000105136	ZNF419	False	0.001958370018155478	0.23298	False
ENSG00000105137	SYDE1	False	0.28028365834516744	0.15883	False
ENSG00000105141	CASP14	False	0.01168458019151576	0.4915	False
ENSG00000105143	SLC1A6	False	0.04042825836853102	0.092716	False
ENSG00000105146	AURKC	False	0.028163291563934587	0.084684	False
ENSG00000105171	POP4	False	0.08574931820983042	0.061281	False
ENSG00000105173	CCNE1	False	0.24750597375676037	0.20709	False
ENSG00000105176	URI1	False	0.13840726576831827	0.10727	False
ENSG00000105185	PDCD5	False	0.5492003863855692	0.91779	False
ENSG00000105186	ANKRD27	False	0.23340650498167395	0.36454	False
ENSG00000105193	RPS16	False	0.22481665636632553	0.1454	False
ENSG00000105198	LGALS13	False	0.061274582474530666	0.36032	False
ENSG00000105202	FBL	False	0.3744825289524994		False
ENSG00000105204	DYRK1B	False	0.23319831675169492	0.097683	False
ENSG00000105205	CLC	False	0.3812573297339573	0.33749	False
ENSG00000105220	GPI	False	0.14751385439816633	0.43418	False
ENSG00000105221	AKT2	False	0.7798546845116376	0.15556	False
ENSG00000105223	PLD3	False	0.00886743676342573	0.035598	False
ENSG00000105227	PRX	False	0.0007333599331155172	0.0049775	False
ENSG00000105229	PIAS4	False	0.06895079862261855	0.18571	False
ENSG00000105245	NUMBL	False	0.02650596588127446	0.23816	False
ENSG00000105246	EBI3	False	0.550481764920336	0.44403	False
ENSG00000105248	YJU2	False	0.3045762198938344	0.14102	False
ENSG00000105251	SHD	False	0.128202949502443	0.063172	False
ENSG00000105254	TBCB	False	0.6118097400379763	0.2316	False
ENSG00000105255	FSD1	False	0.199728482389331	0.23991	False
ENSG00000105258	POLR2I	False	0.3157378687552854	0.025485	False
ENSG00000105261	OVOL3	False	0.44947855940450465	0.22087	False
ENSG00000105270	CLIP3	False	0.37717764333549547	0.10403	False
ENSG00000105278	ZFR2	False	0.5648500451430553	0.4352	False
ENSG00000105281	SLC1A5	False	0.00013832590830978843	0.060863	False
ENSG00000105287	PRKD2	False	0.45314942564495875	0.2066	False
ENSG00000105289	TJP3	False	0.4102519134850896	0.44813	False
ENSG00000105290	APLP1	False	0.46014517506143415	0.20212	False
ENSG00000105298	CACTIN	False	0.36667686011604594	0.068409	False
ENSG00000105321	CCDC9	False	0.11696405651016721	0.34841	False
ENSG00000105323	HNRNPUL1	False	0.04300499073212063	0.29731	False
ENSG00000105325	FZR1	True	0.08272851025330619	0.21512	False
ENSG00000105327	BBC3	False	0.2631144845212602	0.062199	False
ENSG00000105329	TGFB1	False	0.0963130365941702	0.12876	False
ENSG00000105339	DENND3	False	0.5336759320257687	0.50847	False
ENSG00000105341	DMAC2	False	0.6525338668178853	0.089699	False
ENSG00000105352	CEACAM4	False	0.3939457341553397	0.21069	False
ENSG00000105355	PLIN3	False	0.2799485746170785	0.086702	False
ENSG00000105357	MYH14	False	0.26496210546883897	0.33094	False
ENSG00000105364	MRPL4	False	0.01436663929407661	0.15877	False
ENSG00000105366	SIGLEC8	False	0.7519424903526828	0.665	False
ENSG00000105369	CD79A	False	0.05643463031303266	0.098465	False
ENSG00000105370	LIM2	False	0.005527652113583508	0.0014108	False
ENSG00000105371	ICAM4	False	0.17173707439732605	0.18428	False
ENSG00000105372	RPS19	False	0.6001502258337024	0.914	False
ENSG00000105373	NOP53	False	0.17375876330530518	0.64345	False
ENSG00000105374	NKG7	False	0.22701407583323255	0.16303	False
ENSG00000105376	ICAM5	False	0.2946581938648864	0.10097	False
ENSG00000105379	ETFB	False	0.15215993908351622	0.50322	False
ENSG00000105383	CD33	False	0.10553732272273458	0.23918	False
ENSG00000105388	CEACAM5	False	0.47425790603735407	0.59152	False
ENSG00000105392	CRX	False	0.3371603607925161	0.21337	False
ENSG00000105393	BABAM1	False	0.27730479168654903	0.28562	False
ENSG00000105397	TYK2	False	0.031206018189505712	0.027067	False
ENSG00000105398	SULT2A1	False	0.5729696670252218	0.10827	False
ENSG00000105401	CDC37	False	0.011938891345543061	0.29251	False
ENSG00000105402	NAPA	False	0.42041980644453525	0.36437	False
ENSG00000105404	RABAC1	False	0.15056739846220507	0.012675	False
ENSG00000105419	MEIS3	False	0.326564534125424	0.17142	False
ENSG00000105426	PTPRS	False	0.11082448037840666	0.65949	False
ENSG00000105427	CNFN	False	0.43292428599674426	0.18126	False
ENSG00000105428	ZNRF4	False	0.25893393007874876		False
ENSG00000105429	MEGF8	False	0.004021551218059113	0.15601	False
ENSG00000105438	KDELR1	False	0.630822800251187	0.68546	False
ENSG00000105443	CYTH2	False	0.17656427885691586	0.28806	False
ENSG00000105447	GRWD1	False	0.10363221523889514	0.026472	False
ENSG00000105464	GRIN2D	True	0.0037507661148447153	0.0086811	False
ENSG00000105467	SYNGR4	False	0.04457570234154694	0.27307	False
ENSG00000105472	CLEC11A	False	0.088847035070989	0.01208	False
ENSG00000105483	CARD8	False	0.6710778128677581	0.23729	False
ENSG00000105486	LIG1	False	0.01816667394968476	0.13528	False
ENSG00000105492	SIGLEC6	False	2.8707511360864942e-05	0.49777	False
ENSG00000105497	ZNF175	False	0.06640200337402653	0.18486	False
ENSG00000105499	PLA2G4C	False	0.05630252267755417	0.34067	False
ENSG00000105507	CABP5	False	0.38543520374406254	0.21994	False
ENSG00000105509	HAS1	False	0.42701076414998274	0.35353	False
ENSG00000105514	RAB3D	False	0.3355591877025029	0.14933	False
ENSG00000105516	DBP	False	0.11577116643940916	0.080382	False
ENSG00000105518	TMEM205	False	0.3494139386474926	0.25689	False
ENSG00000105520	PLPPR2	False	0.42432769826596595	0.15234	False
ENSG00000105523	FAM83E	False	0.09308480852169605	0.67404	False
ENSG00000105538	RASIP1	False	0.16598704592092056	0.47089	False
ENSG00000105549	THEG	False	0.20642337798387916	0.33513	False
ENSG00000105550	FGF21	False	0.03444487708262184	0.14774	False
ENSG00000105552	BCAT2	False	0.5572364830829617	0.50182	False
ENSG00000105556	MIER2	False	0.3338083970289115	0.10608	False
ENSG00000105559	PLEKHA4	False	0.13115226397992702	0.45809	False
ENSG00000105568	PPP2R1A	True	0.38368387407231475	0.0015361	False
ENSG00000105576	TNPO2	True	0.7375713353255525	0.031175	False
ENSG00000105605	CACNG7	False	0.2088743158582684	0.11158	False
ENSG00000105607	GCDH	True	0.008208145506953403	0.081524	False
ENSG00000105609	LILRB5	False	0.15869231473997047	0.099948	False
ENSG00000105610	KLF1	False	0.01483110148107355	0.092987	False
ENSG00000105612	DNASE2	False	0.0692792891443521	0.29408	False
ENSG00000105613	MAST1	True	0.41980666896032726	0.54104	False
ENSG00000105617	LENG1	False	0.20681843537051212	0.084056	False
ENSG00000105618	PRPF31	False	0.46044436955718815	0.3383	False
ENSG00000105619	TFPT	False	0.16917485238079988	0.11474	False
ENSG00000105639	JAK3	False	0.07778929464459597	0.034453	False
ENSG00000105640	RPL18A	False	0.21832849544360397	0.17053	False
ENSG00000105641	SLC5A5	False	0.03586235145189997	0.28757	False
ENSG00000105642	KCNN1	False	0.09478198649422569	0.11432	False
ENSG00000105643	ARRDC2	False	0.08932100505987954	0.31598	False
ENSG00000105649	RAB3A	False	0.10943380510229749	0.024179	False
ENSG00000105655	ISYNA1	False	0.09910538067704945	0.21491	False
ENSG00000105656	ELL	False	0.7039091060347055	0.10717	False
ENSG00000105662	CRTC1	False	0.04037734373409294	0.15366	False
ENSG00000105664	COMP	False	0.19177069164925967	0.10745	False
ENSG00000105668	UPK1A	False	0.2277753806502647	0.36583	False
ENSG00000105669	COPE	False	0.5515944428902759	0.22382	False
ENSG00000105671	DDX49	False	0.37833988330801355	0.19225	False
ENSG00000105672	ETV2	False	0.2901717689262236	0.009368	False
ENSG00000105675	ATP4A	False	0.09069430014010472	0.11868	False
ENSG00000105676	ARMC6	False	0.015270189214415107	0.10545	False
ENSG00000105677	TMEM147	False	0.34467381649607687	0.26369	False
ENSG00000105679	GAPDHS	False	0.07309220060684289	0.17721	False
ENSG00000105695	MAG	False	0.017271256783528123	0.56531	False
ENSG00000105696	TMEM59L	False	0.01493171926809281	0.57231	False
ENSG00000105697	HAMP	False	0.4298832425112077	0.32685	False
ENSG00000105698	USF2	False	0.6742663563236688	0.24828	False
ENSG00000105700	KXD1	False	0.005535749327169763		False
ENSG00000105701	FKBP8	False	0.14459813380585873	0.016151	False
ENSG00000105705	SUGP1	False	0.433319133087284	0.1243	False
ENSG00000105707	HPN	False	0.13234282016983545	0.25109	False
ENSG00000105708	ZNF14	False	0.010054882034086726	0.21742	False
ENSG00000105711	SCN1B	True	0.030733642079555687	0.08103	False
ENSG00000105717	PBX4	False	0.5188558959037062	0.40202	False
ENSG00000105722	ERF	False	0.26543793568542173	0.18279	False
ENSG00000105723	GSK3A	False	0.6507974542822789	0.2909	False
ENSG00000105726	ATP13A1	False	0.11300817655975261	0.061393	False
ENSG00000105732	ZNF574	False	0.179675134973563	0.35208	False
ENSG00000105737	GRIK5	False	0.051685416515187974	0.0011304	False
ENSG00000105738	SIPA1L3	False	0.14739731880811507	0.33963	False
ENSG00000105750	ZNF85	False	0.48305760766223715	0.1262	False
ENSG00000105755	ETHE1	True	0.3193474454400279	0.36059	False
ENSG00000105767	CADM4	False	0.3190271995976417	0.23947	False
ENSG00000105771	SMG9	False	0.2426349608923494	0.27248	False
ENSG00000105778	AVL9	False	0.002205089094345909	0.075727	False
ENSG00000105784	RUNDC3B	False	0.3490248649642384	0.13504	False
ENSG00000105792	CFAP69	False	0.19970830053012797	0.094272	False
ENSG00000105793	GTPBP10	False	0.35178179326728143	0.29531	False
ENSG00000105810	CDK6	False	0.1759013144335461	0.25744	False
ENSG00000105819	PMPCB	True	0.5431851118525464	0.55672	False
ENSG00000105821	DNAJC2	False	0.12298377429619589	0.40046	False
ENSG00000105825	TFPI2	False	0.29757282229213944	0.084443	False
ENSG00000105835	NAMPT	False	0.08165230675066264	0.013318	False
ENSG00000105851	PIK3CG	False	0.007550908677857514	0.074917	False
ENSG00000105852	PON3	False	0.17950788978001075	0.12215	False
ENSG00000105854	PON2	False	0.1074956803095305	0.59445	False
ENSG00000105855	ITGB8	False	0.1979577174657458	0.42349	False
ENSG00000105856	HBP1	False	0.2958035772976384	0.10534	False
ENSG00000105865	DUS4L	False	0.07216061001999143	0.28721	False
ENSG00000105866	SP4	False	3.18377235884882e-12	0.019924	True
ENSG00000105875	WDR91	False	0.21255031917456818	0.19027	False
ENSG00000105877	DNAH11	False	0.34025855099840313	0.48753	False
ENSG00000105879	CBLL1	False	0.4006251946021834		False
ENSG00000105880	DLX5	False	0.019659807893866177	0.048103	False
ENSG00000105889	STEAP1B	False	0.20644722974921323	0.40011	False
ENSG00000105894	PTN	False	0.22043077389223995	0.48073	False
ENSG00000105928	GSDME	False	0.27344042919272965	0.30195	False
ENSG00000105929	ATP6V0A4	False	0.06732688568522739	0.090485	False
ENSG00000105939	ZC3HAV1	False	0.006582300610028316	0.29678	False
ENSG00000105948	TTC26	False	0.13685012768985116	0.38926	False
ENSG00000105953	OGDH	False	0.34050010545426207	0.042369	False
ENSG00000105954	NPVF	False	0.5048828061405524	0.27762	False
ENSG00000105963	ADAP1	False	0.38855815280106915	0.19982	False
ENSG00000105967	TFEC	False	0.23111990123015583	0.15887	False
ENSG00000105971	CAV2	False	0.6971101553371821	0.2893	False
ENSG00000105974	CAV1	False	0.006148518357754146	0.0082068	False
ENSG00000105976	MET	False	0.14724028665207636	0.24074	False
ENSG00000105982	RNF32	False	0.08738702287884803	0.35066	False
ENSG00000105983	LMBR1	False	0.28002148702234597	0.20257	False
ENSG00000105989	WNT2	False	0.01902717423386572	0.43937	False
ENSG00000105991	HOXA1	True	0.04393711523713306	0.057459	False
ENSG00000105993	DNAJB6	False	0.1966422248572645	0.27698	False
ENSG00000105996	HOXA2	False	0.04551265771484661	0.21107	False
ENSG00000105997	HOXA3	False	0.15915043097065215	0.16977	False
ENSG00000106003	LFNG	False	0.0008971985680649264	0.071747	False
ENSG00000106004	HOXA5	False	0.03104596431899721	0.40249	False
ENSG00000106006	HOXA6	False	0.20714821403443492	0.058374	False
ENSG00000106009	BRAT1	True	0.5571299506818684	0.36199	False
ENSG00000106012	IQCE	False	0.13267099302081714	0.077251	False
ENSG00000106013	ANKRD7	False	0.4754447750938471	0.11023	False
ENSG00000106018	VIPR2	False	0.1608566030513633	0.62292	False
ENSG00000106025	TSPAN12	False	0.16445085278178265	0.77032	False
ENSG00000106031	HOXA13	False	0.38679571157894627		False
ENSG00000106034	CPED1	False	0.6669784106967973	0.1552	False
ENSG00000106038	EVX1	False	0.01602794024953463	0.2862	False
ENSG00000106049	HIBADH	False	0.01269696316492636	0.62574	False
ENSG00000106052	TAX1BP1	False	0.5465866872284441	0.42562	False
ENSG00000106066	CPVL	False	0.46020702141625636	0.194	False
ENSG00000106070	GRB10	False	0.009283540900750759	0.038186	False
ENSG00000106078	COBL	False	0.025878208286415173	0.024646	False
ENSG00000106080	FKBP14	False	0.28996047687463705	0.20035	False
ENSG00000106086	PLEKHA8	False	0.03165928187846307	0.0051534	False
ENSG00000106089	STX1A	True	0.09895252145712269	0.20382	False
ENSG00000106100	NOD1	False	0.3750804651964348	0.40829	False
ENSG00000106113	CRHR2	False	0.08289044260054697	0.15259	False
ENSG00000106123	EPHB6	False	0.36973838847319196	0.72633	False
ENSG00000106125	MINDY4	False	0.14059880263946162	0.31018	False
ENSG00000106128	GHRHR	False	0.1561931650659303	0.45698	False
ENSG00000106144	CASP2	True	0.3762131668296245	0.1634	False
ENSG00000106153	CHCHD2	False	0.6323017971051161	0.096812	False
ENSG00000106211	HSPB1	False	0.3068473634097333	0.14146	False
ENSG00000106236	NPTX2	False	0.3014918561382291	0.09671	False
ENSG00000106244	PDAP1	False	0.16495458065197197	0.26865	False
ENSG00000106245	BUD31	False	0.11609047343182168	0.21379	False
ENSG00000106258	CYP3A5	False	0.09873253982279412	0.50216	False
ENSG00000106261	ZKSCAN1	False	0.4339107195315167	0.29636	False
ENSG00000106263	EIF3B	False	0.6000278862670836	0.17454	False
ENSG00000106266	SNX8	False	0.06291985542788424	0.50571	False
ENSG00000106268	NUDT1	False	0.20083388706928812	0.049186	False
ENSG00000106278	PTPRZ1	False	0.13767409935000152	0.59877	False
ENSG00000106290	TAF6	False	0.2806694310598103	0.28849	False
ENSG00000106299	WASL	False	0.760995372153545	0.4139	False
ENSG00000106302	HYAL4	False	0.051085130250971264	0.33407	False
ENSG00000106304	SPAM1	False	0.1097392635907779	0.019134	False
ENSG00000106305	AIMP2	False	0.1101841539892709	0.51208	False
ENSG00000106327	TFR2	False	0.06849980188204274	0.19511	False
ENSG00000106328	FSCN3	False	0.10398679773131773	0.037302	False
ENSG00000106330	MOSPD3	False	0.24220395177629367	0.17443	False
ENSG00000106333	PCOLCE	False	0.01924811719206012	0.13065	False
ENSG00000106336	FBXO24	False	0.2784145805811545	0.15329	False
ENSG00000106341	PPP1R17	False	0.1197103550449008	0.4377	False
ENSG00000106344	RBM28	False	0.41889480813001523	0.11205	False
ENSG00000106346	USP42	False	0.5275286691131447	0.13907	False
ENSG00000106348	IMPDH1	False	0.8163215028615805	0.36395	False
ENSG00000106351	AGFG2	False	0.43975169822150695	0.31278	False
ENSG00000106366	SERPINE1	False	0.3483944813200961	0.43077	False
ENSG00000106367	AP1S1	False	0.7113041273113192	0.69127	False
ENSG00000106384	MOGAT3	False	0.376879486931846	0.51429	False
ENSG00000106392	C1GALT1	False	0.21483775290518675	0.14852	False
ENSG00000106397	PLOD3	False	0.17397402397731165	0.40251	False
ENSG00000106399	RPA3	False	0.16694163749800955	0.31984	False
ENSG00000106400	ZNHIT1	False	0.20789458311799133	0.1078	False
ENSG00000106404	CLDN15	False	0.4730028409139284	0.25025	False
ENSG00000106415	GLCCI1	False	0.2619544067679716	0.40226	False
ENSG00000106436	MYL10	False	0.19892810662154398	0.30229	False
ENSG00000106443	PHF14	False	0.04003417560763103	0.17239	False
ENSG00000106459	NRF1	False	0.0026739234070021255	0.17962	False
ENSG00000106460	TMEM106B	True	0.7008254538895256	0.31188	False
ENSG00000106462	EZH2	False	0.4558717043845498	0.11483	False
ENSG00000106477	CEP41	False	0.15137108237731123	0.27356	False
ENSG00000106479	ZNF862	False	0.011937393747081313	0.26147	False
ENSG00000106483	SFRP4	False	0.02518379740396906	0.25717	False
ENSG00000106484	MEST	False	0.03129050554192456	0.099998	False
ENSG00000106511	MEOX2	False	0.3136366765337061	0.42138	False
ENSG00000106524	ANKMY2	False	0.15221720535048472	0.35211	False
ENSG00000106526	ACTR3C	False	0.2848971322178484	0.014548	False
ENSG00000106537	TSPAN13	False	0.10692505998124133	0.31202	False
ENSG00000106538	RARRES2	False	0.27683517760426835	0.46292	False
ENSG00000106541	AGR2	False	0.12392525866244183	0.10782	False
ENSG00000106546	AHR	False	0.5747060883611965	0.13033	False
ENSG00000106554	CHCHD3	False	0.2819456053307077	0.3196	False
ENSG00000106560	GIMAP2	False	0.16634434583963822	0.63461	False
ENSG00000106565	TMEM176B	False	0.0018775908480278044	0.46499	False
ENSG00000106571	GLI3	True	0.02973538632465318	0.0041508	False
ENSG00000106591	MRPL32	False	0.26944068148036077	0.30448	False
ENSG00000106603	COA1	False	0.21712215206803773	0.595	False
ENSG00000106605	BLVRA	False	0.09737266899280558	0.061895	False
ENSG00000106608	URGCP	False	0.7283229146050619	0.08559	False
ENSG00000106609	TMEM248	False	0.0030977163910741894	0.2346	False
ENSG00000106617	PRKAG2	False	0.7588950582863478	0.1344	False
ENSG00000106624	AEBP1	False	0.03638112460488211	0.074545	False
ENSG00000106628	POLD2	False	0.1590795951456499	0.079639	False
ENSG00000106631	MYL7	False	0.45455240840978683	0.22962	False
ENSG00000106633	GCK	False	0.5586398525948746	0.1833	False
ENSG00000106635	BCL7B	False	0.38916725460900653	0.29974	False
ENSG00000106636	YKT6	False	0.6927058640241057	0.29662	False
ENSG00000106638	TBL2	False	0.30442440494570944	0.020863	False
ENSG00000106648	GALNTL5	False	0.0005679348676617462	0.078243	False
ENSG00000106665	CLIP2	False	0.05656580649225361	0.005497	False
ENSG00000106682	EIF4H	False	0.4177772849285406	0.10487	False
ENSG00000106683	LIMK1	False	0.23538341006842994	0.20865	False
ENSG00000106686	SPATA6L	False	0.3714912796727399	0.32999	False
ENSG00000106688	SLC1A1	False	0.13446447361322558	0.23978	False
ENSG00000106689	LHX2	False	0.507810229890417	0.016583	False
ENSG00000106692	FKTN	True	0.12123644647073285	0.26858	False
ENSG00000106701	FSD1L	False	0.44198546759722845	0.52842	False
ENSG00000106714	CNTNAP3	False	0.07844311135877624	0.20771	False
ENSG00000106733	NMRK1	False	0.18179233599556432	0.30625	False
ENSG00000106771	TMEM245	False	0.14754123060519872	0.14164	False
ENSG00000106772	PRUNE2	False	0.018412524116245107	0.16787	False
ENSG00000106780	MEGF9	False	0.16815295072874964	0.19428	False
ENSG00000106785	TRIM14	False	0.04160328325129668	0.30851	False
ENSG00000106789	CORO2A	False	0.08688987958288151	0.38742	False
ENSG00000106799	TGFBR1	False	0.3786992142105277	0.24309	False
ENSG00000106803	SEC61B	False	0.5981127764810589	0.27236	False
ENSG00000106804	C5	False	0.4216884212305638	0.44091	False
ENSG00000106809	OGN	False	0.08466415608518298	0.22789	False
ENSG00000106823	ECM2	False	0.008594321223039835	0.031271	False
ENSG00000106829	TLE4	False	0.051572667846161255	0.37348	False
ENSG00000106852	LHX6	False	0.12884397054114327	0.27727	False
ENSG00000106853	PTGR1	False	0.6618471823058428	0.30212	False
ENSG00000106868	SUSD1	False	0.1269169394907963	0.19349	False
ENSG00000106927	AMBP	False	0.6584290139306527	0.56522	False
ENSG00000106948	AKNA	False	0.45953140245149326	0.32486	False
ENSG00000106952	TNFSF8	False	0.36786530101978626	0.18009	False
ENSG00000106976	DNM1	True	0.059671919877108154	0.0016733	False
ENSG00000106991	ENG	False	0.2081472740952721	0.41307	False
ENSG00000106992	AK1	False	0.12831075252216523	0.42524	False
ENSG00000106993	CDC37L1	False	0.07795901198657718	0.13366	False
ENSG00000107014	RLN2	False	0.4795495684568296	0.24005	False
ENSG00000107018	RLN1	False	0.3236294303283396	0.31592	False
ENSG00000107020	PLGRKT	False	0.9917582204605566	0.050147	False
ENSG00000107021	TBC1D13	False	0.2893890070451339	0.2383	False
ENSG00000107036	RIC1	False	0.11583451149312504	0.29191	False
ENSG00000107077	KDM4C	False	0.29556150764995814	0.47206	False
ENSG00000107099	DOCK8	False	0.03194900097068219	0.39844	False
ENSG00000107104	KANK1	False	0.09930226699506714	0.11978	False
ENSG00000107105	ELAVL2	False	0.5481303891042963		False
ENSG00000107140	TESK1	False	0.00016122005945153525	0.067845	False
ENSG00000107147	KCNT1	True	0.003811772013942302	0.014402	False
ENSG00000107159	CA9	False	0.05867240047465684	0.36212	False
ENSG00000107164	FUBP3	False	0.5219818037880135	0.2734	False
ENSG00000107165	TYRP1	False	0.19879966756214107	0.12864	False
ENSG00000107175	CREB3	False	0.17465291589099252	0.32797	False
ENSG00000107185	RGP1	False	0.1555331961422084	0.15374	False
ENSG00000107186	MPDZ	False	0.04426192794743813	0.15371	False
ENSG00000107187	LHX3	False	0.3090337018721083	0.013552	False
ENSG00000107223	EDF1	False	0.27037952024861284	0.091809	False
ENSG00000107242	PIP5K1B	False	0.765049854165848	0.042423	False
ENSG00000107249	GLIS3	False	0.40990309365452227	0.13565	False
ENSG00000107262	BAG1	False	0.08569189232735694	0.26529	False
ENSG00000107263	RAPGEF1	False	0.0001260761804799438	0.052368	False
ENSG00000107281	NPDC1	False	0.06464638765389744	0.19707	False
ENSG00000107282	APBA1	False	0.6741658114213009	0.41496	False
ENSG00000107290	SETX	False	0.06400982335966611	0.16973	False
ENSG00000107295	SH3GL2	False	0.03275788985877938	0.23541	False
ENSG00000107331	ABCA2	True	0.07683160218810384	0.1321	False
ENSG00000107338	SHB	False	0.025170118008928464	0.69304	False
ENSG00000107341	UBE2R2	False	0.875978450307809	0.58017	False
ENSG00000107362	ABHD17B	False	0.01357867694703276	0.08864	False
ENSG00000107371	EXOSC3	True	0.40606401255870206	0.54451	False
ENSG00000107372	ZFAND5	False	0.07059990252290241	0.071509	False
ENSG00000107404	DVL1	False	0.05146828287415407	0.54909	False
ENSG00000107438	PDLIM1	False	0.09567514053733296	0.057505	False
ENSG00000107443	CCNJ	False	0.6305717408395726	0.29482	False
ENSG00000107447	DNTT	False	0.5962275351678457	0.58447	False
ENSG00000107485	GATA3	False	0.41716634979675227	0.093991	False
ENSG00000107518	ATRNL1	False	0.25489276860401655	0.12105	False
ENSG00000107521	HPS1	False	0.1338344578871062	0.044388	False
ENSG00000107537	PHYH	False	0.09479239295109791	0.46618	False
ENSG00000107551	RASSF4	False	0.05478713671683376	0.42234	False
ENSG00000107554	DNMBP	False	0.1248411213150254	0.20432	False
ENSG00000107560	RAB11FIP2	False	0.5223487396926304	0.29068	False
ENSG00000107562	CXCL12	False	0.010407884751010942	0.043522	False
ENSG00000107566	ERLIN1	False	0.07359292147075844	0.11381	False
ENSG00000107581	EIF3A	False	0.3004681636145336	0.16525	False
ENSG00000107593	PKD2L1	False	0.05556753514135856	0.1164	False
ENSG00000107611	CUBN	False	0.22986526473517835	0.075192	False
ENSG00000107614	TRDMT1	False	0.15116373331069313	0.044498	False
ENSG00000107625	DDX50	False	0.10997330687203807	0.2403	False
ENSG00000107643	MAPK8	False	0.5733355816893104	0.31843	False
ENSG00000107651	SEC23IP	False	0.0019247154444713764	0.0021934	False
ENSG00000107669	ATE1	False	0.29979283537163787	0.19418	False
ENSG00000107672	NSMCE4A	False	0.13099421340317374	0.2138	False
ENSG00000107679	PLEKHA1	False	0.22230042021136823	0.41288	False
ENSG00000107719	PALD1	False	0.3917236845085399	0.32728	False
ENSG00000107731	UNC5B	False	0.2754405210900987	0.45981	False
ENSG00000107736	CDH23	False	0.036387532044478504	0.14138	False
ENSG00000107738	VSIR	False	0.08243083145919894		False
ENSG00000107742	SPOCK2	False	0.06348848592181712	0.033849	False
ENSG00000107745	MICU1	False	0.09574742321631645	0.023907	False
ENSG00000107758	PPP3CB	False	0.15145484159660755	0.21583	False
ENSG00000107771	CCSER2	False	0.03937705721072876	0.28107	False
ENSG00000107779	BMPR1A	False	0.2392875669124601	0.22125	False
ENSG00000107789	MINPP1	True	0.21261745196809048	0.44364	False
ENSG00000107796	ACTA2	False	0.26317876404276	0.15045	False
ENSG00000107798	LIPA	False	0.39946171628798444	0.17665	False
ENSG00000107807	TLX1	False	0.1285313836296395		False
ENSG00000107815	TWNK	True	0.12606771081923016	0.69851	False
ENSG00000107816	LZTS2	False	0.019805159867006636	0.37884	False
ENSG00000107821	KAZALD1	False	0.06420418031544549	0.0084995	False
ENSG00000107831	FGF8	False	0.04220036061905765	0.24513	False
ENSG00000107833	NPM3	False	0.012340519317309822	0.046498	False
ENSG00000107854	TNKS2	False	0.293918535011433	0.33149	False
ENSG00000107859	PITX3	False	0.10033998917923409	0.10445	False
ENSG00000107862	GBF1	False	0.08543011218279134	0.23428	False
ENSG00000107863	ARHGAP21	False	0.001351602634580748	0.13312	False
ENSG00000107864	CPEB3	False	0.4698798834931168	0.14517	False
ENSG00000107872	FBXL15	False	0.24102115001104776	0.0050685	False
ENSG00000107874	CUEDC2	False	0.17274223691009652	0.31474	False
ENSG00000107882	SUFU	False	0.07014413952905807	0.27683	False
ENSG00000107890	ANKRD26	False	0.32178428336740056	0.21627	False
ENSG00000107897	ACBD5	False	0.26254443533423716	0.25211	False
ENSG00000107902	LHPP	False	0.07541923154789	0.042057	False
ENSG00000107929	LARP4B	False	0.28136681732836033	0.064354	False
ENSG00000107937	GTPBP4	False	0.11447308566016556		False
ENSG00000107938	EDRF1	False	0.4015399826288901	0.37266	False
ENSG00000107949	BCCIP	False	0.18686421334199205	0.039536	False
ENSG00000107951	MTPAP	False	0.02253860447383985	0.45643	False
ENSG00000107954	NEURL1	False	0.12711095884160528	0.1869	False
ENSG00000107957	SH3PXD2A	False	0.015272456408198028	0.41126	False
ENSG00000107959	PITRM1	False	0.10990541630785526	0.14996	False
ENSG00000107960	STN1	False	0.08699925426691998	0.32355	False
ENSG00000107968	MAP3K8	False	0.054452203907772063	0.12506	False
ENSG00000107984	DKK1	False	0.5481530172701099	0.54177	False
ENSG00000108001	EBF3	False	0.5340486168087415	0.42276	False
ENSG00000108010	GLRX3	False	0.34071378894061366	0.21424	False
ENSG00000108018	SORCS1	False	0.26533029306798317	0.18062	False
ENSG00000108039	XPNPEP1	False	0.6550179166027346	0.026555	False
ENSG00000108055	SMC3	False	0.14261617273911673	0.038349	False
ENSG00000108061	SHOC2	False	0.2900019823510936	0.41317	False
ENSG00000108064	TFAM	False	0.096008408155137	0.33481	False
ENSG00000108091	CCDC6	False	0.353406870297568	0.11278	False
ENSG00000108094	CUL2	False	0.0025097563075359287	0.13762	False
ENSG00000108100	CCNY	False	0.5590588859675039	0.0067932	False
ENSG00000108106	UBE2S	False	0.2660355952198432	0.054564	False
ENSG00000108107	RPL28	False	0.004422183136318637	0.15478	False
ENSG00000108175	ZMIZ1	True	0.354471696672731	0.035513	False
ENSG00000108176	DNAJC12	False	0.42151091385226047	0.06013	False
ENSG00000108179	PPIF	False	0.5223811518966975	0.23055	False
ENSG00000108187	PBLD	False	0.5208864416686381	0.38017	False
ENSG00000108219	TSPAN14	False	0.7555270164872753	0.1394	False
ENSG00000108231	LGI1	True	2.3656747512873017e-05	1.3712e-05	False
ENSG00000108239	TBC1D12	False	0.4099117939458872	0.14423	False
ENSG00000108242	CYP2C18	False	0.05371425996005162	0.20853	False
ENSG00000108244	KRT23	False	0.004618461005558509	0.26298	False
ENSG00000108255	CRYBA1	False	0.5844851481956372	0.56462	False
ENSG00000108256	NUFIP2	False	0.46014395306333333	0.3034	False
ENSG00000108262	GIT1	False	0.410101475155514	0.21157	False
ENSG00000108306	FBXL20	False	0.7019938853912542	0.31372	False
ENSG00000108309	RUNDC3A	False	0.1449988811130755	0.096749	False
ENSG00000108312	UBTF	True	0.25236256984400035	0.18443	False
ENSG00000108342	CSF3	False	0.27196993333983205	0.71484	False
ENSG00000108344	PSMD3	False	0.2050693720359879	0.32191	False
ENSG00000108349	CASC3	False	0.0010725113336342812	0.18326	False
ENSG00000108352	RAPGEFL1	False	0.1032566081902352	0.027628	False
ENSG00000108370	RGS9	False	0.045284200642781276	0.16382	False
ENSG00000108379	WNT3	False	0.6243695279995465	0.11623	False
ENSG00000108381	ASPA	True	0.07414315427669153	0.11075	False
ENSG00000108384	RAD51C	False	0.6921864809062799	0.61479	False
ENSG00000108389	MTMR4	False	0.27903641785992284	0.18443	False
ENSG00000108395	TRIM37	False	0.011778124707045319	0.0080422	False
ENSG00000108405	P2RX1	False	0.5652497277751485	0.10662	False
ENSG00000108406	DHX40	False	0.5412440214406062	0.0023749	False
ENSG00000108417	KRT37	False	0.09059787191490387	0.040933	False
ENSG00000108423	TUBD1	False	0.32063448728695326	0.33628	False
ENSG00000108424	KPNB1	False	0.033419170804428015	0.12125	False
ENSG00000108439	PNPO	True	0.32315773757063665	0.27375	False
ENSG00000108443	RPS6KB1	False	0.4678103270503088	0.15318	False
ENSG00000108465	CDK5RAP3	False	0.5990386887344521	0.19561	False
ENSG00000108469	RECQL5	False	0.017518547439864012	0.19208	False
ENSG00000108474	PIGL	True	0.5040583209349565	0.16119	False
ENSG00000108479	GALK1	False	0.20563565219060256	0.048831	False
ENSG00000108506	INTS2	False	0.3500132662309355	0.36652	False
ENSG00000108509	CAMTA2	False	0.005528958537563487	0.00053076	False
ENSG00000108510	MED13	False	0.00982788208179526	0.10808	False
ENSG00000108511	HOXB6	False	0.26922202435243586	0.2032	False
ENSG00000108515	ENO3	False	0.0004811110172959821	0.25422	False
ENSG00000108523	RNF167	False	0.24435385468468054	0.074927	False
ENSG00000108528	SLC25A11	False	1.3968064607854344e-07	0.056784	True
ENSG00000108551	RASD1	False	0.10403160390011418	0.050603	False
ENSG00000108556	CHRNE	False	0.0978128266780607	0.45207	False
ENSG00000108557	RAI1	True	0.052575701647891875		False
ENSG00000108559	NUP88	False	0.019094068810489164	0.10804	False
ENSG00000108561	C1QBP	False	0.0029476863926342005	0.14791	False
ENSG00000108576	SLC6A4	False	0.14394683844160486	0.16702	False
ENSG00000108578	BLMH	False	0.5178325831898254	0.12013	False
ENSG00000108582	CPD	False	0.05524153891241967	0.22006	False
ENSG00000108587	GOSR1	False	0.5938366190251836	0.415	False
ENSG00000108588	CCDC47	False	0.4874581009690616	0.065807	False
ENSG00000108590	MED31	False	0.0023908209640744957	0.40475	False
ENSG00000108591	DRG2	False	0.22600314510341737	0.38207	False
ENSG00000108592	FTSJ3	False	0.06761651030205154	0.062498	False
ENSG00000108599	AKAP10	False	0.04329375446940124	0.21387	False
ENSG00000108602	ALDH3A1	False	0.07883104957935963	0.53968	False
ENSG00000108604	SMARCD2	False	0.1850055145918136	0.26683	False
ENSG00000108622	ICAM2	False	0.4924338095655083	0.47796	False
ENSG00000108639	SYNGR2	False	0.1316626515897095	0.16724	False
ENSG00000108641	B9D1	False	0.01681628575515609	0.45019	False
ENSG00000108651	UTP6	False	0.19686150799080238	0.37708	False
ENSG00000108654	DDX5	False	0.031188851845640356	0.38015	False
ENSG00000108666	C17orf75	False	0.009559407420936375	0.10269	False
ENSG00000108669	CYTH1	False	0.0228374546064517	0.073399	False
ENSG00000108671	PSMD11	False	0.2954356944147736	0.31697	False
ENSG00000108679	LGALS3BP	False	0.21021313240060446	0.091199	False
ENSG00000108684	ASIC2	False	0.717532069978863	0.10612	False
ENSG00000108700	CCL8	False	0.190386460050872		False
ENSG00000108733	PEX12	True	0.23381110299238447	0.36941	False
ENSG00000108759	KRT32	False	0.14610525706891522	0.35636	False
ENSG00000108771	DHX58	False	0.2742322334026319	0.15357	False
ENSG00000108773	KAT2A	False	0.0062093347443610974	0.06695	False
ENSG00000108774	RAB5C	True	0.518974346099109	0.1917	False
ENSG00000108784	NAGLU	True	0.0011716381102612652	0.043291	False
ENSG00000108786	HSD17B1	False	0.046522159821491264	0.29424	False
ENSG00000108788	MLX	False	0.449424491154088	0.51323	False
ENSG00000108797	CNTNAP1	True	0.026404837554708675	0.20511	False
ENSG00000108798	ABI3	False	0.09576304339090798	0.35051	False
ENSG00000108799	EZH1	False	0.2594126337030132	0.16104	False
ENSG00000108813	DLX4	False	0.023817008265201892	0.0022445	False
ENSG00000108819	PPP1R9B	False	0.018896126376884006	0.0095727	False
ENSG00000108821	COL1A1	False	0.16198001729707448	0.38195	False
ENSG00000108823	SGCA	False	0.3081397539294178	0.56576	False
ENSG00000108826	MRPL27	False	0.8197552605398899	0.15674	False
ENSG00000108828	VAT1	False	0.555974399384829	0.56028	False
ENSG00000108829	LRRC59	False	0.0013404005025187135	0.12861	False
ENSG00000108830	RND2	False	0.11078851328233441	0.06429	False
ENSG00000108839	ALOX12	False	0.5132681685795648	0.10664	False
ENSG00000108840	HDAC5	False	0.01105406416557128	0.22635	False
ENSG00000108846	ABCC3	False	0.24172716799688984	0.12614	False
ENSG00000108848	LUC7L3	False	0.033016289319251844		False
ENSG00000108849	PPY	False	0.07312658572877587	0.57578	False
ENSG00000108852	MPP2	False	0.11024532634087382	0.51381	False
ENSG00000108854	SMURF2	False	0.26848416046467355	0.15724	False
ENSG00000108861	DUSP3	False	0.8461179250626264	0.35195	False
ENSG00000108878	CACNG1	False	0.0013264777018760481	0.07646	False
ENSG00000108883	EFTUD2	True	0.0036072863552087326	0.09098	False
ENSG00000108924	HLF	False	0.0738942285704813	0.013888	False
ENSG00000108932	SLC16A6	False	0.22472987119253748	0.358	False
ENSG00000108946	PRKAR1A	False	0.1464262023111643	0.39568	False
ENSG00000108947	EFNB3	False	0.021437301112024885	0.1248	False
ENSG00000108950	FAM20A	False	0.439546967269115	0.10964	False
ENSG00000108960	MMD	False	0.1143048067195561	0.015462	False
ENSG00000108961	RANGRF	False	0.06304970070824199	0.23286	False
ENSG00000108984	MAP2K6	False	0.07631890981736307	0.97476	False
ENSG00000109016	DHRS7B	False	0.18231371957120854	0.05137	False
ENSG00000109046	WSB1	False	0.011851052780081155	0.01274	False
ENSG00000109047	RCVRN	False	0.2054425422820352	0.22234	False
ENSG00000109061	MYH1	False	0.07222819708469168	0.079743	False
ENSG00000109062	NHERF1	False	0.016052564038302707	0.40058	False
ENSG00000109063	MYH3	False	0.014959074338516506	0.015231	False
ENSG00000109065	NAT9	False	0.0004425258141186233	0.0041597	False
ENSG00000109066	TMEM104	False	0.0015446303392926395	0.47955	False
ENSG00000109072	VTN	False	0.14457848953930413	0.55961	False
ENSG00000109079	TNFAIP1	False	0.18049785116367897	0.090897	False
ENSG00000109083	IFT20	False	0.060467500827998975		False
ENSG00000109084	TMEM97	False	0.46322569311799855	0.38871	False
ENSG00000109089	CDR2L	False	0.3556664971151916	0.32038	False
ENSG00000109099	PMP22	False	0.4548855209539854	0.27931	False
ENSG00000109101	FOXN1	False	0.07525240058090943	0.28866	False
ENSG00000109103	UNC119	False	0.09144728344577897	0.029874	False
ENSG00000109107	ALDOC	False	0.56337640760393	0.19014	False
ENSG00000109111	SUPT6H	False	0.41125215696239903	0.10866	False
ENSG00000109113	RAB34	False	0.0927508379157906	0.058346	False
ENSG00000109118	PHF12	False	0.01946561611524942	0.2045	False
ENSG00000109132	PHOX2B	False	0.015935859466135148	0.22305	False
ENSG00000109133	TMEM33	False	0.338477908951863	0.36098	False
ENSG00000109158	GABRA4	True	0.04848281978702344	0.14436	False
ENSG00000109163	GNRHR	False	0.018956718493446722	0.3739	False
ENSG00000109171	SLAIN2	False	0.2609350075291853	0.62922	False
ENSG00000109180	OCIAD1	False	0.013624606797499854	0.038236	False
ENSG00000109181	UGT2B10	False	0.5833576070435473	0.48295	False
ENSG00000109182	CWH43	False	0.5523421860521356	0.19975	False
ENSG00000109184	DCUN1D4	False	0.20907509573433394	0.1443	False
ENSG00000109189	USP46	False	0.0458044501387768	0.22712	False
ENSG00000109193	SULT1E1	False	0.1051642373638429	0.029992	False
ENSG00000109205	ODAM	False	0.7891847236234304	0.3273	False
ENSG00000109208	SMR3A	False	0.006011271856785942		False
ENSG00000109255	NMU	False	0.2493516244906494	0.14427	False
ENSG00000109272	PF4V1	False	0.520221477604599	0.11108	False
ENSG00000109320	NFKB1	False	0.06827974612071011	0.098617	False
ENSG00000109321	AREG	False	0.3435887327764609	0.12264	False
ENSG00000109323	MANBA	True	0.10516945433646142	0.40164	False
ENSG00000109339	MAPK10	False	0.2261414157215698	0.040565	False
ENSG00000109381	ELF2	False	0.505573432977807	0.29689	False
ENSG00000109424	UCP1	False	0.0831753329539406	0.2317	False
ENSG00000109436	TBC1D9	False	0.1417961680321057	0.38015	False
ENSG00000109445	ZNF330	False	0.4052275057735315	0.15451	False
ENSG00000109452	INPP4B	False	0.5259753062463763	0.2524	False
ENSG00000109458	GAB1	False	0.5541587798071381	0.7172	False
ENSG00000109466	KLHL2	False	0.3482321772574155	0.3102	False
ENSG00000109472	CPE	False	0.7310745805690864	0.34564	False
ENSG00000109501	WFS1	False	0.002647632973001292	0.50379	False
ENSG00000109511	ANXA10	False	0.2709692562744648	0.63085	False
ENSG00000109519	GRPEL1	False	0.42824684229965326	0.4175	False
ENSG00000109534	GAR1	False	0.020021918113172412		False
ENSG00000109536	FRG1	False	0.1460364607568495	0.17553	False
ENSG00000109572	CLCN3	True	0.01570207193317317	0.072983	False
ENSG00000109576	AADAT	False	0.2375216131566644	0.098631	False
ENSG00000109586	GALNT7	False	0.058480889203074864	0.26558	False
ENSG00000109606	DHX15	False	0.010249387337395463	0.083358	False
ENSG00000109610	SOD3	False	0.12326087088195065	0.25437	False
ENSG00000109618	SEPSECS	True	0.7894143997985718	0.60689	False
ENSG00000109625	CPZ	False	0.016936726169975404	0.35292	False
ENSG00000109654	TRIM2	False	0.05058516147306773	0.28329	False
ENSG00000109667	SLC2A9	False	0.2928051230821249	0.53893	False
ENSG00000109670	FBXW7	True	0.47061547152729866	0.032418	False
ENSG00000109674	NEIL3	False	0.3199493311242113	0.28471	False
ENSG00000109680	TBC1D19	False	0.0010216769233421803		False
ENSG00000109684	CLNK	False	0.2916882438000455	0.36508	False
ENSG00000109685	NSD2	False	0.006173923973357002	0.058659	False
ENSG00000109686	SH3D19	False	0.0221113337520936	0.00028474	False
ENSG00000109689	STIM2	False	0.0018257487498165954	0.34995	False
ENSG00000109705	NKX3-2	False	0.009981127758921935	0.0014406	False
ENSG00000109736	MFSD10	False	0.08380950206765195	0.060948	False
ENSG00000109738	GLRB	False	0.030437582921972194	0.28921	False
ENSG00000109743	BST1	False	0.038492147970640274	0.38748	False
ENSG00000109756	RAPGEF2	True	0.040184933793091175	0.029808	False
ENSG00000109758	HGFAC	False	0.37736890479523616	0.16637	False
ENSG00000109762	SNX25	False	0.028648888213719106	0.14629	False
ENSG00000109771	LRP2BP	False	0.34998574191854165	0.51936	False
ENSG00000109775	UFSP2	True	0.17774540940717803	0.55109	False
ENSG00000109787	KLF3	False	0.5429092911630797	0.53729	False
ENSG00000109790	KLHL5	False	0.19705328941191835	0.20092	False
ENSG00000109794	FAM149A	False	0.12353619390457221	0.019635	False
ENSG00000109805	NCAPG	False	0.0067985611189233	0.10525	False
ENSG00000109814	UGDH	True	0.4130548633192468	0.33466	False
ENSG00000109819	PPARGC1A	False	0.49777891426733956	0.22033	False
ENSG00000109832	DDX25	False	0.35543218703409724	0.027756	False
ENSG00000109846	CRYAB	False	0.13567393126315505	0.18245	False
ENSG00000109854	HTATIP2	False	0.2536845751248353	0.56679	False
ENSG00000109861	CTSC	False	0.13397405858976533	0.016519	False
ENSG00000109881	CCDC34	False	0.5786895785306406	0.13106	False
ENSG00000109906	ZBTB16	False	0.14643213441389097	0.14414	False
ENSG00000109911	ELP4	False	0.422841279596221	0.50437	False
ENSG00000109917	ZPR1	False	0.17090515117278648	0.41433	False
ENSG00000109919	MTCH2	False	0.046235466956981636	0.049108	False
ENSG00000109920	FNBP4	False	0.3063000523378072	0.15106	False
ENSG00000109927	TECTA	False	0.002487562355393429	0.38707	False
ENSG00000109929	SC5D	False	0.17450849003602997	0.064786	False
ENSG00000109943	CRTAM	False	0.030360494701980725	0.037316	False
ENSG00000109944	JHY	False	0.10859927362544192	0.52665	False
ENSG00000109956	B3GAT1	False	0.4712125656005415	0.36238	False
ENSG00000109971	HSPA8	False	0.03442246267786159	0.25217	False
ENSG00000109991	P2RX3	False	0.04366041472945651	0.51998	False
ENSG00000110002	VWA5A	False	0.1470483405723833	0.30497	False
ENSG00000110011	DNAJC4	False	0.5788803079125051	0.43566	False
ENSG00000110013	SIAE	False	0.09414952436053717	0.036586	False
ENSG00000110025	SNX15	False	0.30972084443109327	0.27235	False
ENSG00000110031	LPXN	False	0.4226971488647594	0.35015	False
ENSG00000110042	DTX4	False	0.04039070334158051	0.48788	False
ENSG00000110046	ATG2A	False	0.1329950375239166	0.024334	False
ENSG00000110047	EHD1	False	0.10600050471426248	0.27507	False
ENSG00000110048	OSBP	False	0.29529752533920606	0.20484	False
ENSG00000110057	UNC93B1	False	0.382885643928826	0.46873	False
ENSG00000110060	PUS3	True	0.10424144267193505	0.30943	False
ENSG00000110063	DCPS	False	0.08021423311760492	0.12752	False
ENSG00000110066	KMT5B	True	0.01866024218634673	0.0077828	False
ENSG00000110074	FOXRED1	True	0.24447996925851284	0.050445	False
ENSG00000110075	PPP6R3	False	0.25184106889451097	0.0845	False
ENSG00000110076	NRXN2	False	0.01151861590214188	0.036281	False
ENSG00000110077	MS4A6A	False	0.26095946090109373	0.080708	False
ENSG00000110079	MS4A4A	False	0.002805472813931378	0.21049	False
ENSG00000110080	ST3GAL4	False	0.2833439263668281	0.1745	False
ENSG00000110090	CPT1A	False	0.33613348417309113	0.6094	False
ENSG00000110092	CCND1	False	0.03053043313665765	0.25148	False
ENSG00000110104	CCDC86	False	0.38849113045694683	0.38899	False
ENSG00000110107	PRPF19	False	0.07428453111051826	0.59473	False
ENSG00000110108	TMEM109	False	0.17183279529790269	0.59208	False
ENSG00000110148	CCKBR	False	0.5295884041057686	0.22434	False
ENSG00000110169	HPX	False	0.0356426245406112	0.040484	False
ENSG00000110171	TRIM3	False	0.00015611740833366877	0.037741	False
ENSG00000110172	CHORDC1	False	0.5732009031677211	0.01817	False
ENSG00000110195	FOLR1	True	0.24194667747336376	0.21088	False
ENSG00000110200	ANAPC15	False	0.11621186801515825	0.50314	False
ENSG00000110203	FOLR3	False	0.3214714876749674	0.36029	False
ENSG00000110218	PANX1	False	0.23355568566890478	0.60164	False
ENSG00000110237	ARHGEF17	False	0.2919052752118328	0.25388	False
ENSG00000110243	APOA5	False	0.24108140151640345	0.16958	False
ENSG00000110244	APOA4	False	0.10038327244666095	0.22905	False
ENSG00000110245	APOC3	False	3.960543031510011e-07	0.21608	False
ENSG00000110274	CEP164	False	0.06637105322889558	0.24436	False
ENSG00000110315	RNF141	False	0.17408427258108466	0.27895	False
ENSG00000110318	CEP126	False	0.24330094793077092	0.2064	False
ENSG00000110321	EIF4G2	False	0.28059611029269244		False
ENSG00000110324	IL10RA	False	0.2294429837127048		False
ENSG00000110328	GALNT18	False	0.05159560469104636	0.44658	False
ENSG00000110330	BIRC2	False	0.14309002115606195	0.22112	False
ENSG00000110344	UBE4A	False	0.02204017327114845	0.29355	False
ENSG00000110367	DDX6	False	0.06948801849440402	0.059066	False
ENSG00000110375	UPK2	False	0.3171166574279174	0.12192	False
ENSG00000110395	CBL	False	0.3238043476291636	0.30762	False
ENSG00000110400	NECTIN1	False	0.03548230251680252	0.36085	False
ENSG00000110422	HIPK3	False	0.0009073796032549042	0.13137	False
ENSG00000110429	FBXO3	False	0.14677449418400879	0.4661	False
ENSG00000110435	PDHX	True	0.5100860852367058	0.1442	False
ENSG00000110436	SLC1A2	True	0.5616416582761743	0.10659	False
ENSG00000110442	COMMD9	False	0.28566806957638574	0.1309	False
ENSG00000110446	SLC15A3	False	0.1437876675599327	0.030166	False
ENSG00000110448	CD5	False	0.24914626410302082	0.21937	False
ENSG00000110455	ACCS	False	0.11970061386798754	0.4671	False
ENSG00000110484	SCGB2A2	False	0.6798318935226313	0.71974	False
ENSG00000110492	MDK	False	0.17609744402649513	0.12566	False
ENSG00000110497	AMBRA1	False	0.08180290695266204	0.16652	False
ENSG00000110514	MADD	True	0.6296820779640853	0.17578	False
ENSG00000110536	PTPMT1	True	0.05577732388917811	0.20536	False
ENSG00000110583	NAA40	False	0.015162665072424062	0.2997	False
ENSG00000110628	SLC22A18	False	0.2805142466063369	0.12628	False
ENSG00000110651	CD81	False	0.483039025429301	0.098252	False
ENSG00000110660	SLC35F2	False	0.7371988360099923	0.35116	False
ENSG00000110665	C11orf21	False	0.040495241428560154	0.1272	False
ENSG00000110675	ELMOD1	False	0.5898460120037397	0.4385	False
ENSG00000110680	CALCA	False	0.5217731222678398	0.50455	False
ENSG00000110693	SOX6	False	0.12023182269617655	0.13833	False
ENSG00000110696	C11orf58	False	0.6602826361870536	0.32349	False
ENSG00000110697	PITPNM1	False	0.7801991218468787	0.21362	False
ENSG00000110711	AIP	False	0.4667458023983122	0.18638	False
ENSG00000110713	NUP98	False	0.05182814095068079	0.010409	False
ENSG00000110717	NDUFS8	True	0.20500152548230957	0.34785	False
ENSG00000110719	TCIRG1	False	0.005369107655901121	0.35452	False
ENSG00000110721	CHKA	True	0.08481940361362661	0.012637	False
ENSG00000110723	EXPH5	False	0.2187200648773756	0.30788	False
ENSG00000110756	HPS5	False	0.27550876715813016	0.11287	False
ENSG00000110768	GTF2H1	False	0.01802733614601604	0.31708	False
ENSG00000110777	POU2AF1	False	0.2775606823750885		False
ENSG00000110786	PTPN5	False	0.011417838474242048	0.41213	False
ENSG00000110799	VWF	False	0.043971005738401625	0.12947	False
ENSG00000110801	PSMD9	False	0.011698552528002958	0.27984	False
ENSG00000110811	P3H3	False	0.40671269534940163	0.34516	False
ENSG00000110841	PPFIBP1	True	0.4002643390646827	0.10218	False
ENSG00000110844	PRPF40B	False	0.00018106416227587095	0.0015132	False
ENSG00000110848	CD69	False	0.02712092476036711	0.32836	False
ENSG00000110851	PRDM4	False	0.12664342233061815	0.49696	False
ENSG00000110852	CLEC2B	False	0.07605397763451702	0.52811	False
ENSG00000110871	COQ5	False	0.3744275257318401	0.36057	False
ENSG00000110876	SELPLG	False	0.3170206299248943	0.10226	False
ENSG00000110880	CORO1C	False	9.601554787900813e-05	0.13893	False
ENSG00000110881	ASIC1	False	0.31160295616763567	0.029797	False
ENSG00000110887	DAO	False	0.2610485406092719	0.18416	False
ENSG00000110888	CAPRIN2	False	0.2481874249426022	0.13049	False
ENSG00000110900	TSPAN11	False	0.2955220233690574	0.36394	False
ENSG00000110906	KCTD10	False	0.24539570935211266	0.050381	False
ENSG00000110911	SLC11A2	False	0.1696471097349166	0.20615	False
ENSG00000110917	MLEC	False	0.5059386351946018	0.63131	False
ENSG00000110921	MVK	False	0.18793994002304268	0.53786	False
ENSG00000110925	CSRNP2	False	0.7152879165330028	0.3785	False
ENSG00000110931	CAMKK2	False	0.39883646807141265	0.40066	False
ENSG00000110934	BIN2	False	0.08751305547530443	0.23887	False
ENSG00000110944	IL23A	False	0.007996774987702697	0.1315	False
ENSG00000110955	ATP5F1B	False	0.3347161754822946	0.10697	False
ENSG00000110975	SYT10	False	0.1803890332115283	0.40483	False
ENSG00000110987	BCL7A	False	0.08854169976305151	0.12987	False
ENSG00000111011	RSRC2	False	0.724139096730409		False
ENSG00000111012	CYP27B1	False	0.05142617722658581	0.45854	False
ENSG00000111046	MYF6	False	0.24313782376434506	0.20953	False
ENSG00000111049	MYF5	False	0.27771181700734676	0.56486	False
ENSG00000111052	LIN7A	False	0.0023424128651284085	0.37423	False
ENSG00000111057	KRT18	False	0.09130551738449459	0.34399	False
ENSG00000111058	ACSS3	False	0.41994926819104883	0.3677	False
ENSG00000111077	TNS2	False	0.004576102913099975	0.22088	False
ENSG00000111087	GLI1	False	0.003846844470056042	0.33467	False
ENSG00000111110	PPM1H	False	0.051780255984033755	0.030797	False
ENSG00000111142	METAP2	False	0.2858291795061387	0.31651	False
ENSG00000111144	LTA4H	False	0.4021549107015046	0.36813	False
ENSG00000111145	ELK3	False	0.3607502847345486	0.33371	False
ENSG00000111181	SLC6A12	False	0.1730936006741028	0.11986	False
ENSG00000111186	WNT5B	False	0.355396945100677	0.034522	False
ENSG00000111199	TRPV4	False	0.10260090575285878	0.1827	False
ENSG00000111203	ITFG2	False	0.1626820605244218	0.30781	False
ENSG00000111206	FOXM1	False	0.8062160864679879	0.59716	False
ENSG00000111218	PRMT8	False	0.004446154656431576	0.0055242	False
ENSG00000111224	PARP11	False	0.2601790568404406	0.16059	False
ENSG00000111229	ARPC3	False	0.17666427332137088	0.14195	False
ENSG00000111231	GPN3	False	0.018206913341344205	0.15548	False
ENSG00000111237	VPS29	False	0.48202144053372487		False
ENSG00000111241	FGF6	False	0.11749381238975361	0.090298	False
ENSG00000111245	MYL2	False	0.04519475230141814	0.0049636	False
ENSG00000111247	RAD51AP1	False	0.2694108125802031	0.15683	False
ENSG00000111249	CUX2	True	0.05739461766610211	0.0082818	False
ENSG00000111252	SH2B3	False	0.5920664862278187	0.14394	False
ENSG00000111254	AKAP3	False	0.09412387240643735	0.042959	False
ENSG00000111261	MANSC1	False	0.018445606561247118	0.68135	False
ENSG00000111262	KCNA1	True	0.002836823848104229	0.00010731	False
ENSG00000111266	DUSP16	False	0.14617959558779595	0.046459	False
ENSG00000111271	ACAD10	False	0.3071636156573816	0.17391	False
ENSG00000111275	ALDH2	False	0.5395641719711561	0.26185	False
ENSG00000111276	CDKN1B	False	0.0054689908942120976	0.19346	False
ENSG00000111291	GPRC5D	False	0.013006435716740589	0.0078007	False
ENSG00000111300	NAA25	False	0.03403947853933	0.18354	False
ENSG00000111305	GSG1	False	0.6560930887584804	0.21135	False
ENSG00000111319	SCNN1A	False	0.19460350175578073	0.078735	False
ENSG00000111321	LTBR	False	0.04706231544404475	0.038755	False
ENSG00000111325	OGFOD2	False	0.3975293608839092	0.52277	False
ENSG00000111331	OAS3	False	0.12474637913181125	0.031243	False
ENSG00000111335	OAS2	False	0.3723683066834507	0.47273	False
ENSG00000111339	ART4	False	0.31707638865183935	0.093227	False
ENSG00000111341	MGP	False	0.11038193144908119	0.044043	False
ENSG00000111344	RASAL1	False	0.18645363379679583	0.19329	False
ENSG00000111348	ARHGDIB	False	0.47772435156471693	0.14596	False
ENSG00000111358	GTF2H3	False	0.5417599752339433	0.21328	False
ENSG00000111361	EIF2B1	True	0.5278652026910292	0.035558	False
ENSG00000111364	DDX55	False	0.35520410405774394	0.15529	False
ENSG00000111371	SLC38A1	False	0.21895802925270447	0.5224	False
ENSG00000111404	RERGL	False	0.29649091970158936	0.17589	False
ENSG00000111405	ENDOU	False	0.5835495173612406	0.51194	False
ENSG00000111424	VDR	False	0.02724605172615787	0.41364	False
ENSG00000111432	FZD10	False	0.2262967570491439	0.17724	False
ENSG00000111445	RFC5	False	0.09680977741301486	0.15666	False
ENSG00000111450	STX2	False	0.07558904830365605	0.16664	False
ENSG00000111452	ADGRD1	False	0.11928242336316415	0.304	False
ENSG00000111481	COPZ1	False	0.22729715880111478	0.31172	False
ENSG00000111490	TBC1D30	False	0.18431024494648518	0.17151	False
ENSG00000111530	CAND1	False	0.22672540329150603	0.0094251	False
ENSG00000111536	IL26	False	0.17967047798322835	0.4378	False
ENSG00000111537	IFNG	False	0.18833731379433968	0.31426	False
ENSG00000111540	RAB5B	False	0.13222673928761622	0.057707	False
ENSG00000111554	MDM1	False	0.09671315155675947	0.059533	False
ENSG00000111581	NUP107	False	0.2224097911436017	0.21165	False
ENSG00000111596	CNOT2	False	0.4193804377655055	0.25654	False
ENSG00000111602	TIMELESS	False	0.13803429792317182	0.3198	False
ENSG00000111605	CPSF6	False	0.08357204076447396	0.2938	False
ENSG00000111615	KRR1	False	0.1654733719686312	0.1159	False
ENSG00000111639	MRPL51	False	0.34578029182725695	0.0068472	False
ENSG00000111640	GAPDH	False	0.2686358623185896	0.36796	False
ENSG00000111641	NOP2	False	0.22465421878788086		False
ENSG00000111642	CHD4	True	0.039470797355505224	0.070689	False
ENSG00000111644	ACRBP	False	0.22504413764340253	0.19527	False
ENSG00000111652	COPS7A	False	0.6761572075860265	0.26599	False
ENSG00000111653	ING4	False	0.007092470557284836	0.052629	False
ENSG00000111664	GNB3	False	0.20125675005510593	0.29289	False
ENSG00000111665	CDCA3	False	0.2894182117098016	0.16576	False
ENSG00000111666	CHPT1	False	0.6069332444254478	0.51566	False
ENSG00000111667	USP5	False	0.1786157003555972	0.31996	False
ENSG00000111669	TPI1	False	0.10602960840549906	0.23343	False
ENSG00000111670	GNPTAB	False	0.26135420175834506	0.11596	False
ENSG00000111671	SPSB2	False	0.16112887148030278	0.51323	False
ENSG00000111674	ENO2	False	0.8285634617200002	0.13546	False
ENSG00000111676	ATN1	True	0.0029421604152111945	0.0061666	False
ENSG00000111678	C12orf57	True	0.7484056171803293	0.4282	False
ENSG00000111679	PTPN6	False	0.003762136104581968	0.0084678	False
ENSG00000111684	LPCAT3	False	0.004063957034532472	0.010342	False
ENSG00000111696	NT5DC3	False	0.03149112656409761	0.025225	False
ENSG00000111700	SLCO1B3	False	0.09765912481800657	0.065906	False
ENSG00000111701	APOBEC1	False	0.03900130320003874	0.61681	False
ENSG00000111704	NANOG	False	0.6816697538663326	0.1933	False
ENSG00000111707	SUDS3	False	0.32026619395471473	0.29486	False
ENSG00000111713	GYS2	False	0.02868299199503887	0.47611	False
ENSG00000111716	LDHB	False	0.11186570964587296	0.26549	False
ENSG00000111725	PRKAB1	False	0.040669900056878795	0.51614	False
ENSG00000111726	CMAS	False	0.16658130430984153	0.0015544	False
ENSG00000111727	HCFC2	False	0.019046906761296573	0.0001619	False
ENSG00000111728	ST8SIA1	False	0.014193901363871938	0.0061834	False
ENSG00000111729	CLEC4A	False	0.013338045830748461	0.51357	False
ENSG00000111731	C2CD5	False	0.17022409907348168	0.080389	False
ENSG00000111732	AICDA	False	0.49494732257984153	0.26367	False
ENSG00000111737	RAB35	False	0.34287920644363395	0.70238	False
ENSG00000111752	PHC1	False	0.3864446416017459	0.24045	False
ENSG00000111775	COX6A1	False	0.35816392297838073	0.72495	False
ENSG00000111783	RFX4	False	0.6404014336562014		False
ENSG00000111785	RIC8B	False	0.3519897359334935	0.059386	False
ENSG00000111790	FGFR1OP2	False	0.28908061467612717	0.3718	False
ENSG00000111796	KLRB1	False	0.017971051470281253	0.063594	False
ENSG00000111799	COL12A1	False	0.02924140644108975	0.41377	False
ENSG00000111801	BTN3A3	False	0.1642869796684228	0.17248	False
ENSG00000111802	TDP2	True	0.02241645542891834	0.40331	False
ENSG00000111816	FRK	False	0.11257561538775343	0.2825	False
ENSG00000111817	DSE	False	0.03374144825992025	0.033056	False
ENSG00000111834	RSPH4A	False	0.23944163540852556	0.5441	False
ENSG00000111837	MAK	False	0.06791928537372967	0.070992	False
ENSG00000111843	TMEM14C	False	0.5178814751031184	0.50815	False
ENSG00000111845	PAK1IP1	False	0.027461063363199346	0.25393	False
ENSG00000111846	GCNT2	False	0.36272112779480115	0.079733	False
ENSG00000111850	SMIM8	False	0.10405126654214447	0.15143	False
ENSG00000111859	NEDD9	False	0.3809437230511927	0.37113	False
ENSG00000111860	CEP85L	True	0.054500996473385924	0.25418	False
ENSG00000111863	ADTRP	False	0.18680184721931953	0.11008	False
ENSG00000111875	ASF1A	False	0.03688296279337444	0.17568	False
ENSG00000111877	MCM9	False	0.04716683452770943	0.04386	False
ENSG00000111879	FAM184A	False	0.01158057162176819	0.0031515	False
ENSG00000111880	RNGTT	False	1.3226411126523945e-05	0.56567	False
ENSG00000111885	MAN1A1	False	0.14488564247634625	0.1375	False
ENSG00000111886	GABRR2	False	0.6489711635134037	0.18054	False
ENSG00000111897	SERINC1	False	0.12038809370849539	0.22554	False
ENSG00000111906	HDDC2	False	0.1263083186365651	0.035153	False
ENSG00000111907	TPD52L1	False	0.006068951584159951	0.35813	False
ENSG00000111911	HINT3	False	0.03795717653748267	0.12924	False
ENSG00000111912	NCOA7	False	0.2327904072518842	0.27963	False
ENSG00000111913	RIPOR2	False	0.28446149662640724	0.030317	False
ENSG00000111961	SASH1	False	0.09330390391025035	0.19228	False
ENSG00000111962	UST	False	0.23827424925189075	0.30654	False
ENSG00000111981	ULBP1	False	0.15465883238923478	0.40071	False
ENSG00000112029	FBXO5	False	0.0831517139658961	0.025999	False
ENSG00000112031	MTRF1L	False	0.5279537044340687	0.25893	False
ENSG00000112033	PPARD	False	0.6958442188278413	0.17541	False
ENSG00000112038	OPRM1	False	0.04689748653533853	0.49145	False
ENSG00000112039	FANCE	False	0.26597235250663487	0.25437	False
ENSG00000112041	TULP1	False	0.20897921793585908	0.092699	False
ENSG00000112053	SLC26A8	False	0.7009517736587151	0.28264	False
ENSG00000112062	MAPK14	False	0.00046015483219777196	0.030946	False
ENSG00000112077	RHAG	False	0.05513892281883213	0.057671	False
ENSG00000112078	KCTD20	False	0.6755282149952435	0.26031	False
ENSG00000112079	STK38	False	0.02005240253548709	0.21142	False
ENSG00000112110	MRPL18	False	0.004884579089855396	6.3619e-06	False
ENSG00000112115	IL17A	False	0.08931171181953741	0.14129	False
ENSG00000112116	IL17F	False	0.6459876117867605	0.66584	False
ENSG00000112130	RNF8	False	0.24148286228954066		False
ENSG00000112137	PHACTR1	True	0.1185551155862057	0.011672	False
ENSG00000112139	MDGA1	False	0.05924766786486091	0.066838	False
ENSG00000112146	FBXO9	False	0.32085941887111297	0.16795	False
ENSG00000112149	CD83	False	0.038545425535888335	0.017408	False
ENSG00000112159	MDN1	False	0.004859012395875852	0.010075	False
ENSG00000112164	GLP1R	False	0.3003155298823151	0.2699	False
ENSG00000112167	SAYSD1	False	0.003742792955817852	0.04056	False
ENSG00000112175	BMP5	False	0.01292453896588173	0.53397	False
ENSG00000112182	BACH2	False	0.13518904328946799	0.035445	False
ENSG00000112183	RBM24	False	0.00034859135050670334	0.029002	False
ENSG00000112186	CAP2	False	0.03426328701803875	0.046053	False
ENSG00000112195	TREML2	False	0.19331108549520498	0.24551	False
ENSG00000112200	ZNF451	False	0.3031276396695171	0.47977	False
ENSG00000112208	BAG2	False	0.685891173720681	0.6932	False
ENSG00000112210	RAB23	False	0.01320945401381342	0.10752	False
ENSG00000112212	TSPO2	False	0.271682814518405	0.077529	False
ENSG00000112214	FHL5	False	0.01506851476754339	0.015556	False
ENSG00000112218	GPR63	False	0.4319140829726833	0.52603	False
ENSG00000112232	KHDRBS2	False	0.47105473646284246	0.13654	False
ENSG00000112234	FBXL4	True	0.05422649382407878	0.054547	False
ENSG00000112238	PRDM13	False	0.08540534121142954	0.014635	False
ENSG00000112242	E2F3	False	0.2207260667399956	0.0705	False
ENSG00000112245	PTP4A1	False	0.38590514683694577	0.22568	False
ENSG00000112246	SIM1	False	0.5846026492279164	0.062041	False
ENSG00000112249	ASCC3	False	0.23078273115082845	0.45014	False
ENSG00000112273	HDGFL1	False	0.16992822059359183		False
ENSG00000112276	BVES	False	0.4061373173862304	0.16996	False
ENSG00000112280	COL9A1	False	0.4413844526502426	0.23191	False
ENSG00000112282	MED23	True	0.13430819604738584	0.010274	False
ENSG00000112290	WASF1	True	0.5383573816183516	0.24321	False
ENSG00000112293	GPLD1	False	0.22554996181999956	0.069795	False
ENSG00000112294	ALDH5A1	True	0.1334702460075097	0.025839	False
ENSG00000112297	CRYBG1	False	0.30072486948447374	0.14498	False
ENSG00000112299	VNN1	False	0.6660230242087	0.17302	False
ENSG00000112303	VNN2	False	0.049478770050477267	0.13324	False
ENSG00000112304	ACOT13	False	0.07123392517355523	0.21313	False
ENSG00000112305	SMAP1	False	0.5248001716913269	0.01389	False
ENSG00000112306	RPS12	False	0.4996926334235232	0.064758	False
ENSG00000112308	C6orf62	False	0.027778008287172893	0.16827	False
ENSG00000112309	B3GAT2	False	0.1663575406322045	0.30041	False
ENSG00000112319	EYA4	False	0.010739231059198674	0.15127	False
ENSG00000112320	SOBP	False	0.08855844642348672	0.26226	False
ENSG00000112333	NR2E1	False	0.8324125425857393	0.41887	False
ENSG00000112337	SLC17A2	False	0.020407206213562935	0.54511	False
ENSG00000112339	HBS1L	False	0.024895515258280227	0.1248	False
ENSG00000112343	TRIM38	False	0.12224343331938547	0.46021	False
ENSG00000112357	PEX7	True	0.01595393789233441	0.011951	False
ENSG00000112365	ZBTB24	False	0.054207683432520366	0.035006	False
ENSG00000112367	FIG4	True	0.09748478201164062	0.24693	False
ENSG00000112378	PERP	False	0.0990591525493032	0.24068	False
ENSG00000112379	ARFGEF3	False	0.13827520849949956	0.067225	False
ENSG00000112394	SLC16A10	False	0.17575297720479574	0.25417	False
ENSG00000112406	HECA	False	0.363841225536523	0.058661	False
ENSG00000112414	ADGRG6	False	0.1152919753350298	0.22355	False
ENSG00000112419	PHACTR2	False	0.13722228733766642	0.16264	False
ENSG00000112425	EPM2A	True	0.18657677372160275	0.069184	False
ENSG00000112462	OR12D3	False	0.34849550207848373		False
ENSG00000112473	SLC39A7	False	0.37671185374354116	0.47565	False
ENSG00000112486	CCR6	False	0.08337062148639944	0.22043	False
ENSG00000112494	UNC93A	False	0.5658883638210126	0.34419	False
ENSG00000112499	SLC22A2	False	0.34814442484599123	0.15163	False
ENSG00000112511	PHF1	False	0.036556239262461335	0.34901	False
ENSG00000112514	CUTA	False	0.3583943201411996	0.15329	False
ENSG00000112530	PACRG	False	0.023660928002711846	0.38484	False
ENSG00000112531	QKI	False	0.8054289118207358	0.4508	False
ENSG00000112539	C6orf118	False	0.5052259056220854	0.096329	False
ENSG00000112541	PDE10A	False	0.0511464895134062	0.0035376	False
ENSG00000112559	MDFI	False	0.03793038335093345	0.063023	False
ENSG00000112561	TFEB	False	0.5934123805240843	0.18145	False
ENSG00000112562	SMOC2	False	0.048670935692414465	0.24934	False
ENSG00000112576	CCND3	False	0.14809773603358273	0.34572	False
ENSG00000112578	BYSL	False	0.2100171571549958	0.5026	False
ENSG00000112584	FAM120B	False	0.5560992023029578	0.54706	False
ENSG00000112592	TBP	False	0.004876260858204501	0.12916	False
ENSG00000112599	GUCA1B	False	0.42669554315968306	0.32633	False
ENSG00000112619	PRPH2	False	0.06080304806015175	0.032248	False
ENSG00000112624	BICRAL	False	0.4938547778570912		False
ENSG00000112640	PPP2R5D	True	0.33704406591277963	0.13142	False
ENSG00000112651	MRPL2	False	0.286653389825022	0.56349	False
ENSG00000112655	PTK7	False	0.08376661450881319	0.19479	False
ENSG00000112658	SRF	False	0.09440390028265638	0.2573	False
ENSG00000112659	CUL9	False	0.0008066596538248183	0.25558	False
ENSG00000112667	DNPH1	False	0.18433150437506501	0.054577	False
ENSG00000112685	EXOC2	False	0.17991792414140395	0.25078	False
ENSG00000112697	TMEM30A	False	0.7277412967932424	0.14946	False
ENSG00000112699	GMDS	False	0.08199180161542027	0.10865	False
ENSG00000112701	SENP6	False	0.10267208530934081	0.31848	False
ENSG00000112706	IMPG1	False	0.10492152986311178	0.24839	False
ENSG00000112715	VEGFA	False	0.30138348650319496	0.033367	False
ENSG00000112739	PRPF4B	False	0.18258140819353735	0.12769	False
ENSG00000112742	TTK	False	0.03465626704850454	0.84721	False
ENSG00000112759	SLC29A1	False	0.05123464693989473	0.33115	False
ENSG00000112763	BTN2A1	False	0.20232803402511357	0.10096	False
ENSG00000112769	LAMA4	False	0.28193151828986945	0.36471	False
ENSG00000112773	TENT5A	False	0.2648433960698771	0.33368	False
ENSG00000112782	CLIC5	False	0.018248521870020504	0.14575	False
ENSG00000112787	FBRSL1	False	0.0784649507752588	0.19088	False
ENSG00000112796	ENPP5	False	0.03483113517019137	0.0060046	False
ENSG00000112799	LY86	False	0.02763055807007425	0.020224	False
ENSG00000112812	PRSS16	False	0.3073342636454039	0.084511	False
ENSG00000112818	MEP1A	False	0.20574081111933076	0.14791	False
ENSG00000112837	TBX18	False	0.0024213071998154864	0.23914	False
ENSG00000112851	ERBIN	False	0.032296866221619834	0.038902	False
ENSG00000112852	PCDHB2	False	0.01159524572628988		False
ENSG00000112855	HARS2	False	0.0007931676762530542	0.10087	False
ENSG00000112874	NUDT12	False	0.3463449008660895	0.26929	False
ENSG00000112877	CEP72	False	0.10309687399327355	0.20036	False
ENSG00000112893	MAN2A1	False	0.16259448085670272	0.10731	False
ENSG00000112902	SEMA5A	False	0.14105101582642143	0.33001	False
ENSG00000112936	C7	False	0.27954767538824854	0.30312	False
ENSG00000112964	GHR	False	0.006596245053976244	0.089737	False
ENSG00000112972	HMGCS1	False	0.03348740245354776	0.05916	False
ENSG00000112981	NME5	False	0.37482731235964073	0.34418	False
ENSG00000112983	BRD8	False	0.06526975706030043	0.036296	False
ENSG00000112984	KIF20A	False	0.565675134422843	0.22712	False
ENSG00000112992	NNT	False	0.0027788680793454194	0.034857	False
ENSG00000112996	MRPS30	False	0.18652386828639908	0.095154	False
ENSG00000113013	HSPA9	False	0.30038795711743743	0.080438	False
ENSG00000113048	MRPS27	False	0.2755263141085957	0.084158	False
ENSG00000113070	HBEGF	False	0.16219643197799377	0.19553	False
ENSG00000113073	SLC4A9	False	0.39025070696629127	0.24889	False
ENSG00000113083	LOX	False	0.008885162528242355	0.3044	False
ENSG00000113088	GZMK	False	0.08201131630269126	0.18253	False
ENSG00000113100	CDH9	False	0.3158117364312258	0.25733	False
ENSG00000113108	APBB3	False	0.044782534046794165	0.043902	False
ENSG00000113119	TMCO6	False	0.023875593958695655	0.052396	False
ENSG00000113140	SPARC	False	0.16267931907414007	0.37304	False
ENSG00000113141	IK	False	0.16422957225874749	0.077478	False
ENSG00000113161	HMGCR	False	0.06859503424838889	0.033504	False
ENSG00000113194	FAF2	False	0.26242366887420954	0.019429	False
ENSG00000113196	HAND1	False	0.5183256510356313		False
ENSG00000113205	PCDHB3	False	0.18055251857336288		False
ENSG00000113209	PCDHB5	False	0.0223364675956696		False
ENSG00000113211	PCDHB6	False	0.02270355850883478		False
ENSG00000113212	PCDHB7	False	0.03839213079155729		False
ENSG00000113240	CLK4	False	6.613119067204855e-07	0.082112	False
ENSG00000113248	PCDHB15	False	0.253917620241646		False
ENSG00000113249	HAVCR1	False	0.2981032404602783	0.12445	False
ENSG00000113262	GRM6	False	0.006967381712583338	0.55312	False
ENSG00000113263	ITK	False	0.1023709624217491	0.067325	False
ENSG00000113269	RNF130	False	0.0983487831636113	0.35168	False
ENSG00000113272	THG1L	True	0.2900035504145955	0.12484	False
ENSG00000113273	ARSB	False	0.03640792515888874	0.15023	False
ENSG00000113282	CLINT1	False	0.2478847622773461	0.081521	False
ENSG00000113296	THBS4	False	0.00995303728555076	0.14738	False
ENSG00000113300	CNOT6	False	0.16427910050051608	0.26313	False
ENSG00000113302	IL12B	False	0.01340826398712077	0.047364	False
ENSG00000113303	BTNL8	False	0.029819080790635263	0.16716	False
ENSG00000113312	TTC1	False	0.2991317294221045	0.5119	False
ENSG00000113318	MSH3	False	0.17496638577185405	0.37214	False
ENSG00000113319	RASGRF2	False	0.014661027987531444	0.019232	False
ENSG00000113327	GABRG2	True	0.06635198690112254	2.7895e-05	False
ENSG00000113328	CCNG1	False	0.15679519887615806	0.17647	False
ENSG00000113356	POLR3G	False	0.19456918289974787	0.14694	False
ENSG00000113360	DROSHA	True	0.1484925890586203	0.26666	False
ENSG00000113361	CDH6	False	0.5242319036896885	0.3528	False
ENSG00000113368	LMNB1	False	0.3393854492902083	0.44207	False
ENSG00000113369	ARRDC3	False	0.029749768141922726	0.026364	False
ENSG00000113384	GOLPH3	False	0.4274628018748281	0.10047	False
ENSG00000113389	NPR3	False	0.23739696618246525	0.36195	False
ENSG00000113391	FAM172A	False	0.07858290228558268	0.36444	False
ENSG00000113396	SLC27A6	False	0.23067358914747263	0.5005	False
ENSG00000113430	IRX4	False	0.6114445532774754	0.12314	False
ENSG00000113441	LNPEP	False	0.33592962463150655	0.28965	False
ENSG00000113448	PDE4D	False	0.1518794543947895	0.29637	False
ENSG00000113456	RAD1	False	0.19794929668274067	0.016529	False
ENSG00000113460	BRIX1	False	0.0604125661715686	0.25956	False
ENSG00000113492	AGXT2	False	0.0003659947360545393	0.025805	False
ENSG00000113494	PRLR	False	0.12893909697566067	0.36003	False
ENSG00000113504	SLC12A7	False	0.35039047465669604	0.15696	False
ENSG00000113520	IL4	False	0.02654861410843128	0.33714	False
ENSG00000113522	RAD50	False	0.8155868726180208	0.43558	False
ENSG00000113525	IL5	False	0.445637689110826	0.092693	False
ENSG00000113532	ST8SIA4	False	0.004050276943017948	0.28093	False
ENSG00000113552	GNPDA1	False	0.025257279402124945	0.26885	False
ENSG00000113555	PCDH12	True	0.042229216244689616	0.012532	False
ENSG00000113569	NUP155	False	0.3319510138935167	0.28931	False
ENSG00000113578	FGF1	False	0.12872133466750713		False
ENSG00000113580	NR3C1	False	0.6215175018253295	0.46137	False
ENSG00000113583	C5orf15	False	0.01158173358282908	0.53808	False
ENSG00000113593	PPWD1	False	0.12050389169284853	0.10507	False
ENSG00000113594	LIFR	False	0.1389095671239427	0.63108	False
ENSG00000113595	TRIM23	False	0.010528973843739587	0.46812	False
ENSG00000113597	TRAPPC13	False	0.016886020046954976	0.010241	False
ENSG00000113600	C9	False	0.037191044652953975	0.021452	False
ENSG00000113615	SEC24A	False	0.0036875712931357285	0.025463	False
ENSG00000113621	TXNDC15	False	0.2152828671326408	0.5083	False
ENSG00000113638	TTC33	False	0.4264744355805651	0.21646	False
ENSG00000113645	WWC1	False	0.020092764957990082	0.038374	False
ENSG00000113649	TCERG1	False	0.21596231716735242	0.52429	False
ENSG00000113657	DPYSL3	False	0.03950820845407799	0.8112	False
ENSG00000113658	SMAD5	False	0.01601443524009939	0.12375	False
ENSG00000113716	HMGXB3	False	0.026891314684317016	0.023581	False
ENSG00000113719	ERGIC1	False	0.002398319593227159	0.074461	False
ENSG00000113721	PDGFRB	False	0.02020606281049859	0.0032391	False
ENSG00000113722	CDX1	False	0.04741987630435513	0.30296	False
ENSG00000113734	BNIP1	False	0.1556662333555955	0.30405	False
ENSG00000113739	STC2	False	0.15764696259229166	0.393	False
ENSG00000113742	CPEB4	False	0.04667789812903737	0.0011923	False
ENSG00000113749	HRH2	False	0.13026586678090463	0.40532	False
ENSG00000113758	DBN1	False	0.07525634497594469	0.4257	False
ENSG00000113761	ZNF346	False	0.2251572935273073	0.31423	False
ENSG00000113763	UNC5A	False	0.3041230651448975	0.049692	False
ENSG00000113790	EHHADH	False	0.0012368027941757277	0.067394	False
ENSG00000113805	CNTN3	False	0.770478348495461	0.23227	False
ENSG00000113810	SMC4	False	0.25542141363191784	0.09888	False
ENSG00000113811	SELENOK	False	0.011683145550219383	0.46255	False
ENSG00000113812	ACTR8	False	0.17986019629897762	0.4341	False
ENSG00000113838	TBCCD1	False	0.008341198637123966	0.64143	False
ENSG00000113845	TIMMDC1	False	0.013210382657190588	0.018618	False
ENSG00000113851	CRBN	False	0.011341278439895366	0.071961	False
ENSG00000113889	KNG1	False	0.03978316832261318	0.5608	False
ENSG00000113905	HRG	False	0.04859024943669597	0.17964	False
ENSG00000113916	BCL6	False	0.017370739700394672	0.47132	False
ENSG00000113924	HGD	False	0.32094844738010503	0.42324	False
ENSG00000113966	ARL6	False	0.5542757739343787	0.2538	False
ENSG00000113971	NPHP3	False	1.7647385546725292e-05	0.60496	False
ENSG00000114013	CD86	False	0.15297198586581567	0.70971	False
ENSG00000114019	AMOTL2	False	0.34659837151306405	0.19465	False
ENSG00000114021	NIT2	False	0.002563606541007681	0.26343	False
ENSG00000114023	FAM162A	False	0.34107688861650226	0.055483	False
ENSG00000114026	OGG1	False	0.20446294068445572	0.05939	False
ENSG00000114030	KPNA1	False	0.007287215431677487	0.0085921	False
ENSG00000114054	PCCB	True	0.16427316776369358	0.08413	False
ENSG00000114062	UBE3A	True	0.0008456857583443543	0.009391	False
ENSG00000114098	ARMC8	False	0.06604180939727292	0.0068858	False
ENSG00000114107	CEP70	False	0.21940366569769765	0.36117	False
ENSG00000114113	RBP2	False	0.5010895792927053	0.14134	False
ENSG00000114115	RBP1	False	0.37115556593705135	0.28473	False
ENSG00000114120	SLC25A36	False	0.04311329931572573	0.15607	False
ENSG00000114124	GRK7	False	0.22693261919063	0.24926	False
ENSG00000114125	RNF7	False	0.31406115002963036	0.13348	False
ENSG00000114126	TFDP2	False	0.28245634483731025	0.082718	False
ENSG00000114127	XRN1	False	0.40789402534408264	0.49996	False
ENSG00000114166	KAT2B	False	0.4711780256224637	0.26886	False
ENSG00000114200	BCHE	False	0.6378714684598599	0.2529	False
ENSG00000114204	SERPINI2	False	0.11163835198276911	0.26173	False
ENSG00000114209	PDCD10	True	0.5386664349247161	0.0093783	False
ENSG00000114248	LRRC31	False	0.2271509744281769	0.3944	False
ENSG00000114251	WNT5A	False	0.41787226063825256		False
ENSG00000114268	PFKFB4	False	0.48865854261136343	0.26013	False
ENSG00000114270	COL7A1	False	0.35212320094287547	0.10653	False
ENSG00000114279	FGF12	True	0.4546972911595596	0.16846	False
ENSG00000114302	PRKAR2A	False	0.05404146191695565	0.0061514	False
ENSG00000114315	HES1	False	0.17116492314844214	0.27616	False
ENSG00000114316	USP4	False	0.0018074714223106816	0.026442	False
ENSG00000114331	ACAP2	False	0.009950682025782748	0.26761	False
ENSG00000114346	ECT2	False	0.16201661003372234	0.61575	False
ENSG00000114349	GNAT1	False	0.10201478486423463	0.54542	False
ENSG00000114353	GNAI2	False	0.02704238150743342	0.094065	False
ENSG00000114354	TFG	False	0.013289094160290386	0.3674	False
ENSG00000114378	HYAL1	False	0.17620911623834448	0.25515	False
ENSG00000114388	NPRL2	True	1.97181953982383e-05	3.6181e-05	False
ENSG00000114395	CYB561D2	False	0.3033671837084451	0.1909	False
ENSG00000114405	C3orf14	False	0.02381756201049086	0.30716	False
ENSG00000114416	FXR1	False	0.16577447599590117	0.023717	False
ENSG00000114423	CBLB	False	0.28339090825148133	0.22407	False
ENSG00000114439	BBX	False	0.4330652586174141	0.19446	False
ENSG00000114446	IFT57	False	0.6370921963727768	0.66779	False
ENSG00000114450	GNB4	False	0.0767525678456922	0.25701	False
ENSG00000114455	HHLA2	False	6.220347592690346e-05	0.28298	False
ENSG00000114473	IQCG	False	0.34486569385231186	0.35903	False
ENSG00000114480	GBE1	False	0.5695076163412859	0.18035	False
ENSG00000114487	MORC1	False	0.04523270004958184	0.26418	False
ENSG00000114491	UMPS	True	0.05873722187630329	0.34195	False
ENSG00000114503	NCBP2	False	0.016946414729594003	0.23719	False
ENSG00000114520	SNX4	False	0.05689305956573142	0.1869	False
ENSG00000114529	C3orf52	False	0.031098062284454647	0.34331	False
ENSG00000114541	FRMD4B	False	0.10018228652328048	0.039625	False
ENSG00000114544	SLC41A3	False	0.12014111010743893	0.18698	False
ENSG00000114547	ROPN1B	False	0.4435989209010658	0.26378	False
ENSG00000114554	PLXNA1	True	0.21150761197838278	0.13618	False
ENSG00000114573	ATP6V1A	True	0.3830894321140713	0.071197	False
ENSG00000114626	ABTB1	False	0.02494528985408968	0.30482	False
ENSG00000114631	PODXL2	False	0.16642241052959192	0.20167	False
ENSG00000114638	UPK1B	False	0.4665281310902848	0.53509	False
ENSG00000114646	CSPG5	False	0.11834720089612275	0.025038	False
ENSG00000114648	KLHL18	False	0.021562302367222196	0.065374	False
ENSG00000114650	SCAP	False	0.10792065604128347	0.12666	False
ENSG00000114654	EFCC1	False	0.010305611475367866	0.7154	False
ENSG00000114670	NEK11	False	0.11461956438941875	0.18588	False
ENSG00000114686	MRPL3	False	0.07528580524446085	0.068148	False
ENSG00000114698	PLSCR4	False	0.025357331344641354	0.010368	False
ENSG00000114735	HEMK1	False	0.022131802021938797	0.15886	False
ENSG00000114737	CISH	False	0.5297355181904854	0.2156	False
ENSG00000114738	MAPKAPK3	False	0.3225769400373895	0.29654	False
ENSG00000114739	ACVR2B	False	0.10543559068171501	0.19073	False
ENSG00000114742	WDR48	False	0.020295814054358353	0.028374	False
ENSG00000114744	COMMD2	False	0.298459214779432	0.26343	False
ENSG00000114745	GORASP1	False	0.11761708514504263	0.1224	False
ENSG00000114757	PEX5L	False	0.4670169962971914	0.054433	False
ENSG00000114767	RRP9	False	0.007566008277366269	0.1768	False
ENSG00000114770	ABCC5	False	0.35566416626050995	0.19406	False
ENSG00000114771	AADAC	False	0.03016207472024668	0.27211	False
ENSG00000114779	ABHD14B	False	0.5147704770658006	0.20174	False
ENSG00000114790	ARHGEF26	False	0.14349450846641684	0.028059	False
ENSG00000114796	KLHL24	False	0.528741269888387	0.21631	False
ENSG00000114805	PLCH1	False	0.02731350072783569	0.072124	False
ENSG00000114812	VIPR1	False	0.06106131213171234	0.02387	False
ENSG00000114841	DNAH1	False	0.04861682225838888	0.072424	False
ENSG00000114850	SSR3	False	0.2424815249643924	0.10647	False
ENSG00000114853	ZBTB47	False	0.046861434967381745	0.033958	False
ENSG00000114854	TNNC1	False	0.3121520563089456	0.12549	False
ENSG00000114857	NKTR	False	0.076261881953053	0.11258	False
ENSG00000114859	CLCN2	False	0.06088062258115412	0.16907	False
ENSG00000114861	FOXP1	True	0.11503335423997889	0.07067	False
ENSG00000114867	EIF4G1	False	0.14338005472423324	0.037717	False
ENSG00000114904	NEK4	False	0.0003111312063430957	0.16606	False
ENSG00000114923	SLC4A3	False	0.026937155602395603	0.053394	False
ENSG00000114933	INO80D	False	8.79323022318889e-05	0.1685	False
ENSG00000114942	EEF1B2	True	0.005801811403160381	0.068735	False
ENSG00000114948	ADAM23	False	0.03877655714134976	0.1436	False
ENSG00000114956	DGUOK	False	0.7049779820832283	0.23005	False
ENSG00000114982	KANSL3	False	0.03012300266305513	0.038048	False
ENSG00000114988	LMAN2L	False	0.30861160804199755	0.34264	False
ENSG00000114993	RTKN	False	0.1311043154783637	0.11041	False
ENSG00000114999	TTL	False	0.19804606545529238	0.06798	False
ENSG00000115008	IL1A	False	0.030962305706462977	0.15895	False
ENSG00000115020	PIKFYVE	False	0.00023140210261539187	0.018557	False
ENSG00000115041	KCNIP3	False	0.009795529435768039	0.34824	False
ENSG00000115042	FAHD2A	False	0.6874999855182164	0.26547	False
ENSG00000115053	NCL	False	0.6771549504513086	0.23786	False
ENSG00000115073	ACTR1B	False	0.003207021248615932	0.19657	False
ENSG00000115084	SLC35F5	False	0.3122259583526516	0.062778	False
ENSG00000115085	ZAP70	False	0.644702402858386	0.2632	False
ENSG00000115091	ACTR3	False	0.6262016892684814	0.29682	False
ENSG00000115107	STEAP3	False	0.3026466841421288	0.17086	False
ENSG00000115109	EPB41L5	False	0.4362178806117414	0.25072	False
ENSG00000115112	TFCP2L1	False	0.003458887360951167	0.27322	False
ENSG00000115129	TP53I3	False	0.004946009151282871	0.42481	False
ENSG00000115137	DNAJC27	False	0.030004636712289152	0.0016601	False
ENSG00000115138	POMC	False	0.5336611572163912	0.45423	False
ENSG00000115145	STAM2	False	0.08721157466133157	0.015204	False
ENSG00000115155	OTOF	False	0.30367877133711624	0.11639	False
ENSG00000115159	GPD2	False	0.3689568799766608	0.16806	False
ENSG00000115165	CYTIP	False	0.015198277192494987	0.31365	False
ENSG00000115170	ACVR1	False	0.5141395090603291	0.29234	False
ENSG00000115183	TANC1	False	0.24642988426558793	0.15634	False
ENSG00000115194	SLC30A3	False	0.11877571039993202	0.46345	False
ENSG00000115204	MPV17	False	0.3398454748976854	0.1078	False
ENSG00000115207	GTF3C2	False	0.10161207988802812	0.11446	False
ENSG00000115211	EIF2B4	True	0.15183967218611313	0.48622	False
ENSG00000115216	NRBP1	False	0.1421386611917026	0.0086488	False
ENSG00000115221	ITGB6	False	0.005514685324091012	0.069639	False
ENSG00000115226	FNDC4	False	0.03978099114613244	0.069083	False
ENSG00000115232	ITGA4	False	0.07770363392691627	0.52339	False
ENSG00000115234	SNX17	False	0.3543958832509629	0.36288	False
ENSG00000115239	ASB3	False	0.5213141979793132	0.061453	False
ENSG00000115241	PPM1G	False	0.0585835222484763	0.19303	False
ENSG00000115252	PDE1A	False	0.0059305950300430005	0.049004	False
ENSG00000115255	REEP6	False	0.6740766664407976	0.36394	False
ENSG00000115257	PCSK4	False	0.17990734120093377	0.2584	False
ENSG00000115263	GCG	False	0.020431868703255127	0.0011533	False
ENSG00000115266	APC2	True	0.07191490413256735	0.70357	False
ENSG00000115267	IFIH1	True	0.02149954616774035	0.013576	False
ENSG00000115274	INO80B	False	0.3853492306233552	0.096311	False
ENSG00000115275	MOGS	True	0.017321133542044554	0.45392	False
ENSG00000115282	TTC31	False	0.3780521115492575	0.19182	False
ENSG00000115286	NDUFS7	True	0.10565184079104346	0.55915	False
ENSG00000115289	PCGF1	False	0.5884349746322448	0.25849	False
ENSG00000115290	GRB14	False	0.30074515382765254	0.095289	False
ENSG00000115295	CLIP4	False	0.5304550982684011	0.64134	False
ENSG00000115297	TLX2	False	0.02063911698557617	0.051725	False
ENSG00000115306	SPTBN1	True	0.01891142446203163	0.020074	False
ENSG00000115307	AUP1	False	0.2854323362137573	0.13544	False
ENSG00000115310	RTN4	False	0.10457357809841908	0.0048043	False
ENSG00000115317	HTRA2	True	0.03992150357979166	0.074845	False
ENSG00000115318	LOXL3	False	0.08433364816182146	0.0097601	False
ENSG00000115325	DOK1	False	0.16615971840353888	0.0031431	False
ENSG00000115339	GALNT3	False	0.013956353879162206	0.18017	False
ENSG00000115350	POLE4	False	0.34186685865800687	0.52038	False
ENSG00000115353	TACR1	False	0.20808715885259685	0.18314	False
ENSG00000115355	CCDC88A	True	0.09209826273483096	0.16401	False
ENSG00000115361	ACADL	False	0.1832401638435103	0.46803	False
ENSG00000115363	EVA1A	False	0.0772608248678619	0.11269	False
ENSG00000115364	MRPL19	False	0.17371871875187284	0.036788	False
ENSG00000115365	LANCL1	False	0.0291201585681983	0.056099	False
ENSG00000115368	WDR75	False	0.08811530177398473	0.24021	False
ENSG00000115380	EFEMP1	False	0.03444629967019537	0.24691	False
ENSG00000115386	REG1A	False	0.04502407602758421	0.12869	False
ENSG00000115392	FANCL	False	0.16124623261295856	0.15805	False
ENSG00000115414	FN1	False	0.26357543402003614	0.59776	False
ENSG00000115415	STAT1	False	0.21656896719276048	0.13581	False
ENSG00000115419	GLS	True	0.2130656553747813	0.40057	False
ENSG00000115421	PAPOLG	False	0.28257821152943574	0.15192	False
ENSG00000115423	DNAH6	False	0.12092565491644129	0.21877	False
ENSG00000115425	PECR	False	0.27266736145325	0.50271	False
ENSG00000115446	UNC50	False	0.019885031390295148	0.015417	False
ENSG00000115457	IGFBP2	False	0.09166143211800427	0.073196	False
ENSG00000115459	ELMOD3	False	0.045103352956139466	0.19133	False
ENSG00000115461	IGFBP5	False	0.10507312366329986	0.68862	False
ENSG00000115464	USP34	False	0.018632799204158883	0.13199	False
ENSG00000115468	EFHD1	False	0.08034700321454598	0.012581	False
ENSG00000115474	KCNJ13	False	0.20088272951033587	0.14968	False
ENSG00000115484	CCT4	False	0.19585191026721827	0.2224	False
ENSG00000115486	GGCX	False	0.029151263950280278	0.098313	False
ENSG00000115488	NEU2	False	0.11452175663713902	0.1249	False
ENSG00000115504	EHBP1	False	0.21589617427355323	0.048875	False
ENSG00000115507	OTX1	False	0.10381346367555895	0.30899	False
ENSG00000115514	TXNDC9	False	0.03105692508517503	0.4084	False
ENSG00000115520	COQ10B	False	0.5023535015797684	0.25291	False
ENSG00000115523	GNLY	False	0.3801572148928413	0.020434	False
ENSG00000115524	SF3B1	False	0.08708616594713181	0.029325	False
ENSG00000115525	ST3GAL5	True	0.4152083800436759	0.35871	False
ENSG00000115526	CHST10	False	0.10464244681447939	0.084708	False
ENSG00000115539	PDCL3	False	0.5383219540185075	0.39623	False
ENSG00000115548	KDM3A	False	0.03163112748534683	0.045055	False
ENSG00000115556	PLCD4	False	0.08173853223931161	0.035147	False
ENSG00000115561	CHMP3	False	0.04795620486194018	0.18061	False
ENSG00000115568	ZNF142	True	0.32504010889508717	0.065791	False
ENSG00000115590	IL1R2	False	0.23473551234792414	0.16604	False
ENSG00000115592	PRKAG3	False	0.07067083486811249	0.41646	False
ENSG00000115593	SMYD1	False	0.07640183633172305	0.12472	False
ENSG00000115594	IL1R1	False	0.0020733004658436585	0.20444	False
ENSG00000115596	WNT6	False	0.15206994747301758	0.16333	False
ENSG00000115598	IL1RL2	False	0.5234837832890089	0.69963	False
ENSG00000115602	IL1RL1	False	0.20838581809252915	0.059677	False
ENSG00000115604	IL18R1	False	0.3567908923739796	0.20728	False
ENSG00000115607	IL18RAP	False	0.3152905730418673	0.42649	False
ENSG00000115616	SLC9A2	False	0.27429565494234653	0.056183	False
ENSG00000115641	FHL2	False	0.42076482642279145	0.264	False
ENSG00000115648	MLPH	False	0.02040509723717165	0.090894	False
ENSG00000115649	CNPPD1	False	0.013366081805031401	0.31287	False
ENSG00000115652	UXS1	False	0.26182026812747006	0.06646	False
ENSG00000115657	ABCB6	False	0.010345184308676219	0.042137	False
ENSG00000115661	STK16	False	0.5748582651437086	0.1946	False
ENSG00000115665	SLC5A7	False	0.02030648221799247	0.016808	False
ENSG00000115677	HDLBP	False	0.013485275259606052	0.0055983	False
ENSG00000115685	PPP1R7	False	0.6020163222059329	0.091214	False
ENSG00000115687	PASK	False	0.009129592652040944	0.0098037	False
ENSG00000115694	STK25	False	0.354412744286203	0.59854	False
ENSG00000115705	TPO	False	0.21942093244628738	0.12189	False
ENSG00000115718	PROC	False	0.40141724584708427	0.23062	False
ENSG00000115738	ID2	False	0.6014085529967629	0.56234	False
ENSG00000115750	TAF1B	False	0.271008985274397	0.14428	False
ENSG00000115756	HPCAL1	False	0.461588128581896	0.37147	False
ENSG00000115758	ODC1	False	0.5059680152580335	0.42942	False
ENSG00000115760	BIRC6	False	3.354862251583519e-05	0.0019593	False
ENSG00000115761	NOL10	False	0.3019770966153706	0.22595	False
ENSG00000115762	PLEKHB2	False	0.009911237951055628	0.014982	False
ENSG00000115806	GORASP2	False	0.09915053608151768	0.036161	False
ENSG00000115808	STRN	False	0.41124569291415203	0.12656	False
ENSG00000115816	CEBPZ	False	0.04607308780270198	0.086465	False
ENSG00000115825	PRKD3	False	0.3971665464959855	0.12908	False
ENSG00000115827	DCAF17	False	0.3262187449000563	0.14546	False
ENSG00000115828	QPCT	False	0.011085419721685221	0.15943	False
ENSG00000115839	RAB3GAP1	True	0.3583643323054157	0.47785	False
ENSG00000115840	SLC25A12	True	0.0014594028475485431	0.60322	False
ENSG00000115841	RMDN2	False	0.411450465734309	0.52339	False
ENSG00000115844	DLX2	False	0.008565572021982056	0.22267	False
ENSG00000115850	LCT	False	0.05799345035027401	0.10063	False
ENSG00000115875	SRSF7	False	0.25164600982770996	0.36556	False
ENSG00000115884	SDC1	False	0.1143363388259807	0.087672	False
ENSG00000115896	PLCL1	False	0.08459206203573735	0.57223	False
ENSG00000115902	SLC1A4	True	0.21513671577365578	0.010428	False
ENSG00000115904	SOS1	False	0.17328136486997384	0.050597	False
ENSG00000115919	KYNU	False	0.42877359702437834	0.21825	False
ENSG00000115935	WIPF1	False	0.0050102166881484346	0.33667	False
ENSG00000115942	ORC2	False	0.06607607438781601	0.00023425	False
ENSG00000115944	COX7A2L	False	0.24782700266864663	0.33359	False
ENSG00000115946	PNO1	False	0.22279694543527617	0.036082	False
ENSG00000115947	ORC4	False	0.10912899655448874	0.32944	False
ENSG00000115956	PLEK	False	0.33597723011215663	0.090397	False
ENSG00000115963	RND3	False	0.42367753897510974	0.30406	False
ENSG00000115966	ATF2	False	0.3836840435264284	0.10946	False
ENSG00000115970	THADA	False	0.5205554231561833	0.18498	False
ENSG00000115977	AAK1	False	0.202013110416217	0.31018	False
ENSG00000115993	TRAK2	False	0.5453673985941803	0.24604	False
ENSG00000115998	C2orf42	False	0.12045510607550655	0.56838	False
ENSG00000116001	TIA1	False	0.43239329422512485	0.49614	False
ENSG00000116005	PCYOX1	False	0.11947163559492717	0.26397	False
ENSG00000116014	KISS1R	False	0.019957097778671145	0.013701	False
ENSG00000116016	EPAS1	False	0.159762712403277	0.11215	False
ENSG00000116017	ARID3A	False	0.030260110881088705	0.29162	False
ENSG00000116031	CD207	False	0.06483340052486522	0.48025	False
ENSG00000116032	GRIN3B	False	0.1849463945936354	0.16417	False
ENSG00000116035	VAX2	False	0.04879376502612254	0.14437	False
ENSG00000116039	ATP6V1B1	False	0.341681955473684	0.12113	False
ENSG00000116044	NFE2L2	False	0.39838058527393155	0.05501	False
ENSG00000116062	MSH6	False	0.18517183503844578	0.012874	False
ENSG00000116095	PLEKHA3	False	0.5068962210291963	0.51061	False
ENSG00000116096	SPR	True	0.2286385761411627	0.10842	False
ENSG00000116106	EPHA4	False	0.02282945132657098	0.2616	False
ENSG00000116117	PARD3B	False	0.22174929846985952	0.21729	False
ENSG00000116120	FARSB	False	0.08970802425032831	0.45191	False
ENSG00000116127	ALMS1	False	0.023809907367968404	0.041407	False
ENSG00000116128	BCL9	False	0.3159415463123825	0.33537	False
ENSG00000116132	PRRX1	False	0.5393491160686044	0.10069	False
ENSG00000116133	DHCR24	True	0.18875132043545867	0.15537	False
ENSG00000116138	DNAJC16	False	0.2718707785159786	0.26777	False
ENSG00000116141	MARK1	False	0.3076459953525309	0.11981	False
ENSG00000116147	TNR	False	0.346570296741374	0.1184	False
ENSG00000116151	MORN1	False	0.24407929331821573	0.25571	False
ENSG00000116157	GPX7	False	0.31596418296013623	0.21924	False
ENSG00000116161	CACYBP	False	0.30923985967082135	0.033777	False
ENSG00000116171	SCP2	False	0.2250232838502353	0.48492	False
ENSG00000116176	TPSG1	False	0.07553587556779381	0.29553	False
ENSG00000116183	PAPPA2	False	0.15934596967902584	0.60864	False
ENSG00000116191	RALGPS2	False	0.019085973823220453	0.44507	False
ENSG00000116194	ANGPTL1	False	0.5404927467125458	0.16755	False
ENSG00000116198	CEP104	False	0.2792007123464768	0.40487	False
ENSG00000116199	FAM20B	False	0.10876279890754137	0.17238	False
ENSG00000116205	TCEANC2	False	0.027304378806074642	0.034851	False
ENSG00000116209	TMEM59	False	0.025479169306419427	0.0076085	False
ENSG00000116212	LRRC42	False	0.268281869383123	0.50839	False
ENSG00000116213	WRAP73	False	0.07558555490013225	0.10713	False
ENSG00000116218	NPHS2	False	0.4216058636506973	0.10134	False
ENSG00000116221	MRPL37	False	0.02725706390291289	0.036506	False
ENSG00000116237	ICMT	False	0.18028713223231752	0.35375	False
ENSG00000116254	CHD5	True	0.028587041365394462	0.40861	False
ENSG00000116260	QSOX1	False	0.012815942849697932	0.03496	False
ENSG00000116266	STXBP3	False	0.18273590762938183	0.24346	False
ENSG00000116273	PHF13	False	0.019528219919401034	0.15022	False
ENSG00000116285	ERRFI1	False	0.08439691031998924	0.44074	False
ENSG00000116288	PARK7	False	0.6249413147219055	0.49493	False
ENSG00000116329	OPRD1	False	0.28454690339800737	0.033781	False
ENSG00000116337	AMPD2	True	0.2256749885796439	0.37142	False
ENSG00000116350	SRSF4	False	0.3096050072806823	0.044558	False
ENSG00000116353	MECR	False	0.004333119378304854	0.27506	False
ENSG00000116396	KCNC4	False	0.15195410949747362	0.079204	False
ENSG00000116406	EDEM3	False	0.44401120876023803	0.51396	False
ENSG00000116455	WDR77	False	0.13309901377563102	0.13595	False
ENSG00000116459	ATP5PB	False	0.19215954989091882	0.36618	False
ENSG00000116478	HDAC1	False	0.5328885157734371	0.13116	False
ENSG00000116489	CAPZA1	False	0.5536068376288309		False
ENSG00000116497	S100PBP	False	0.40365893230709077	0.05635	False
ENSG00000116514	RNF19B	False	0.12027945833800334	0.039977	False
ENSG00000116521	SCAMP3	False	0.1051442580093276	0.27635	False
ENSG00000116525	TRIM62	False	0.0888064229727227	0.013559	False
ENSG00000116539	ASH1L	True	0.005946276498490334	0.026035	False
ENSG00000116544	DLGAP3	False	0.7056999758428764	0.021979	False
ENSG00000116560	SFPQ	False	0.2304223371522023	0.37334	False
ENSG00000116574	RHOU	False	0.4167036551615007	0.20261	False
ENSG00000116580	GON4L	False	0.17950996031716823	0.14042	False
ENSG00000116584	ARHGEF2	False	0.40989110322672473	0.11368	False
ENSG00000116604	MEF2D	False	0.2890778414570823	0.30125	False
ENSG00000116641	DOCK7	True	0.129867593036721	0.5837	False
ENSG00000116649	SRM	False	0.11713035741330644	0.14253	False
ENSG00000116661	FBXO2	False	0.4499049545209317	0.12451	False
ENSG00000116663	FBXO6	False	0.0017965454369300632	0.18396	False
ENSG00000116668	SWT1	False	0.6327016768780306	0.46888	False
ENSG00000116670	MAD2L2	False	0.10064891066040732	0.14765	False
ENSG00000116675	DNAJC6	True	0.05009742090955983	0.071568	False
ENSG00000116678	LEPR	False	0.0077981946152319275	0.17907	False
ENSG00000116679	IVNS1ABP	False	0.1436289226525994	0.0093457	False
ENSG00000116685	KIAA2013	False	0.4213949254474151	0.28398	False
ENSG00000116688	MFN2	False	0.15138305642804298	0.10836	False
ENSG00000116690	PRG4	False	0.14772875963701182	0.23742	False
ENSG00000116691	MIIP	False	0.1353032022280652	0.44543	False
ENSG00000116698	SMG7	False	0.13310015261845826	0.18972	False
ENSG00000116701	NCF2	False	0.14839018378853744	0.46075	False
ENSG00000116703	PDC	False	0.21997761334198798	0.037073	False
ENSG00000116704	SLC35D1	False	0.37546192241056814	0.088108	False
ENSG00000116711	PLA2G4A	False	0.1282615901189916	0.11704	False
ENSG00000116717	GADD45A	False	0.8262381855230578	0.6583	False
ENSG00000116721	PRAMEF1	False	0.04615074204485601	0.082312	False
ENSG00000116726	PRAMEF12	False	0.16699086270424815	0.12932	False
ENSG00000116729	WLS	False	0.04742207299518533	0.21457	False
ENSG00000116731	PRDM2	False	0.10322294660374345	0.29421	False
ENSG00000116741	RGS2	False	0.01624334350665405	0.6108	False
ENSG00000116745	RPE65	False	0.021800137630409343	0.29784	False
ENSG00000116750	UCHL5	False	0.12814990327815695	0.031935	False
ENSG00000116752	BCAS2	False	0.17072278609047375	0.042587	False
ENSG00000116754	SRSF11	False	0.0628994129795988	0.38651	False
ENSG00000116761	CTH	False	0.00031978999547424146	0.017768	False
ENSG00000116771	AGMAT	False	0.05839918701899591	0.011815	False
ENSG00000116774	OLFML3	False	0.27471744260048214	0.013441	False
ENSG00000116783	TNNI3K	False	0.06618361409459372		False
ENSG00000116786	PLEKHM2	False	0.23327961810095316	0.25221	False
ENSG00000116791	CRYZ	False	0.16897663065901236	0.50939	False
ENSG00000116793	PHTF1	False	0.47575754701688844	0.2307	False
ENSG00000116809	ZBTB17	False	0.5538529250304393	0.03254	False
ENSG00000116815	CD58	False	0.005945671525119905	0.067497	False
ENSG00000116819	TFAP2E	False	0.0003462142282365892	0.031002	False
ENSG00000116824	CD2	False	0.3638343065905347	0.12883	False
ENSG00000116830	TTF2	False	0.8992088100228408	0.27164	False
ENSG00000116833	NR5A2	False	0.1166653745437117	0.22285	False
ENSG00000116852	KIF21B	False	0.025224626618502076	0.052507	False
ENSG00000116857	TMEM9	False	0.07959439724699245	0.27356	False
ENSG00000116871	MAP7D1	False	0.3226049787272308	0.31259	False
ENSG00000116874	WARS2	True	0.3707681293559524	0.53721	False
ENSG00000116882	HAO2	False	0.1908327707973618	0.47208	False
ENSG00000116885	OSCP1	False	0.325355180700259	0.091073	False
ENSG00000116898	MRPS15	False	0.12699669067480923	0.03722	False
ENSG00000116903	EXOC8	False	0.12460694688748548	0.080704	False
ENSG00000116906	GNPAT	False	0.1680618888696634	0.27924	False
ENSG00000116918	TSNAX	False	0.4266220182478412	0.24191	False
ENSG00000116922	C1orf109	False	0.20123770266655858	0.15741	False
ENSG00000116954	RRAGC	False	0.24375455042194452	0.096901	False
ENSG00000116962	NID1	False	0.29340634424915185	0.065291	False
ENSG00000116977	LGALS8	False	0.14339312500206947	0.081081	False
ENSG00000116981	NT5C1A	False	0.07654724293859125	0.14904	False
ENSG00000116983	HPCAL4	False	0.21640294755619321	0.025101	False
ENSG00000116984	MTR	True	0.002404499922118656	0.30433	False
ENSG00000116985	BMP8B	False	0.027133474846530337	0.1449	False
ENSG00000116990	MYCL	False	0.09238208566145702	0.13451	False
ENSG00000116991	SIPA1L2	False	0.21632967264055267	0.18213	False
ENSG00000116996	ZP4	False	0.022350742631321224	0.060933	False
ENSG00000117000	RLF	False	0.09571781369262088	0.070709	False
ENSG00000117009	KMO	False	0.6616748950805034	0.071335	False
ENSG00000117010	ZNF684	False	0.05607051801508355	0.29565	False
ENSG00000117013	KCNQ4	False	0.4207613887355772	0.10778	False
ENSG00000117016	RIMS3	False	0.2569889397582767	0.29672	False
ENSG00000117020	AKT3	True	0.5824714490620052	0.41873	False
ENSG00000117036	ETV3	False	0.6313728656003523	0.21825	False
ENSG00000117054	ACADM	False	0.4732330416453898	0.49568	False
ENSG00000117069	ST6GALNAC5	False	0.13049267850692783	0.46318	False
ENSG00000117090	SLAMF1	False	0.003403869257753153	0.077073	False
ENSG00000117091	CD48	False	0.43945936129825414	0.21029	False
ENSG00000117114	ADGRL2	False	0.17568688333436802	0.027071	False
ENSG00000117115	PADI2	False	0.0062033585120023	0.072908	False
ENSG00000117118	SDHB	False	0.1611118536854354	0.20986	False
ENSG00000117122	MFAP2	False	0.28444172010238244	0.13903	False
ENSG00000117133	RPF1	False	0.13041389886541258	0.47044	False
ENSG00000117139	KDM5B	False	0.0003709498259364118	0.0010522	False
ENSG00000117143	UAP1	False	0.18481426755370808	0.26167	False
ENSG00000117148	ACTL8	False	0.04018571839538681	0.54044	False
ENSG00000117151	CTBS	False	0.0462179321560673	0.13819	False
ENSG00000117152	RGS4	False	0.0028223317146754416	0.12206	False
ENSG00000117153	KLHL12	False	0.21746365573734816	0.0050856	False
ENSG00000117154	IGSF21	False	0.5048218277608918	0.30494	False
ENSG00000117155	SSX2IP	False	0.47188160196636986	0.24571	False
ENSG00000117174	ZNHIT6	False	0.19709486787323763	0.30121	False
ENSG00000117215	PLA2G2D	False	0.2640630990955053	0.32266	False
ENSG00000117222	RBBP5	False	0.03838057881745683	0.039044	False
ENSG00000117226	GBP3	False	0.07931831254090622	0.29943	False
ENSG00000117228	GBP1	False	0.048147385943036476	0.015156	False
ENSG00000117245	KIF17	False	0.008110925308717555	0.24337	False
ENSG00000117262	GPR89A	False	0.35144523813330797	0.081376	False
ENSG00000117266	CDK18	False	0.03937185256219123	0.13412	False
ENSG00000117280	RAB29	False	0.12258186514419932	0.28398	False
ENSG00000117281	CD160	False	0.48025437625294876	0.73144	False
ENSG00000117298	ECE1	False	0.04142042210475609	0.069883	False
ENSG00000117305	HMGCL	True	0.30332477777023464	0.076964	False
ENSG00000117308	GALE	False	0.39014996370069177	0.30044	False
ENSG00000117318	ID3	False	0.34899277115524485	0.44944	False
ENSG00000117322	CR2	False	0.2024896730604317	0.53472	False
ENSG00000117335	CD46	False	0.2046009581455946	0.060792	False
ENSG00000117360	PRPF3	False	0.19893185025673216	0.32565	False
ENSG00000117362	APH1A	False	0.0224423877201371	0.029213	False
ENSG00000117385	P3H1	False	0.04838541938236257	0.065191	False
ENSG00000117394	SLC2A1	True	0.00015018085601184816	5.6406e-05	False
ENSG00000117395	EBNA1BP2	False	0.02302431342521825	0.15903	False
ENSG00000117399	CDC20	False	0.241227592656983	0.29292	False
ENSG00000117400	MPL	False	0.0022789270313447684	0.06317	False
ENSG00000117407	ARTN	False	0.39132545427635357	0.86235	False
ENSG00000117408	IPO13	False	0.011086374048574222	0.020197	False
ENSG00000117410	ATP6V0B	False	0.5470061335051841	0.4748	False
ENSG00000117411	B4GALT2	False	0.6271533107197113	0.18599	False
ENSG00000117419	ERI3	False	0.004583920114288101	0.0030369	False
ENSG00000117425	PTCH2	False	0.03309966382542969	0.21535	False
ENSG00000117448	AKR1A1	False	0.39987045118460457	0.25587	False
ENSG00000117450	PRDX1	False	0.027585110761677818	0.043933	False
ENSG00000117472	TSPAN1	False	0.20328388724466018	0.047474	False
ENSG00000117475	BLZF1	False	0.49278279697405614	0.36688	False
ENSG00000117477	CCDC181	False	0.2332185881066655	0.15465	False
ENSG00000117479	SLC19A2	False	0.0029227089059210907	0.29357	False
ENSG00000117480	FAAH	False	0.005824254740787049	0.09867	False
ENSG00000117481	NSUN4	False	0.10551418364893073	0.090947	False
ENSG00000117500	TMED5	False	0.2705020301324827	0.026862	False
ENSG00000117501	MROH9	False	0.39703540518899894	0.20184	False
ENSG00000117519	CNN3	False	0.5092357039231952	0.28044	False
ENSG00000117523	PRRC2C	False	0.0010268582893757723	0.2993	False
ENSG00000117525	F3	False	0.0007946604885061289	0.088981	False
ENSG00000117528	ABCD3	False	0.05448101465696428	0.29642	False
ENSG00000117533	VAMP4	False	0.7683974989706863	0.13571	False
ENSG00000117543	DPH5	False	0.12741972448657635	0.35596	False
ENSG00000117560	FASLG	False	0.09445743111152048	0.24443	False
ENSG00000117569	PTBP2	False	0.19155541369376883	0.32485	False
ENSG00000117586	TNFSF4	False	0.3645397829993648		False
ENSG00000117592	PRDX6	False	0.37897368694347777	0.080108	False
ENSG00000117593	DARS2	False	0.07148740510922923	0.52114	False
ENSG00000117594	HSD11B1	False	0.11952852909367562	0.22619	False
ENSG00000117595	IRF6	False	0.5082686934348113	0.46694	False
ENSG00000117597	UTP25	False	0.4939515491628955	0.12154	False
ENSG00000117598	PLPPR5	False	7.085851009723257e-05	0.0028938	False
ENSG00000117601	SERPINC1	False	0.10337841762445323	0.16518	False
ENSG00000117602	RCAN3	False	0.5182150860062924	0.10506	False
ENSG00000117614	SYF2	False	0.01753501316406191	0.4209	False
ENSG00000117616	RSRP1	False	0.09140519493238383	0.039276	False
ENSG00000117620	SLC35A3	True	0.8137913511148498	0.26748	False
ENSG00000117625	RCOR3	False	0.024473267571490077	0.013829	False
ENSG00000117632	STMN1	False	0.4743397201139704	0.53532	False
ENSG00000117640	MTFR1L	False	0.18194821424629842	0.084193	False
ENSG00000117643	MAN1C1	False	0.6027880140421621	0.11913	False
ENSG00000117650	NEK2	False	0.36828739806094	0.19217	False
ENSG00000117676	RPS6KA1	False	0.2050647468333367	0.25514	False
ENSG00000117682	DHDDS	True	0.00548291032492926	0.4566	False
ENSG00000117691	NENF	False	0.013452297080983937	0.3265	False
ENSG00000117697	NSL1	False	0.03971825283848778	0.2418	False
ENSG00000117707	PROX1	False	0.4754541771330397	0.21882	False
ENSG00000117713	ARID1A	True	0.3052438138454225	0.23193	False
ENSG00000117724	CENPF	True	0.005397028646246897	0.070047	False
ENSG00000117748	RPA2	False	0.007605156536127268	0.049912	False
ENSG00000117751	PPP1R8	False	0.38010044133045423	0.031988	False
ENSG00000117758	STX12	False	0.0079333104099268	0.037443	False
ENSG00000117834	SLC5A9	False	0.30982899270626424	0.25637	False
ENSG00000117859	OSBPL9	False	0.011254241010793616	0.031212	False
ENSG00000117862	TXNDC12	False	0.18703946031372448	0.11068	False
ENSG00000117899	MESD	False	0.06864278264255029	0.58425	False
ENSG00000117906	RCN2	False	0.29040557470401734	0.042033	False
ENSG00000117971	CHRNB4	False	0.3039658634455124	0.33484	False
ENSG00000117983	MUC5B	False	0.06659332331884149	0.47825	False
ENSG00000118004	COLEC11	False	0.007306281342335236	0.052946	False
ENSG00000118007	STAG1	True	0.07256948734583658	0.29955	False
ENSG00000118017	A4GNT	False	0.14009882878994004	0.23902	False
ENSG00000118046	STK11	False	0.11622220060452063	0.32874	False
ENSG00000118058	KMT2A	True	0.6373597181866901	0.094617	False
ENSG00000118094	TREH	False	0.378681034446592	0.61087	False
ENSG00000118096	IFT46	False	0.18584309584892167	0.54299	False
ENSG00000118113	MMP8	False	0.4897865882733704	0.2753	False
ENSG00000118137	APOA1	False	0.21536489919531004	0.12435	False
ENSG00000118156	ZNF541	False	0.15722215304813367	0.45138	False
ENSG00000118160	SLC8A2	False	0.01181974855156129	0.0091889	False
ENSG00000118162	KPTN	True	0.030736701542161744	0.12096	False
ENSG00000118193	KIF14	False	0.19576187062139938	0.42071	False
ENSG00000118194	TNNT2	False	0.10562906671814527	0.1216	False
ENSG00000118197	DDX59	False	0.08072346773306309	0.35712	False
ENSG00000118200	CAMSAP2	False	0.001099091909438438	0.03095	False
ENSG00000118217	ATF6	False	0.5163873360218727	0.27544	False
ENSG00000118231	CRYGD	False	0.009806466758760598	0.10127	False
ENSG00000118242	MREG	False	0.0013273456509224767	0.24031	False
ENSG00000118245	TNP1	False	0.4446124164498555	0.36021	False
ENSG00000118246	FASTKD2	True	0.02937641632048615	0.14703	False
ENSG00000118257	NRP2	False	0.08640166947233022	0.12238	False
ENSG00000118260	CREB1	False	0.34235282296402686	0.33867	False
ENSG00000118263	KLF7	False	0.16474079925586538	0.48149	False
ENSG00000118271	TTR	False	0.1520299239917877	0.08664	False
ENSG00000118276	B4GALT6	False	0.2889739396253245	0.22215	False
ENSG00000118292	C1orf54	False	0.0071541683249420574	0.3404	False
ENSG00000118298	CA14	False	0.3900854611224117	0.49002	False
ENSG00000118322	ATP10B	False	0.010616094786558214	0.29862	False
ENSG00000118363	SPCS2	False	0.2534707917489609	0.15246	False
ENSG00000118369	USP35	False	0.011055975717855266	0.34934	False
ENSG00000118402	ELOVL4	True	0.18526958303916577	0.21439	False
ENSG00000118407	FILIP1	False	0.14953699221107336	0.13359	False
ENSG00000118418	HMGN3	False	0.6006166658646043	0.18846	False
ENSG00000118420	UBE3D	False	0.21724270173252067	0.093077	False
ENSG00000118432	CNR1	False	0.13439470988443436	0.055639	False
ENSG00000118434	SPACA1	False	0.3912672647011471	0.25057	False
ENSG00000118454	ANKRD13C	False	0.022072516860857636	0.2305	False
ENSG00000118473	SGIP1	False	0.0948882663235042	0.11338	False
ENSG00000118482	PHF3	False	0.1434999568436441	0.033905	False
ENSG00000118491	ZC2HC1B	False	0.28408138888427253	0.27436	False
ENSG00000118495	PLAGL1	False	0.46942486096011937	0.17583	False
ENSG00000118496	FBXO30	False	0.341812934912512	0.46478	False
ENSG00000118503	TNFAIP3	False	0.42651818860824386	0.16774	False
ENSG00000118507	AKAP7	False	0.3594891812145805	0.08891	False
ENSG00000118508	RAB32	False	0.3038376502289156	0.42163	False
ENSG00000118513	MYB	False	0.38341065773949845	0.13437	False
ENSG00000118514	ALDH8A1	False	0.000795927770814235	0.045015	False
ENSG00000118515	SGK1	False	0.031073784153156023	0.054566	False
ENSG00000118518	RNF146	False	0.5700688462188332	0.094919	False
ENSG00000118520	ARG1	True	0.01618511376308741	0.43203	False
ENSG00000118526	TCF21	False	0.07434993936550592	0.0022232	False
ENSG00000118557	PMFBP1	False	0.03797260329453354	0.0046579	False
ENSG00000118564	FBXL5	False	0.5376234290942594	0.36687	False
ENSG00000118579	MED28	False	0.44197924042417047	0.34563	False
ENSG00000118596	SLC16A7	False	0.12227328016157528	0.081853	False
ENSG00000118600	RXYLT1	True	0.0592341861060237	0.04801	False
ENSG00000118620	ZNF430	False	0.09519313521020882	0.25402	False
ENSG00000118640	VAMP8	False	0.5548848379893905	0.17689	False
ENSG00000118655	DCLRE1B	False	0.0834231415180203	0.18457	False
ENSG00000118689	FOXO3	False	0.03883367743508173	0.43371	False
ENSG00000118690	ARMC2	False	0.14270590055097312	0.13154	False
ENSG00000118702	GHRH	False	0.2455203435616261	0.10737	False
ENSG00000118705	RPN2	False	0.33441367308826053	0.55359	False
ENSG00000118707	TGIF2	False	0.29712182601804826	0.18609	False
ENSG00000118729	CASQ2	False	0.17249151165987145	0.45616	False
ENSG00000118733	OLFM3	False	0.010411916661234125	0.0095879	False
ENSG00000118762	PKD2	False	0.2746239325684735	0.2169	False
ENSG00000118777	ABCG2	False	0.6309540844245332	0.033583	False
ENSG00000118785	SPP1	False	0.015497871552359729	0.056924	False
ENSG00000118804	STBD1	False	0.18441960294914944	0.21036	False
ENSG00000118816	CCNI	False	0.4272511126059867	0.48335	False
ENSG00000118849	RARRES1	False	0.4713003700425873	0.69122	False
ENSG00000118873	RAB3GAP2	True	0.05700620012777255	0.58476	False
ENSG00000118894	EEF2KMT	False	0.4458506051382608	0.33424	False
ENSG00000118898	PPL	False	0.12247048413571805	0.013648	False
ENSG00000118900	UBN1	False	0.09535371467843468	0.76939	False
ENSG00000118922	KLF12	False	0.0967714058770704	0.082836	False
ENSG00000118939	UCHL3	False	0.6283489238944171	0.11884	False
ENSG00000118946	PCDH17	False	0.3519313770235604	0.15119	False
ENSG00000118960	HS1BP3	False	0.11493572127970927	0.12289	False
ENSG00000118961	LDAH	False	0.062401062567205054	0.28484	False
ENSG00000118965	WDR35	False	0.3882289136780907	0.36434	False
ENSG00000118972	FGF23	False	0.5354607958689308	0.072145	False
ENSG00000118985	ELL2	False	0.5304326711158401	0.20739	False
ENSG00000118997	DNAH7	False	0.05769158689591021	0.53495	False
ENSG00000119004	CYP20A1	False	0.16499928875707337	0.72619	False
ENSG00000119013	NDUFB3	False	0.6200645708410789	0.16293	False
ENSG00000119041	GTF3C3	True	0.29604408777543434	0.24311	False
ENSG00000119042	SATB2	True	0.1698152431517969	0.073293	False
ENSG00000119121	TRPM6	True	0.14374698895711568	0.23247	False
ENSG00000119125	GDA	False	0.005779527255391251		False
ENSG00000119138	KLF9	False	0.22018414900381025	0.077202	False
ENSG00000119139	TJP2	False	0.008932668217561087	0.27674	False
ENSG00000119185	ITGB1BP1	False	0.09279061317188976	0.15615	False
ENSG00000119203	CPSF3	True	0.2774027315067824	0.092649	False
ENSG00000119227	PIGZ	False	0.02808518738537266	0.107	False
ENSG00000119231	SENP5	False	0.211559605693683	0.072799	False
ENSG00000119242	CCDC92	False	0.45930272635665426	0.1043	False
ENSG00000119280	C1orf198	False	0.5798916005857739	0.34351	False
ENSG00000119283	TRIM67	False	0.20650144022091824	0.031328	False
ENSG00000119285	HEATR1	False	0.3361245319689766	0.22967	False
ENSG00000119314	PTBP3	False	0.39567495938539854	0.13629	False
ENSG00000119318	RAD23B	False	0.29133306784839863	0.13161	False
ENSG00000119321	FKBP15	False	0.055717645428200464	0.056851	False
ENSG00000119326	CTNNAL1	False	0.0789878049608085	0.048743	False
ENSG00000119383	PTPA	False	0.11265180648059231	0.0098846	False
ENSG00000119392	GLE1	False	0.0184646922782161	0.013216	False
ENSG00000119397	CNTRL	False	0.22023080138357912	0.054281	False
ENSG00000119401	TRIM32	False	0.7318567411157239	0.26804	False
ENSG00000119402	FBXW2	False	0.05091857706868661	0.42482	False
ENSG00000119403	PHF19	False	0.15573481216798088	0.080692	False
ENSG00000119408	NEK6	False	0.25563259910254854	0.028992	False
ENSG00000119411	BSPRY	False	0.005843809789314232	0.057659	False
ENSG00000119414	PPP6C	False	0.0026809056169407753	0.059247	False
ENSG00000119421	NDUFA8	False	0.05169532226076782	0.076863	False
ENSG00000119431	HDHD3	False	0.05971063583821554	0.033623	False
ENSG00000119446	RBM18	False	0.7265951787110225	0.33723	False
ENSG00000119457	SLC46A2	False	0.0008249541710258041	0.00075175	False
ENSG00000119471	HSDL2	False	0.04821928023270747	0.095777	False
ENSG00000119487	MAPKAP1	False	0.026230880435200124	0.27367	False
ENSG00000119508	NR4A3	False	0.3293145490923932	0.044565	False
ENSG00000119509	INVS	False	0.03376824406941298	0.30331	False
ENSG00000119514	GALNT12	False	0.010573712914046136	0.10594	False
ENSG00000119522	DENND1A	False	0.022172986108535696	0.48785	False
ENSG00000119523	ALG2	True	0.1335614892611513	0.16035	False
ENSG00000119535	CSF3R	False	0.39388734007566695	0.17846	False
ENSG00000119537	KDSR	False	0.15848597618663673	0.36756	False
ENSG00000119541	VPS4B	False	0.4555259796236403	0.0719	False
ENSG00000119547	ONECUT2	False	0.2647959056632076	0.27875	False
ENSG00000119559	C19orf25	False	0.6972850947521434	0.1878	False
ENSG00000119574	ZBTB45	False	0.14561891944680613	0.034033	False
ENSG00000119596	YLPM1	False	2.331301626875183e-07	0.058091	True
ENSG00000119599	DCAF4	False	0.16898082109063614	0.061841	False
ENSG00000119608	PROX2	False	0.04151302009660183	0.047526	False
ENSG00000119614	VSX2	False	0.007360811284762462	0.019758	False
ENSG00000119616	FCF1	False	0.020547433272046365	0.3467	False
ENSG00000119630	PGF	False	0.1841348792527679		False
ENSG00000119632	IFI27L2	False	0.00903657242857894	0.22267	False
ENSG00000119636	BBOF1	False	0.5793747483869738	0.41214	False
ENSG00000119638	NEK9	False	0.15851152904761837	0.015175	False
ENSG00000119640	ACYP1	False	0.682501124648274	0.36143	False
ENSG00000119650	IFT43	False	0.3320961929620688	0.33417	False
ENSG00000119655	NPC2	True	0.8391932236593592	0.36528	False
ENSG00000119661	DNAL1	False	0.16829231105620665	0.77008	False
ENSG00000119669	IRF2BPL	True	0.06160240957895342	0.046393	False
ENSG00000119673	ACOT2	False	0.18102913474667304	0.48526	False
ENSG00000119681	LTBP2	False	0.01296079247935469	0.14814	False
ENSG00000119682	AREL1	False	0.03482763737857074	0.039877	False
ENSG00000119684	MLH3	False	0.13823759471238883	0.24666	False
ENSG00000119685	TTLL5	False	0.07862908500149693	0.083707	False
ENSG00000119686	FLVCR2	False	0.2615101609828429	0.35357	False
ENSG00000119688	ABCD4	False	0.4075733549268814	0.16307	False
ENSG00000119689	DLST	False	0.0019454974528645699	0.015387	False
ENSG00000119698	PPP4R4	False	0.16999050245064432	0.48861	False
ENSG00000119699	TGFB3	False	0.1009756086512803	0.11867	False
ENSG00000119703	ZC2HC1C	False	0.1687697375066217	0.42457	False
ENSG00000119705	SLIRP	False	0.7020921561273747	0.13798	False
ENSG00000119707	RBM25	False	0.6806029683682924	0.19395	False
ENSG00000119711	ALDH6A1	False	0.6510005267705332	0.17152	False
ENSG00000119714	GPR68	False	0.3478494903093772	0.30514	False
ENSG00000119715	ESRRB	False	0.004387164968702034	0.071083	False
ENSG00000119718	EIF2B2	True	0.30177921917016554	0.30267	False
ENSG00000119720	NRDE2	False	0.04043825316560858	0.2548	False
ENSG00000119723	COQ6	True	0.058819521750194725	0.32992	False
ENSG00000119725	ZNF410	False	0.1085465961618852	0.27481	False
ENSG00000119729	RHOQ	False	0.006051302121772358	0.0021406	False
ENSG00000119737	GPR75	False	0.02925850679384572	0.0072366	False
ENSG00000119760	SUPT7L	False	0.06836365964550777	0.28077	False
ENSG00000119771	KLHL29	False	0.3622227789736131	0.092524	False
ENSG00000119772	DNMT3A	True	0.21852914950461153	0.063716	False
ENSG00000119777	TMEM214	False	0.12814831244644315	0.6926	False
ENSG00000119778	ATAD2B	False	0.1170002846709513	0.084661	False
ENSG00000119787	ATL2	False	0.05151752883621159	0.24932	False
ENSG00000119812	FAM98A	False	0.020986489079476263	0.062759	False
ENSG00000119844	AFTPH	False	0.005291323435378232	0.44131	False
ENSG00000119862	LGALSL	False	0.01899399465621925	0.20037	False
ENSG00000119865	CNRIP1	False	0.3746439944737333	0.073959	False
ENSG00000119866	BCL11A	True	0.03054028037534122	0.083495	False
ENSG00000119888	EPCAM	False	0.2662606552682351	0.23769	False
ENSG00000119899	SLC17A5	False	0.20572794306902636	0.16932	False
ENSG00000119900	OGFRL1	False	0.512224227672845	0.036232	False
ENSG00000119906	SLF2	False	0.07196977837197907	0.29135	False
ENSG00000119912	IDE	False	0.35644553964555414	0.3669	False
ENSG00000119913	TECTB	False	0.27562259875615663	0.28664	False
ENSG00000119915	ELOVL3	False	0.2369592494259767	0.2462	False
ENSG00000119917	IFIT3	False	0.19194710084832595		False
ENSG00000119919	NKX2-3	False	0.38502291851172826		False
ENSG00000119922	IFIT2	False	1.7835974389640647e-05		False
ENSG00000119927	GPAM	False	0.5371443848234964	0.16907	False
ENSG00000119929	CUTC	False	0.027796657065725067	0.24691	False
ENSG00000119938	PPP1R3C	False	0.22498704771784944	0.096548	False
ENSG00000119943	PYROXD2	False	0.1744930282411949	0.31961	False
ENSG00000119946	CNNM1	False	0.1368676662425829	0.09378	False
ENSG00000119950	MXI1	False	0.3136938779220321	0.10667	False
ENSG00000119953	SMNDC1	False	0.6308261433254798	0.58985	False
ENSG00000119965	C10orf88	False	0.011231770159949587	0.52288	False
ENSG00000119969	HELLS	False	0.003723520907949106	0.09747	False
ENSG00000119973	PRLHR	False	0.3284724918735452	0.03396	False
ENSG00000119977	TCTN3	False	0.07746744955870631	0.63018	False
ENSG00000119986	AVPI1	False	0.6669043671214905	0.42094	False
ENSG00000120008	WDR11	False	0.7525365456283255	0.13807	False
ENSG00000120029	ARMH3	False	0.1455678590801461	0.039574	False
ENSG00000120049	KCNIP2	False	0.30845216344026755	0.044193	False
ENSG00000120051	CFAP58	False	0.03856890910374227	0.58135	False
ENSG00000120053	GOT1	False	0.19275863655775513	0.37815	False
ENSG00000120054	CPN1	False	0.35601506045862075	0.054004	False
ENSG00000120057	SFRP5	False	0.28034041949292504	0.18771	False
ENSG00000120063	GNA13	False	0.848398645544747	0.25224	False
ENSG00000120068	HOXB8	False	0.5619594642504362	0.11151	False
ENSG00000120071	KANSL1	True	1.169679934037224e-08	0.0004455	True
ENSG00000120075	HOXB5	False	0.5748240287743833	0.1066	False
ENSG00000120088	CRHR1	False	0.4409779745420894	0.016836	False
ENSG00000120093	HOXB3	False	0.10620858011669367	0.12081	False
ENSG00000120094	HOXB1	False	0.37649509093203964	0.50895	False
ENSG00000120129	DUSP1	False	0.3269680885013798		False
ENSG00000120137	PANK3	False	0.17718392263384772	0.25741	False
ENSG00000120149	MSX2	False	0.278473809630779	0.24045	False
ENSG00000120156	TEK	False	0.03558291541098109	0.21244	False
ENSG00000120158	RCL1	False	0.22517648634190185	0.078995	False
ENSG00000120159	CAAP1	False	0.047163822052762414	0.3202	False
ENSG00000120160	EQTN	False	0.09807670784585347	0.26021	False
ENSG00000120162	MOB3B	False	0.0627881048869539	0.051711	False
ENSG00000120210	INSL6	False	0.1359334461176247	0.36883	False
ENSG00000120211	INSL4	False	0.0227435448108386	0.075106	False
ENSG00000120215	MLANA	False	0.0005494119942006808	0.44667	False
ENSG00000120217	CD274	False	0.17576493467272045	0.19784	False
ENSG00000120235	IFNA6	False	0.34658641509742794	0.35587	False
ENSG00000120242	IFNA8	False	0.3104374119850947	0.21046	False
ENSG00000120251	GRIA2	True	0.013476981555182422	0.13519	False
ENSG00000120253	NUP43	False	0.10370942816219239	0.58107	False
ENSG00000120254	MTHFD1L	False	0.1401864495815972	0.11506	False
ENSG00000120256	LRP11	False	0.08676059925409403	0.17295	False
ENSG00000120262	CCDC170	False	0.04323147031141179	0.20483	False
ENSG00000120265	PCMT1	False	0.05919145432996544	0.024997	False
ENSG00000120278	PLEKHG1	False	0.2990608052718883	0.50208	False
ENSG00000120279	MYCT1	False	0.03123951524191202	0.088871	False
ENSG00000120306	CYSTM1	False	0.002430027026842099		False
ENSG00000120314	WDR55	False	0.12960829930582565	0.07196	False
ENSG00000120318	ARAP3	False	0.0058905648134811705	0.12462	False
ENSG00000120324	PCDHB10	False	0.7985412216826269	0.35942	False
ENSG00000120327	PCDHB14	False	0.14895960576899953	0.36233	False
ENSG00000120328	PCDHB12	False	0.293553819725005		False
ENSG00000120329	SLC25A2	False	0.06369180789125792	0.084944	False
ENSG00000120332	TNN	False	0.0878204393196655	0.1838	False
ENSG00000120333	MRPS14	False	0.09810730999668427	0.36356	False
ENSG00000120334	CENPL	False	0.7018535319810799	0.17773	False
ENSG00000120341	SEC16B	False	0.15751480012159316	0.01875	False
ENSG00000120436	GPR31	False	0.3568256772004875	0.25319	False
ENSG00000120437	ACAT2	False	0.29797673062564495	0.49182	False
ENSG00000120438	TCP1	True	0.43704227301572807	0.37806	False
ENSG00000120440	TTLL2	False	0.0013783202658386145	0.36582	False
ENSG00000120451	SNX19	False	0.016331134791505338	0.12694	False
ENSG00000120457	KCNJ5	False	0.6022415105355144	0.26683	False
ENSG00000120458	MSANTD2	False	0.020091354472653273	0.022919	False
ENSG00000120471	TP53AIP1	False	0.015868070726750793	0.010272	False
ENSG00000120519	SLC10A7	False	0.3338660230444989	0.24833	False
ENSG00000120526	NUDCD1	False	0.002230163074233857	0.032986	False
ENSG00000120539	MASTL	False	0.030527349386004946	0.19352	False
ENSG00000120549	KIAA1217	False	0.022762528724863666	0.052459	False
ENSG00000120594	PLXDC2	False	0.6180429435623711	0.31776	False
ENSG00000120616	EPC1	False	0.025427919518431992	0.10416	False
ENSG00000120645	IQSEC3	False	0.16192280139003998	0.022596	False
ENSG00000120647	CCDC77	False	0.06566371158417302	0.22841	False
ENSG00000120656	TAF12	False	0.03486115676356822	0.33035	False
ENSG00000120658	ENOX1	False	0.06754706842655125	0.29276	False
ENSG00000120659	TNFSF11	False	0.010478437738109242	0.0073115	False
ENSG00000120662	MTRF1	False	0.15090393224248885	0.60051	False
ENSG00000120675	DNAJC15	False	0.17707871278063175	0.010251	False
ENSG00000120685	PROSER1	False	0.13715080393171417	0.34877	False
ENSG00000120686	UFM1	True	0.11123669843119735	0.2849	False
ENSG00000120688	WBP4	False	0.2683392761295317	0.081046	False
ENSG00000120690	ELF1	False	0.01349774910574394	0.28951	False
ENSG00000120693	SMAD9	False	0.4412602883424407	0.30035	False
ENSG00000120694	HSPH1	False	0.5518219155039616	0.17501	False
ENSG00000120696	KBTBD7	False	0.18683242110275053	0.51465	False
ENSG00000120697	ALG5	False	0.18132402731163552	0.13232	False
ENSG00000120699	EXOSC8	False	0.4294320050264524	0.31244	False
ENSG00000120708	TGFBI	False	0.067461643155253	0.39444	False
ENSG00000120709	FAM53C	False	0.19290926970990158	0.12919	False
ENSG00000120725	SIL1	False	0.2809505063823042	0.13903	False
ENSG00000120729	MYOT	False	0.14804989396766444	0.082953	False
ENSG00000120733	KDM3B	False	0.03622225185090816	0.0051521	False
ENSG00000120738	EGR1	False	0.3736395972592201	0.030536	False
ENSG00000120756	PLS1	False	0.5743468238395655	0.025441	False
ENSG00000120784	ZFP30	False	0.7329922396045541	0.55422	False
ENSG00000120798	NR2C1	False	0.11712108173524824	0.076392	False
ENSG00000120800	UTP20	False	0.08954478768510493	0.0056016	False
ENSG00000120802	TMPO	False	0.2912898025541834	0.22973	False
ENSG00000120820	GLT8D2	False	0.18288958402357158	0.6485	False
ENSG00000120832	MTERF2	False	0.5412026424955784	0.04289	False
ENSG00000120833	SOCS2	False	0.1730524042096463	0.44387	False
ENSG00000120837	NFYB	False	0.5362406746441357	0.1113	False
ENSG00000120868	APAF1	False	0.5490358170313148	0.36837	False
ENSG00000120875	DUSP4	False	0.08401668130301762	0.013832	False
ENSG00000120885	CLU	False	0.4578263757556631	0.11984	False
ENSG00000120889	TNFRSF10B	False	0.26404138015107587	0.22256	False
ENSG00000120896	SORBS3	False	0.49158794087115	0.10462	False
ENSG00000120899	PTK2B	False	0.2902375697090953	0.047232	False
ENSG00000120903	CHRNA2	True	0.2299557096501793	0.13223	False
ENSG00000120907	ADRA1A	False	0.032658595280921625	0.49652	False
ENSG00000120910	PPP3CC	False	0.03291396519147069	0.11878	False
ENSG00000120913	PDLIM2	False	0.13642950527769104	0.013042	False
ENSG00000120915	EPHX2	False	0.2907651386375099	0.44288	False
ENSG00000120925	RNF170	False	0.11836322633889271	0.44829	False
ENSG00000120937	NPPB	False	0.3339620875775653	0.2584	False
ENSG00000120942	UBIAD1	False	0.009227802011412682	0.016029	False
ENSG00000120948	TARDBP	False	0.14553302217441588	0.5063	False
ENSG00000120949	TNFRSF8	False	0.05773997307274214	0.094301	False
ENSG00000120952	PRAMEF2	False	0.21559638201600692	0.10271	False
ENSG00000120992	LYPLA1	False	0.3766705781953539	0.26276	False
ENSG00000121005	CRISPLD1	False	0.1460397586482904	0.41251	False
ENSG00000121022	COPS5	False	0.6497934066510134	0.89322	False
ENSG00000121039	RDH10	False	0.7570356765305726	0.49503	False
ENSG00000121053	EPX	False	0.2708237034513942	0.29694	False
ENSG00000121057	AKAP1	False	0.4414461869978995	0.25149	False
ENSG00000121058	COIL	False	0.048606666055518166	0.0022968	False
ENSG00000121060	TRIM25	False	0.15567767198708324	0.15044	False
ENSG00000121064	SCPEP1	False	0.27675834277692984	0.30721	False
ENSG00000121068	TBX2	False	0.310135934377745	0.10961	False
ENSG00000121075	TBX4	False	0.1938366603016505	0.37355	False
ENSG00000121101	TEX14	False	0.4131269227678004	0.17516	False
ENSG00000121104	FAM117A	False	0.6496456194769331	0.23055	False
ENSG00000121152	NCAPH	False	0.42088300473450535	0.052496	False
ENSG00000121207	LRAT	False	0.004662950720042869	0.072867	False
ENSG00000121210	TMEM131L	False	0.3951457254673761	0.22879	False
ENSG00000121211	MND1	False	0.5723879832672503	0.060719	False
ENSG00000121236	TRIM6	False	0.021752688962343718	0.25394	False
ENSG00000121270	ABCC11	False	0.03307713031458942	0.074102	False
ENSG00000121274	TENT4B	False	0.5489801183441674	0.1295	False
ENSG00000121281	ADCY7	False	0.013627602069478032	0.0029025	False
ENSG00000121289	CEP89	False	0.18239775078815051	0.11361	False
ENSG00000121297	TSHZ3	False	0.19420744564946738	0.36535	False
ENSG00000121310	ECHDC2	False	0.11815916937252388	0.30818	False
ENSG00000121314	TAS2R8	False	0.036707255164220604		False
ENSG00000121316	PLBD1	False	0.04294542555778661	0.21305	False
ENSG00000121318	TAS2R10	False	0.11783598365309167	0.14896	False
ENSG00000121350	PYROXD1	False	0.30846283061551005	0.33486	False
ENSG00000121351	IAPP	False	0.87034905103287	0.72182	False
ENSG00000121361	KCNJ8	False	0.06240182394094604	0.069239	False
ENSG00000121377	TAS2R7	False	0.14021996898876082		False
ENSG00000121380	BCL2L14	False	0.10307660907061017	0.60374	False
ENSG00000121381	TAS2R9	False	0.18599897320359343		False
ENSG00000121390	PSPC1	False	0.5193712608507861	0.074083	False
ENSG00000121406	ZNF549	False	0.5938443728553845	0.60028	False
ENSG00000121410	A1BG	False	0.145370267064738	0.63158	False
ENSG00000121413	ZSCAN18	False	0.0265548776802432	0.25363	False
ENSG00000121417	ZNF211	False	0.14101358293042884	0.12082	False
ENSG00000121440	PDZRN3	False	0.7763430248188062	0.016409	False
ENSG00000121446	RGSL1	False	0.21823431558699471	0.14338	False
ENSG00000121454	LHX4	False	0.07359723864932953	0.23559	False
ENSG00000121481	RNF2	False	0.6710450829753831	0.18581	False
ENSG00000121486	TRMT1L	False	0.4743247074896173	0.44808	False
ENSG00000121542	SEC22A	False	0.3940264264169106	0.015901	False
ENSG00000121552	CSTA	True	0.19116693667313178	0.67051	False
ENSG00000121570	DPPA4	False	0.09789479557663235	0.021441	False
ENSG00000121577	POPDC2	False	0.01495511200253518	0.090099	False
ENSG00000121578	B4GALT4	False	0.43756696590821764	0.36915	False
ENSG00000121594	CD80	False	0.37008016946967337	0.27958	False
ENSG00000121621	KIF18A	False	0.0804352551496423	0.22411	False
ENSG00000121634	GJA8	False	0.34161866598445606	0.052758	False
ENSG00000121644	DESI2	False	0.5011096710901317	0.48906	False
ENSG00000121653	MAPK8IP1	False	0.03448228167403697	0.002724	False
ENSG00000121671	CRY2	False	0.09538659933588346	0.4798	False
ENSG00000121680	PEX16	False	0.12096022796921481	0.37779	False
ENSG00000121690	DEPDC7	False	0.10999482860889807	0.13103	False
ENSG00000121691	CAT	False	0.3351599629343417	0.33431	False
ENSG00000121716	PILRB	False	0.349305855239538	0.0096225	False
ENSG00000121741	ZMYM2	False	0.01465591200215204	0.20684	False
ENSG00000121742	GJB6	False	0.06773918632103133	0.3316	False
ENSG00000121743	GJA3	False	0.4775463532706111	0.53323	False
ENSG00000121749	TBC1D15	False	0.16472192586588494	0.30334	False
ENSG00000121753	ADGRB2	False	0.010053441116134479	0.0076456	False
ENSG00000121764	HCRTR1	False	0.024644511612579113	0.37793	False
ENSG00000121766	ZCCHC17	False	0.08015553851403626	0.44978	False
ENSG00000121769	FABP3	False	0.10064961199843002	0.2517	False
ENSG00000121774	KHDRBS1	False	0.0047410500171591475	0.073196	False
ENSG00000121775	TMEM39B	False	0.025749376226857634	0.13743	False
ENSG00000121797	CCRL2	False	0.22103196508629844		False
ENSG00000121807	CCR2	False	0.33954138132850675	0.19004	False
ENSG00000121853	GHSR	False	0.0796389754971715	0.048728	False
ENSG00000121858	TNFSF10	False	0.30476805277243874	0.089715	False
ENSG00000121864	ZNF639	False	0.11242867437954361	0.53669	False
ENSG00000121871	SLITRK3	False	0.25200995832000006	0.087842	False
ENSG00000121879	PIK3CA	True	0.008178446859634625	0.071479	False
ENSG00000121892	PDS5A	False	0.41682922611006945	0.14639	False
ENSG00000121895	TMEM156	False	0.24968807428352022	0.14674	False
ENSG00000121897	LIAS	True	0.008918337108277097	0.16493	False
ENSG00000121898	CPXM2	False	0.02339622025129255	0.63849	False
ENSG00000121900	TMEM54	False	0.11816654911732079	0.15007	False
ENSG00000121903	ZSCAN20	False	0.34271594848659326	0.34279	False
ENSG00000121904	CSMD2	False	0.08574702131903682	0.17223	False
ENSG00000121905	HPCA	False	0.6527523746999362	0.3944	False
ENSG00000121931	LRIF1	False	0.24851635856776705	0.08135	False
ENSG00000121933	TMIGD3	False	0.3316662072012356	0.43305	False
ENSG00000121940	CLCC1	False	0.12623466773658826	0.73917	False
ENSG00000121957	GPSM2	True	0.04785501638552432	0.72673	False
ENSG00000121964	GTDC1	False	0.08325908740918964	0.30234	False
ENSG00000121966	CXCR4	False	0.4759283603263915	0.33027	False
ENSG00000121988	ZRANB3	False	0.04564295814771032	0.010538	False
ENSG00000121989	ACVR2A	False	0.14066504546580327	0.041572	False
ENSG00000122008	POLK	False	0.25334131604968013	0.38138	False
ENSG00000122012	SV2C	False	0.2686024557283311	0.20911	False
ENSG00000122025	FLT3	False	0.3685365001754193	0.34449	False
ENSG00000122033	MTIF3	False	0.667989092179921	0.14247	False
ENSG00000122034	GTF3A	False	0.1835414198105024	0.0049501	False
ENSG00000122035	RASL11A	False	0.30952074163856186	0.045352	False
ENSG00000122068	FYTTD1	False	0.08867386325259978	0.19889	False
ENSG00000122085	MTERF4	False	0.25121009479428213	0.20706	False
ENSG00000122133	PAEP	False	0.36500775635499694	0.076855	False
ENSG00000122136	OBP2A	False	0.17125784331505742	0.47601	False
ENSG00000122140	MRPS2	False	0.04207171689965404	0.15372	False
ENSG00000122176	FMOD	False	0.6577723002597797	0.26372	False
ENSG00000122180	MYOG	False	0.1748861077996115	0.52964	False
ENSG00000122188	LAX1	False	0.03873180425036694	0.58286	False
ENSG00000122194	PLG	False	0.2556940440614437	0.17523	False
ENSG00000122203	KIAA1191	False	0.029901550501853218	0.32569	False
ENSG00000122218	COPA	False	0.3945491866829424	0.083655	False
ENSG00000122223	CD244	False	0.3085208797716927	0.066522	False
ENSG00000122224	LY9	False	0.2859510478200718	0.49957	False
ENSG00000122254	HS3ST2	False	0.5985310510448755	0.064231	False
ENSG00000122257	RBBP6	False	0.6398155516016051	0.0031044	False
ENSG00000122299	ZC3H7A	False	0.1169856862990362	0.061068	False
ENSG00000122304	PRM2	False	0.19543373858229726	0.14151	False
ENSG00000122335	SERAC1	True	0.06591581158564007	0.28858	False
ENSG00000122359	ANXA11	False	0.24854550417952206	0.057053	False
ENSG00000122367	LDB3	False	0.02533824521473502	0.084692	False
ENSG00000122375	OPN4	False	0.13100193410117136	0.015075	False
ENSG00000122376	SHLD2	False	0.027548722896401517	0.20263	False
ENSG00000122378	PRXL2A	False	0.30445947822812786	0.030858	False
ENSG00000122386	ZNF205	False	0.11835369218170483	0.15432	False
ENSG00000122390	NAA60	False	0.06882553266959934	0.18938	False
ENSG00000122406	RPL5	False	0.19476893889011		False
ENSG00000122417	ODF2L	False	0.003381712724101953	0.012128	False
ENSG00000122420	PTGFR	False	0.012128704329587799	0.016747	False
ENSG00000122435	TRMT13	False	0.4298433841146012	0.21203	False
ENSG00000122477	LRRC39	False	0.09328477968426725	0.48482	False
ENSG00000122481	RWDD3	False	0.0825065352803622	0.036483	False
ENSG00000122482	ZNF644	False	0.4190021137361081	0.16948	False
ENSG00000122483	CCDC18	False	0.36581674771350997	0.35279	False
ENSG00000122484	RPAP2	False	0.15436302143609631	0.42816	False
ENSG00000122507	BBS9	False	0.5795872459740066	0.26928	False
ENSG00000122512	PMS2	False	0.5677134551538074	0.23281	False
ENSG00000122515	ZMIZ2	False	0.17323521165439326		False
ENSG00000122543	OCM	False	0.007735610347958614	0.021759	False
ENSG00000122547	EEPD1	False	0.2726547032130236	0.1251	False
ENSG00000122550	KLHL7	False	0.1253449625687563	0.038997	False
ENSG00000122557	HERPUD2	False	0.15353246292109682	0.090677	False
ENSG00000122566	HNRNPA2B1	False	0.07792471374310903	0.22887	False
ENSG00000122574	WIPF3	False	0.5002726948731102	0.16943	False
ENSG00000122584	NXPH1	False	0.2984433404209927	0.080569	False
ENSG00000122585	NPY	False	0.23113871373559	0.20741	False
ENSG00000122592	HOXA7	False	0.3602639919998731	0.11183	False
ENSG00000122641	INHBA	False	0.012860037044140153	0.00031449	False
ENSG00000122642	FKBP9	False	0.20214366697206404	0.11697	False
ENSG00000122643	NT5C3A	False	0.38593687320992964	0.065625	False
ENSG00000122644	ARL4A	False	0.09915262395214268		False
ENSG00000122674	CCZ1	False	0.13732493741714683	0.28685	False
ENSG00000122678	POLM	False	0.055577842104440715	0.30621	False
ENSG00000122679	RAMP3	False	0.016594056446386195	0.017081	False
ENSG00000122687	MRM2	False	0.6293002348485406	0.40837	False
ENSG00000122692	SMU1	False	0.23308883035727754	0.1128	False
ENSG00000122694	GLIPR2	False	0.05730082826886975	0.34633	False
ENSG00000122696	SLC25A51	False	0.49720038308131254	0.099392	False
ENSG00000122705	CLTA	False	0.2750912117394195	0.14742	False
ENSG00000122707	RECK	False	0.24300306193323817	0.094189	False
ENSG00000122728	TAF1L	False	0.8025164119926087	0.4404	False
ENSG00000122729	ACO1	False	0.0585431246354111	0.035682	False
ENSG00000122733	PHF24	False	0.2027044633927686	0.15818	False
ENSG00000122735	DNAI1	False	0.09095070541414554	0.50062	False
ENSG00000122741	DCAF10	False	0.8455827526878952	0.26398	False
ENSG00000122756	CNTFR	False	0.09393048464049837	0.14427	False
ENSG00000122778	KIAA1549	False	0.693661880071859	0.5891	False
ENSG00000122779	TRIM24	False	0.44346583639190684	0.17617	False
ENSG00000122783	CYREN	False	0.01585231797102437	0.23613	False
ENSG00000122786	CALD1	False	0.0032897349087101374	0.02431	False
ENSG00000122787	AKR1D1	False	0.05498463721157706	0.31446	False
ENSG00000122852	SFTPA1	False	0.08533400167576395	0.1073	False
ENSG00000122859	NEUROG3	False	0.2610182696735233		False
ENSG00000122861	PLAU	False	0.08383372115019208	0.091661	False
ENSG00000122862	SRGN	False	0.01941027725449015		False
ENSG00000122863	CHST3	False	0.5685968761322651	0.095641	False
ENSG00000122870	BICC1	False	0.5309291393861333	0.28471	False
ENSG00000122877	EGR2	False	0.11544054373909815	0.36761	False
ENSG00000122882	ECD	False	0.3095311290950527	0.21821	False
ENSG00000122884	P4HA1	False	0.7346642889492686	0.42317	False
ENSG00000122912	SLC25A16	False	0.10961908357462798	0.20858	False
ENSG00000122952	ZWINT	False	0.04789342630342128	0.14658	False
ENSG00000122958	VPS26A	False	0.7739621282851057	0.42607	False
ENSG00000122965	RBM19	False	0.5825631497619028	0.46344	False
ENSG00000122966	CIT	False	0.29927406201894113	0.10623	False
ENSG00000122970	IFT81	False	0.09499543891257606	0.052685	False
ENSG00000122971	ACADS	False	0.3756854251445799	0.31901	False
ENSG00000122986	HVCN1	False	0.8135716479105131	0.23494	False
ENSG00000123064	DDX54	False	0.43766488857778596	0.62238	False
ENSG00000123066	MED13L	True	0.022323593110837227	0.1098	False
ENSG00000123080	CDKN2C	False	0.2228861701332692		False
ENSG00000123091	RNF11	False	0.9748155675487485	0.50574	False
ENSG00000123094	RASSF8	False	0.021392700934571737	0.050089	False
ENSG00000123095	BHLHE41	False	0.26218190993657564	0.74067	False
ENSG00000123096	SSPN	False	0.2519475540700245	0.27618	False
ENSG00000123104	ITPR2	False	0.010292688573250023	0.24643	False
ENSG00000123106	CCDC91	False	0.4582288690237243	0.30998	False
ENSG00000123119	NECAB1	False	0.6013398322212469	0.049761	False
ENSG00000123124	WWP1	False	0.13212189436762795	0.13994	False
ENSG00000123136	DDX39A	False	0.005784049514523076	0.017803	False
ENSG00000123143	PKN1	False	0.20665237308553155	0.23341	False
ENSG00000123146	ADGRE5	False	0.0306730798857144	0.012611	False
ENSG00000123154	WDR83	False	0.01800743249700261	0.24946	False
ENSG00000123159	GIPC1	False	0.052021408061843064	0.34728	False
ENSG00000123178	SPRYD7	False	0.07421868593720887	0.16404	False
ENSG00000123179	EBPL	False	0.1025571704205424	0.36684	False
ENSG00000123191	ATP7B	False	0.26307473894621247	0.28082	False
ENSG00000123200	ZC3H13	False	0.3718777763228189	0.20928	False
ENSG00000123213	NLN	False	0.09990634501922435	0.013438	False
ENSG00000123219	CENPK	False	0.7973416199532408	0.19911	False
ENSG00000123240	OPTN	False	0.09840948852018554	0.51482	False
ENSG00000123243	ITIH5	False	0.4106042256125403	0.14954	False
ENSG00000123268	ATF1	False	0.49498922383377497	0.17412	False
ENSG00000123297	TSFM	True	0.4881301785054579	0.55293	False
ENSG00000123307	NEUROD4	False	0.2958120197238704	0.65966	False
ENSG00000123329	ARHGAP9	False	0.2958717679736006	0.13285	False
ENSG00000123338	NCKAP1L	False	0.031216883877785852	0.096303	False
ENSG00000123342	MMP19	False	0.032986372853212216	0.2932	False
ENSG00000123349	PFDN5	False	0.25184957222713045	0.31832	False
ENSG00000123352	SPATS2	False	0.5214368447403501	0.16149	False
ENSG00000123353	ORMDL2	False	0.20264532065839277	0.49965	False
ENSG00000123358	NR4A1	False	0.16201166928352467	0.32114	False
ENSG00000123360	PDE1B	False	0.09562936901316556	0.018499	False
ENSG00000123364	HOXC13	False	0.012763938030588262	0.32803	False
ENSG00000123374	CDK2	False	0.10171603113310976	0.25276	False
ENSG00000123384	LRP1	False	0.02485661787642087	0.069209	False
ENSG00000123388	HOXC11	False	0.4999095056484144	0.35846	False
ENSG00000123395	ATG101	False	0.024943142994559853	0.11012	False
ENSG00000123405	NFE2	False	0.26610915786150274	0.10445	False
ENSG00000123407	HOXC12	False	0.0019525419935615279	0.037214	False
ENSG00000123411	IKZF4	False	0.1448396858772326	0.14768	False
ENSG00000123415	SMUG1	False	0.060644621721903165	0.26774	False
ENSG00000123427	EEF1AKMT3	False	0.4975103626692201	0.11435	False
ENSG00000123444	KBTBD4	False	0.1662599345450637	0.069368	False
ENSG00000123453	SARDH	False	0.08933003306628093	0.16749	False
ENSG00000123454	DBH	False	0.1660025309517767	0.17875	False
ENSG00000123472	ATPAF1	False	0.044589020369159266	0.033709	False
ENSG00000123473	STIL	False	0.011149160919297147	0.51713	False
ENSG00000123485	HJURP	False	0.012503609099041722	0.10474	False
ENSG00000123500	COL10A1	False	0.08727810349345216	0.051951	False
ENSG00000123505	AMD1	False	0.2319963799453041	0.11586	False
ENSG00000123545	NDUFAF4	True	0.0077846356656186685	0.36788	False
ENSG00000123552	USP45	False	0.18660604098546782	0.19786	False
ENSG00000123600	METTL8	False	0.01702861324803136	0.28633	False
ENSG00000123607	TTC21B	False	0.14642960764340535	0.098628	False
ENSG00000123609	NMI	False	0.5467835670649699	0.032385	False
ENSG00000123610	TNFAIP6	False	0.004824586510198207	0.38369	False
ENSG00000123612	ACVR1C	False	0.0009669543753154874	0.19277	False
ENSG00000123636	BAZ2B	True	0.27085134091799556	0.12612	False
ENSG00000123643	SLC36A1	False	0.04576328707225661	0.064893	False
ENSG00000123684	LPGAT1	False	0.04876397258751128	0.55326	False
ENSG00000123689	G0S2	False	0.7226937098743289		False
ENSG00000123700	KCNJ2	False	0.1470173517909232	0.030882	False
ENSG00000123737	EXOSC9	False	0.18416586128889184	0.25994	False
ENSG00000123739	PLA2G12A	False	0.21728657862512665	0.60718	False
ENSG00000123810	B9D2	False	0.0027792955646237065	0.3592	False
ENSG00000123815	COQ8B	False	0.13540642413999016	0.11329	False
ENSG00000123836	PFKFB2	False	0.20724518518751836	0.14507	False
ENSG00000123838	C4BPA	False	0.10578930812514158	0.015012	False
ENSG00000123843	C4BPB	False	0.012264410293171105	0.62641	False
ENSG00000123892	RAB38	False	0.13416196100986316	0.037208	False
ENSG00000123901	GPR83	False	0.1870680248313857	0.08494	False
ENSG00000123908	AGO2	False	0.11648159262131332	0.21528	False
ENSG00000123933	MXD4	False	0.12617505103690171		False
ENSG00000123977	DAW1	False	0.09047708723196732	0.50922	False
ENSG00000123983	ACSL3	False	0.3122120632771442	0.33249	False
ENSG00000123989	CHPF	False	0.1492849529184911	0.090803	False
ENSG00000123992	DNPEP	False	0.26927685499836546	0.20177	False
ENSG00000123999	INHA	False	0.10944984547281694	0.11369	False
ENSG00000124003	MOGAT1	False	0.051744627709990394	0.45753	False
ENSG00000124006	OBSL1	False	0.1326330154652179	0.1388	False
ENSG00000124019	FAM124B	False	0.23326747917853602	0.68958	False
ENSG00000124067	SLC12A4	False	0.5456833534730473	0.087979	False
ENSG00000124074	ENKD1	False	0.0937070365817209	0.63337	False
ENSG00000124089	MC3R	False	0.23986024170191414	0.22715	False
ENSG00000124092	CTCFL	False	0.011345132432571306	0.032755	False
ENSG00000124102	PI3	False	0.012682397228245861	0.30534	False
ENSG00000124103	FAM209A	False	0.35686946038300216	0.45595	False
ENSG00000124104	SNX21	False	0.18148381295064697	0.5258	False
ENSG00000124107	SLPI	False	0.18441674488538057	0.17713	False
ENSG00000124116	WFDC3	False	0.10173396241420585	0.24231	False
ENSG00000124120	TTPAL	False	0.4959643716880441	0.6965	False
ENSG00000124126	PREX1	False	0.5037048198262765	0.046726	False
ENSG00000124134	KCNS1	False	0.5504447150244101	0.19385	False
ENSG00000124140	SLC12A5	True	0.02060537515537433	0.030908	False
ENSG00000124145	SDC4	False	0.034817405723475865	0.027584	False
ENSG00000124151	NCOA3	False	0.0407178781036409	0.36926	False
ENSG00000124155	PIGT	True	0.16650752846168265	0.33512	False
ENSG00000124157	SEMG2	False	0.21902264143674616	0.37017	False
ENSG00000124159	MATN4	False	0.3824674346840233	0.075143	False
ENSG00000124160	NCOA5	False	0.7211528157171696	0.29921	False
ENSG00000124164	VAPB	False	0.05133300566154451	0.51049	False
ENSG00000124171	PARD6B	False	0.09083242807034064		False
ENSG00000124177	CHD6	False	0.018764053605867668	0.033976	False
ENSG00000124181	PLCG1	False	0.6539871759829289	0.027455	False
ENSG00000124191	TOX2	False	0.07416982008233287	0.29895	False
ENSG00000124193	SRSF6	False	0.07317314739674081	0.012714	False
ENSG00000124194	GDAP1L1	False	0.03279476605500455	0.31218	False
ENSG00000124196	GTSF1L	False	0.059196450304084276	0.044226	False
ENSG00000124198	ARFGEF2	True	0.006283164092309407	0.038197	False
ENSG00000124201	ZNFX1	False	0.03256604304453192	0.34908	False
ENSG00000124203	ZNF831	False	0.0050267659188394775	0.081349	False
ENSG00000124205	EDN3	False	0.1323427638333507	0.27177	False
ENSG00000124207	CSE1L	False	0.45018338083901366	0.36189	False
ENSG00000124209	RAB22A	False	0.00010001066450582481	0.00034279	False
ENSG00000124212	PTGIS	False	0.3131378526104458	0.081493	False
ENSG00000124214	STAU1	False	0.05496981126007475	0.070295	False
ENSG00000124215	CDH26	False	0.24415662690940557	0.27191	False
ENSG00000124216	SNAI1	False	0.48103342236810487	0.030847	False
ENSG00000124217	MOCS3	False	0.32940804929725626	0.057964	False
ENSG00000124222	STX16	False	0.30643401834349426	0.2337	False
ENSG00000124225	PMEPA1	False	0.08811586532563191	0.059208	False
ENSG00000124226	RNF114	False	0.11191132323125255	0.15503	False
ENSG00000124227	ANKRD60	False	0.3592690184881019	0.58727	False
ENSG00000124232	RBPJL	False	0.42532979549880956	0.33318	False
ENSG00000124233	SEMG1	False	0.6188285093897532	0.04143	False
ENSG00000124237	C20orf85	False	0.011118493291207954	0.47952	False
ENSG00000124243	BCAS4	False	0.010407982043259741	0.13905	False
ENSG00000124249	KCNK15	False	0.23529180402677757		False
ENSG00000124251	TP53TG5	False	0.1521217192304085	0.30474	False
ENSG00000124253	PCK1	False	0.5665022604756791	0.51983	False
ENSG00000124256	ZBP1	False	0.4232724751552074	0.066511	False
ENSG00000124257	NEURL2	False	0.2316078774293039	0.044094	False
ENSG00000124275	MTRR	False	0.6145441927538652	0.22952	False
ENSG00000124279	FASTKD3	False	0.3015564476400911	0.026761	False
ENSG00000124299	PEPD	False	0.3257808660238117	0.28719	False
ENSG00000124302	CHST8	False	0.11824249833499877	0.087981	False
ENSG00000124356	STAMBP	True	0.41019991313275234	0.6376	False
ENSG00000124357	NAGK	False	0.00024032334311963846	0.28394	False
ENSG00000124370	MCEE	False	0.24021948260987885	0.67615	False
ENSG00000124374	PAIP2B	False	0.9077883448235684	0.42298	False
ENSG00000124380	SNRNP27	False	0.1590037141340823	0.026747	False
ENSG00000124383	MPHOSPH10	False	0.1816491779422205	0.14194	False
ENSG00000124391	IL17C	False	0.2822105019889371	0.20358	False
ENSG00000124406	ATP8A1	False	0.8853858494404769	0.67278	False
ENSG00000124422	USP22	False	0.6770664940828792	0.15348	False
ENSG00000124440	HIF3A	False	0.10575020757175987	0.19993	False
ENSG00000124444	ZNF576	False	0.002318461389350079	0.19367	False
ENSG00000124449	IRGC	False	0.6639074866058136	0.31065	False
ENSG00000124459	ZNF45	False	0.6670554735838066	0.43775	False
ENSG00000124466	LYPD3	False	0.4438440124524635	0.57346	False
ENSG00000124467	PSG8	False	0.00805948101518586	0.10178	False
ENSG00000124469	CEACAM8	False	0.02848764531126736	0.43917	False
ENSG00000124490	CRISP2	False	0.010271480224402014	0.031158	False
ENSG00000124491	F13A1	False	0.014679809437585236	0.035083	False
ENSG00000124493	GRM4	False	0.311961007458187	0.15695	False
ENSG00000124496	TRERF1	False	0.0007685000096046223	0.14156	False
ENSG00000124507	PACSIN1	False	0.38988556669495567	0.096081	False
ENSG00000124508	BTN2A2	False	0.16954967700001058	0.21146	False
ENSG00000124523	SIRT5	False	0.4258033322609488	0.38492	False
ENSG00000124532	MRS2	False	0.1836435091556919	0.06478	False
ENSG00000124535	WRNIP1	False	0.26872085367412873	0.11686	False
ENSG00000124541	RRP36	False	0.42696127535055184	0.22975	False
ENSG00000124557	BTN1A1	False	0.3122079352268488	0.1105	False
ENSG00000124564	SLC17A3	False	0.1858224116766218	0.22022	False
ENSG00000124568	SLC17A1	False	0.009416010341795017	0.041026	False
ENSG00000124570	SERPINB6	False	0.44552206975176534	0.18839	False
ENSG00000124571	XPO5	False	0.023265373148457138	0.045122	False
ENSG00000124574	ABCC10	False	0.020058141845108873	0.16553	False
ENSG00000124587	PEX6	True	0.1239398523935355	0.27871	False
ENSG00000124588	NQO2	False	0.2301174897889477	0.18645	False
ENSG00000124596	OARD1	False	0.7994075512911794	0.20328	False
ENSG00000124602	UNC5CL	False	0.4328274728069791	0.13562	False
ENSG00000124608	AARS2	True	0.44114721421455905	0.18537	False
ENSG00000124613	ZNF391	False	0.037772617638741915	0.20364	False
ENSG00000124615	MOCS1	True	0.17041955756315408	0.25596	False
ENSG00000124641	MED20	False	0.15239271718124495	0.35353	False
ENSG00000124657	OR2B6	False	0.0547633340152732		False
ENSG00000124659	TBCC	False	0.37945413680113677	0.12765	False
ENSG00000124664	SPDEF	False	0.501345956127112	0.2992	False
ENSG00000124678	TCP11	False	0.008248300989900146	0.18068	False
ENSG00000124688	MAD2L1BP	False	0.26169921204508423	0.36252	False
ENSG00000124701	APOBEC2	False	0.1936100268102921	0.26389	False
ENSG00000124702	KLHDC3	False	0.4770040188221747	0.23838	False
ENSG00000124713	GNMT	False	0.019892602210883625	0.31848	False
ENSG00000124721	DNAH8	False	0.014137867674623666	0.11207	False
ENSG00000124731	TREM1	False	0.06856410197913974	0.0405	False
ENSG00000124733	MEA1	False	0.0992390322105672	0.15269	False
ENSG00000124743	KLHL31	False	0.02510622580498414	0.014138	False
ENSG00000124749	COL21A1	False	0.324979049120091	0.4311	False
ENSG00000124762	CDKN1A	False	0.023631561987398707	0.4485	False
ENSG00000124766	SOX4	False	0.02063042208240296	0.056024	False
ENSG00000124772	CPNE5	False	0.0064011464924877935	0.13173	False
ENSG00000124780	KCNK17	False	0.1639927814445699	0.043496	False
ENSG00000124782	RREB1	False	0.6009070364549594	0.58485	False
ENSG00000124783	SSR1	False	0.012627215592650015	0.2398	False
ENSG00000124784	RIOK1	False	0.08858681774752274	0.25271	False
ENSG00000124785	NRN1	False	0.8365419389651993		False
ENSG00000124786	SLC35B3	False	0.024873459804873023	0.45972	False
ENSG00000124787	RPP40	False	0.4615442491050439	0.11088	False
ENSG00000124788	ATXN1	False	0.19339798222914978	0.10665	False
ENSG00000124789	NUP153	False	0.0007905477708196702	0.19022	False
ENSG00000124795	DEK	False	0.17705168614684463	0.40823	False
ENSG00000124802	EEF1E1	False	0.8521456730703661	0.16833	False
ENSG00000124812	CRISP1	False	0.15639795212996965	0.14317	False
ENSG00000124813	RUNX2	False	0.13290287587111863	0.24346	False
ENSG00000124818	OPN5	False	0.18091297818637544	0.20747	False
ENSG00000124827	GCM2	False	0.4045711708544902	0.31948	False
ENSG00000124831	LRRFIP1	False	0.015064971144241343	0.037542	False
ENSG00000124839	RAB17	False	0.24284506126138194	0.46421	False
ENSG00000124875	CXCL6	False	0.04499511017034578	0.23443	False
ENSG00000124882	EREG	False	0.28458369699578956	0.21872	False
ENSG00000124920	MYRF	False	0.043562228427406265	0.62933	False
ENSG00000124935	SCGB1D2	False	0.05475595194765626	0.20652	False
ENSG00000124942	AHNAK	False	0.13839151928974538	0.068049	False
ENSG00000125037	EMC3	False	0.21274822829404003	0.45481	False
ENSG00000125046	SSUH2	False	0.19971517242760692	0.20258	False
ENSG00000125084	WNT1	False	0.06040608840123557	0.35656	False
ENSG00000125089	SH3TC1	False	0.19878033437263207	0.15344	False
ENSG00000125107	CNOT1	False	0.13983333657664565	0.28214	False
ENSG00000125124	BBS2	False	0.03867687298728967	0.17821	False
ENSG00000125166	GOT2	True	6.727541500757432e-05	0.01814	False
ENSG00000125170	DOK4	False	0.3761511256577484	0.31164	False
ENSG00000125207	PIWIL1	False	0.1157664119348937	0.14864	False
ENSG00000125245	GPR18	False	0.21233707649457836	0.39745	False
ENSG00000125246	CLYBL	False	0.11463567603169153	0.008478	False
ENSG00000125247	TMTC4	False	0.49902197586801167	0.32231	False
ENSG00000125255	SLC10A2	False	0.40050204046923665	0.18129	False
ENSG00000125257	ABCC4	False	0.20025373330791602	0.185	False
ENSG00000125266	EFNB2	False	0.2669156903599747		False
ENSG00000125304	TM9SF2	False	0.4482395115271124	0.10149	False
ENSG00000125337	KIF25	False	0.059983394487641	0.059873	False
ENSG00000125347	IRF1	False	0.49576502114036136	0.33256	False
ENSG00000125378	BMP4	False	0.7537409104639782	0.14535	False
ENSG00000125384	PTGER2	False	0.4625683652151882	0.16936	False
ENSG00000125386	FAM193A	False	0.079721511630986	0.083958	False
ENSG00000125388	GRK4	False	0.13216400186397917	0.39021	False
ENSG00000125398	SOX9	False	0.10149812723374914	0.25736	False
ENSG00000125409	TEKT3	False	0.08003728346735155	0.25719	False
ENSG00000125414	MYH2	False	0.002001592619870759	0.20375	False
ENSG00000125430	HS3ST3B1	False	0.3529422713382878	0.58503	False
ENSG00000125434	SLC25A35	False	0.28786478480282784	0.41198	False
ENSG00000125445	MRPS7	False	0.05459891896166879	0.2871	False
ENSG00000125447	GGA3	False	0.25474685900427924	0.23486	False
ENSG00000125449	ARMC7	False	0.005289554583398451	0.29163	False
ENSG00000125450	NUP85	False	0.013948140487292718	0.081621	False
ENSG00000125454	SLC25A19	False	0.01111365272186895	0.2265	False
ENSG00000125457	MIF4GD	False	0.12028688622457055	0.080047	False
ENSG00000125458	NT5C	False	0.02114152849188272	0.096104	False
ENSG00000125459	MSTO1	False	0.4422537201727399	0.34799	False
ENSG00000125482	TTF1	False	0.038675708487919326	0.00037994	False
ENSG00000125484	GTF3C4	False	0.23151574767421534	0.33011	False
ENSG00000125492	BARHL1	False	0.5507374401160754	0.11302	False
ENSG00000125503	PPP1R12C	False	0.4867529878387008	0.23641	False
ENSG00000125505	MBOAT7	True	0.3510045526070626	0.13761	False
ENSG00000125508	SRMS	False	0.12458959575145019	0.22721	False
ENSG00000125510	OPRL1	False	0.01746589011170032	0.044917	False
ENSG00000125520	SLC2A4RG	False	0.3670192636518437	0.008035	False
ENSG00000125522	NPBWR2	False	0.6177152349231313		False
ENSG00000125531	FNDC11	False	0.10704345986946148	0.55532	False
ENSG00000125534	PPDPF	False	0.11223009951769211	0.40882	False
ENSG00000125538	IL1B	False	0.5072318008499845	0.29528	False
ENSG00000125571	IL37	False	0.094040316960959	0.11299	False
ENSG00000125611	CHCHD5	False	0.17276816640445902	0.20627	False
ENSG00000125618	PAX8	False	0.18043306993066935	0.13455	False
ENSG00000125629	INSIG2	False	0.4298783665184338	0.24137	False
ENSG00000125630	POLR1B	False	0.01705646233300962	0.085779	False
ENSG00000125633	CCDC93	False	0.22052416436292516	0.20069	False
ENSG00000125637	PSD4	False	0.015067950309271367	0.035695	False
ENSG00000125648	SLC25A23	False	0.5144810256759349	0.40958	False
ENSG00000125650	PSPN	False	0.31178154415902004	0.018653	False
ENSG00000125651	GTF2F1	False	0.07874781407936932	0.29403	False
ENSG00000125652	ALKBH7	False	0.0018392429769086662	0.27036	False
ENSG00000125656	CLPP	False	0.08197126671430849	0.43024	False
ENSG00000125657	TNFSF9	False	0.4458468662197499	0.13309	False
ENSG00000125686	MED1	False	0.10457180284196879	0.33575	False
ENSG00000125703	ATG4C	False	0.29849249258684374	0.26008	False
ENSG00000125726	CD70	False	0.17659351817605481	0.29773	False
ENSG00000125730	C3	False	0.14465478322361378	0.080185	False
ENSG00000125731	SH2D3A	False	0.10148449333316893	0.060939	False
ENSG00000125733	TRIP10	False	0.23426534567708224	0.08039	False
ENSG00000125734	GPR108	False	0.32966378953622233	0.099066	False
ENSG00000125735	TNFSF14	False	0.6133329857844441	0.15136	False
ENSG00000125740	FOSB	False	0.08276758097865415	0.023557	False
ENSG00000125741	OPA3	False	0.05947837237626252	0.086715	False
ENSG00000125744	RTN2	False	0.5481572249706954	0.068794	False
ENSG00000125746	EML2	False	0.022678581739580633	0.42211	False
ENSG00000125753	VASP	False	0.7154654258412472	0.30839	False
ENSG00000125755	SYMPK	False	0.040506579399216695	0.12503	False
ENSG00000125772	GPCPD1	False	0.2680205084374154	0.39143	False
ENSG00000125775	SDCBP2	False	0.10588782859356213	0.67243	False
ENSG00000125779	PANK2	True	0.026205679858182514	0.034975	False
ENSG00000125780	TGM3	False	0.1923492628663478	0.2163	False
ENSG00000125787	GNRH2	False	0.033065956244216384	0.084428	False
ENSG00000125788	DEFB126	False	0.08528667016244004		False
ENSG00000125798	FOXA2	False	0.2924497074686986	0.22384	False
ENSG00000125810	CD93	False	0.3261505134579266	0.16207	False
ENSG00000125812	GZF1	False	0.2880164289920153	0.27493	False
ENSG00000125813	PAX1	False	0.09528106000154116	0.036611	False
ENSG00000125814	NAPB	True	0.5730144881571531	0.19997	False
ENSG00000125815	CST8	False	0.005350735500975459	0.59064	False
ENSG00000125817	CENPB	False	0.002551379733300725	0.0001316	False
ENSG00000125818	PSMF1	False	0.09825079528546118	0.49633	False
ENSG00000125820	NKX2-2	False	0.3243667887385432	0.11569	False
ENSG00000125823	CSTL1	False	0.14233147248752193	0.40178	False
ENSG00000125826	RBCK1	False	0.11239441202353098	0.65304	False
ENSG00000125827	TMX4	False	0.24119710502755978	0.45959	False
ENSG00000125831	CST11	False	0.10597493090283644	0.070021	False
ENSG00000125834	STK35	False	0.22055522684055834	0.050994	False
ENSG00000125835	SNRPB	False	0.0008490750468022169	0.30744	False
ENSG00000125841	NRSN2	False	0.19783851270383798	0.3117	False
ENSG00000125843	AP5S1	False	0.5011164064757394	0.081294	False
ENSG00000125844	RRBP1	False	0.2298790903663981	0.44372	False
ENSG00000125845	BMP2	False	0.11344362371366785	0.29101	False
ENSG00000125846	ZNF133	False	0.38419448203072853	0.07845	False
ENSG00000125848	FLRT3	False	0.10049467758232478	0.15745	False
ENSG00000125850	OVOL2	False	0.06674139511042433	0.21095	False
ENSG00000125851	PCSK2	False	0.0348109812370503	0.10168	False
ENSG00000125861	GFRA4	False	0.21931133844224174	0.19532	False
ENSG00000125863	MKKS	False	0.45970030287121777	0.13231	False
ENSG00000125864	BFSP1	False	0.002858077473768131	0.37184	False
ENSG00000125868	DSTN	False	0.12665435992921031	0.29716	False
ENSG00000125869	LAMP5	False	0.11078613753329183	0.067456	False
ENSG00000125870	SNRPB2	False	0.8229088645465039	0.34054	False
ENSG00000125871	MGME1	False	0.48758476377503057	0.21783	False
ENSG00000125872	LRRN4	False	0.28152022617945516	0.12296	False
ENSG00000125875	TBC1D20	True	0.22107741015531227	0.40185	False
ENSG00000125877	ITPA	True	0.2437726063052404	0.49629	False
ENSG00000125879	OTOR	False	0.00586071493023091	0.0082758	False
ENSG00000125885	MCM8	False	0.1666413352667379	0.6398	False
ENSG00000125895	TMEM74B	False	0.0033737194377112083	0.0050315	False
ENSG00000125898	FAM110A	False	0.009684161988026537	0.072432	False
ENSG00000125900	SIRPD	False	0.02187380211770901	0.25073	False
ENSG00000125901	MRPS26	False	0.22926613604297033	0.11391	False
ENSG00000125903	DEFB129	False	0.1413568851114268		False
ENSG00000125910	S1PR4	False	0.12913763552215213		False
ENSG00000125912	NCLN	False	0.1293246751904728	0.14632	False
ENSG00000125944	HNRNPR	True	0.6009897885378266	0.18259	False
ENSG00000125945	ZNF436	False	0.37253255377729233	0.16867	False
ENSG00000125952	MAX	False	0.2376479040146802	0.050653	False
ENSG00000125965	GDF5	False	0.1480594605052136	0.16729	False
ENSG00000125966	MMP24	False	0.21005438101192006	0.060708	False
ENSG00000125967	NECAB3	False	0.05473387561200931	0.38429	False
ENSG00000125968	ID1	False	0.001039200799645773	0.0063233	False
ENSG00000125970	RALY	False	0.12747110111202542		False
ENSG00000125975	C20orf173	False	0.03174057261571379	0.15835	False
ENSG00000125977	EIF2S2	False	0.348325076637778	0.19233	False
ENSG00000125991	ERGIC3	False	0.07730963189904633	0.043205	False
ENSG00000125995	ROMO1	False	0.7194865221413842	0.25175	False
ENSG00000125998	FAM83C	False	0.28164609840661836	0.26304	False
ENSG00000125999	BPIFB1	False	0.08012823936862738	0.45714	False
ENSG00000126001	CEP250	False	0.3290046518029899	0.43327	False
ENSG00000126003	PLAGL2	False	0.0853094500591519	0.026247	False
ENSG00000126062	TMEM115	False	0.4445040253525423	0.11384	False
ENSG00000126067	PSMB2	False	0.14286404825070023	0.0023536	False
ENSG00000126070	AGO3	False	0.16784152993800278	0.025924	False
ENSG00000126088	UROD	False	0.09166565269113908	0.32129	False
ENSG00000126091	ST3GAL3	True	0.5832863090428269	0.23703	False
ENSG00000126106	TMEM53	False	0.030417422220316976	0.063233	False
ENSG00000126107	HECTD3	False	0.1690304916836833	0.092295	False
ENSG00000126214	KLC1	False	0.6269435686547034	0.08634	False
ENSG00000126215	XRCC3	False	0.05553885873166191	0.070983	False
ENSG00000126216	TUBGCP3	False	0.5120068620027843	0.16192	False
ENSG00000126217	MCF2L	False	0.3157952734250127	0.14454	False
ENSG00000126218	F10	False	0.5560367654180087	0.15666	False
ENSG00000126226	PCID2	False	0.22574316553139862	0.017915	False
ENSG00000126231	PROZ	False	0.41291031460015737	0.2659	False
ENSG00000126233	SLURP1	False	0.3886930897895272	0.29913	False
ENSG00000126243	LRFN3	False	0.7884739612646331	0.34169	False
ENSG00000126246	IGFLR1	False	0.7934710869272481	0.37361	False
ENSG00000126247	CAPNS1	False	0.3422115019675376	0.25575	False
ENSG00000126249	PDCD2L	False	0.15621359540261368	0.39967	False
ENSG00000126254	RBM42	False	0.5823553980042739	0.08999	False
ENSG00000126259	KIRREL2	False	0.07967414679659558	0.17703	False
ENSG00000126261	UBA2	False	0.23621025126525103	0.013061	False
ENSG00000126262	FFAR2	False	0.5929681937083073		False
ENSG00000126264	HCST	False	0.22812484347585715	0.099914	False
ENSG00000126266	FFAR1	False	0.43448297786868995	0.24457	False
ENSG00000126267	COX6B1	False	0.5729035473135102		False
ENSG00000126337	KRT36	False	0.5612604218062591	0.45098	False
ENSG00000126351	THRA	False	0.007275935377093469	0.045163	False
ENSG00000126353	CCR7	False	0.06741923285791748	0.054002	False
ENSG00000126368	NR1D1	False	0.04915252966799496	0.51272	False
ENSG00000126391	FRMD8	False	0.19067445906789424	0.1002	False
ENSG00000126432	PRDX5	False	0.14524842803119242	0.24311	False
ENSG00000126456	IRF3	False	0.0035906263187653023	0.046704	False
ENSG00000126457	PRMT1	False	0.5374111770142337	0.066163	False
ENSG00000126458	RRAS	False	0.5788892988477642	0.24526	False
ENSG00000126460	PRRG2	False	0.2402122634704194	0.0098347	False
ENSG00000126461	SCAF1	False	0.2906220222041465	0.11614	False
ENSG00000126464	PRR12	False	0.19958724595551922	0.19005	False
ENSG00000126467	TSKS	False	0.489470315142702	0.61328	False
ENSG00000126500	FLRT1	False	0.16830799888892817	0.20247	False
ENSG00000126522	ASL	False	0.4047489105978896	0.60113	False
ENSG00000126524	SBDS	False	0.17374282217533174	0.54081	False
ENSG00000126545	CSN1S1	False	0.009255583787558284	0.38039	False
ENSG00000126549	STATH	False	0.46539852532200365	0.71969	False
ENSG00000126561	STAT5A	False	0.10693113968352708	0.13309	False
ENSG00000126562	WNK4	False	0.03476553362178131	0.080456	False
ENSG00000126581	BECN1	False	0.18523498230797192	0.55167	False
ENSG00000126583	PRKCG	False	0.36064492673252524	0.18394	False
ENSG00000126602	TRAP1	False	0.336081526551332	0.10075	False
ENSG00000126603	GLIS2	False	0.35574520332062187	0.32676	False
ENSG00000126653	NSRP1	True	0.013383386752053895	0.095955	False
ENSG00000126698	DNAJC8	False	0.007542551520249327	0.010454	False
ENSG00000126705	AHDC1	True	0.06967306162026893	0.29364	False
ENSG00000126709	IFI6	False	0.002004397987296276	0.037836	False
ENSG00000126746	ZNF384	False	0.027220979635237348	0.51313	False
ENSG00000126749	EMG1	False	0.11531946657800357	0.10304	False
ENSG00000126773	PCNX4	False	0.1584702515470554	0.49831	False
ENSG00000126775	ATG14	False	0.37938755215768405	0.25127	False
ENSG00000126777	KTN1	False	0.24957472283891616	0.31032	False
ENSG00000126778	SIX1	False	0.049221076619530006	0.65398	False
ENSG00000126785	RHOJ	False	0.0006503819982393902	0.15315	False
ENSG00000126787	DLGAP5	False	0.2231602092149201	0.13903	False
ENSG00000126790	L3HYPDH	False	0.27479366610621775	0.15596	False
ENSG00000126803	HSPA2	False	0.4877566364799967	0.077035	False
ENSG00000126804	ZBTB1	False	0.41495507182637525	0.22006	False
ENSG00000126814	TRMT5	False	0.3411948579158616	0.22432	False
ENSG00000126821	SGPP1	False	0.03201005155807626	0.027965	False
ENSG00000126822	PLEKHG3	False	0.25428904822788917	0.068032	False
ENSG00000126838	PZP	False	0.07480444269622655	0.056336	False
ENSG00000126856	PRDM7	False	0.00585752279286962	0.1971	False
ENSG00000126858	RHOT1	False	0.022855788761906283	0.060519	False
ENSG00000126860	EVI2A	False	0.2759848360165133	0.48808	False
ENSG00000126861	OMG	False	0.13112540115279278	0.16121	False
ENSG00000126878	AIF1L	False	0.2317148044315298	0.059963	False
ENSG00000126882	FAM78A	False	0.08637987804266703	0.28589	False
ENSG00000126883	NUP214	True	0.012848834412650698	0.041459	False
ENSG00000126934	MAP2K2	True	0.0973093890541308	0.34447	False
ENSG00000127022	CANX	False	0.0026249716018880297	0.0018737	False
ENSG00000127054	INTS11	True	0.3392051006042637	0.24891	False
ENSG00000127074	RGS13	False	0.2077728615883685	0.036958	False
ENSG00000127080	IPPK	False	0.5073476561850676	0.27362	False
ENSG00000127081	ZNF484	False	0.0751120887424666	0.42959	False
ENSG00000127083	OMD	False	0.046367910309060144	0.00021943	False
ENSG00000127084	FGD3	False	0.3412166277891829	0.31778	False
ENSG00000127124	HIVEP3	False	0.012717224848575263	0.12263	False
ENSG00000127125	PPCS	False	0.17137890617292909	0.35221	False
ENSG00000127129	EDN2	False	0.003410764180076903	0.089095	False
ENSG00000127152	BCL11B	False	0.7815262956619067	0.077015	False
ENSG00000127191	TRAF2	False	0.27083365058318926	0.19721	False
ENSG00000127220	ABHD8	False	0.14442623720958198	0.040452	False
ENSG00000127241	MASP1	False	0.0028033179603679137	0.014579	False
ENSG00000127249	ATP13A4	False	0.04536398433679906	0.077942	False
ENSG00000127311	HELB	False	0.1606149096019657	0.32526	False
ENSG00000127318	IL22	False	0.00015000499550834603	0.077352	False
ENSG00000127324	TSPAN8	False	0.17560374713344773	0.11641	False
ENSG00000127325	BEST3	False	0.026677918069392622	0.3442	False
ENSG00000127328	RAB3IP	False	0.08617875918137971	0.16982	False
ENSG00000127329	PTPRB	False	0.008009268868085043	0.002826	False
ENSG00000127334	DYRK2	False	0.3303263481689797	0.18792	False
ENSG00000127337	YEATS4	False	0.21963982462525328	0.19858	False
ENSG00000127362	TAS2R3	False	0.025181426759144747	0.19693	False
ENSG00000127364	TAS2R4	False	0.31670074035546036	0.47825	False
ENSG00000127366	TAS2R5	False	0.03728558572420453	0.39878	False
ENSG00000127377	CRYGN	False	0.41454471218926203	0.31934	False
ENSG00000127399	LRRC61	False	0.07025634436503236	0.067038	False
ENSG00000127412	TRPV5	False	0.18188014342712625	0.032383	False
ENSG00000127415	IDUA	False	0.06630692022130456	0.12399	False
ENSG00000127418	FGFRL1	False	0.2655697821235278	0.31252	False
ENSG00000127419	TMEM175	False	0.13684087086064348	0.22613	False
ENSG00000127423	AUNIP	False	0.33834665847565704	0.09301	False
ENSG00000127445	PIN1	False	0.09686897616031447	0.051947	False
ENSG00000127452	FBXL12	False	0.10068393708911356	0.10266	False
ENSG00000127463	EMC1	True	0.36171463250077707	0.37756	False
ENSG00000127472	PLA2G5	False	0.10854862877485234	0.32337	False
ENSG00000127481	UBR4	False	0.016714261433529137	0.26389	False
ENSG00000127483	HP1BP3	False	0.06431431216365734	0.20188	False
ENSG00000127507	ADGRE2	False	0.14305578981137818	0.039899	False
ENSG00000127511	SIN3B	False	0.20553275339051924	0.0098722	False
ENSG00000127515	OR7A10	False	0.5936239721867373		False
ENSG00000127526	SLC35E1	False	0.14008459955824065	0.014836	False
ENSG00000127527	EPS15L1	False	0.17070845364744233	0.26042	False
ENSG00000127529	OR7C2	False	0.16666142944032683		False
ENSG00000127530	OR7C1	False	0.6477200324656488		False
ENSG00000127533	F2RL3	False	0.10624418297073765	0.22845	False
ENSG00000127554	GFER	False	0.397072919656524	0.10745	False
ENSG00000127564	PKMYT1	False	0.006913502908735163	0.63591	False
ENSG00000127578	WFIKKN1	False	0.2322182293606198	0.18619	False
ENSG00000127580	WDR24	False	0.268731286740316	0.11947	False
ENSG00000127585	FBXL16	False	0.612104771669124	0.12334	False
ENSG00000127586	CHTF18	False	0.3345255603848322	0.013999	False
ENSG00000127603	MACF1	True	0.0007642127851984616	0.10319	False
ENSG00000127616	SMARCA4	True	0.09933476141155838	0.050377	False
ENSG00000127663	KDM4B	True	0.010344972435662668	6.6397e-06	False
ENSG00000127666	TICAM1	False	0.007879502536362078		False
ENSG00000127720	METTL25	False	0.3785629591659666	0.054318	False
ENSG00000127743	IL17B	False	0.24828382251634964	0.81706	False
ENSG00000127780	OR1E2	False	0.3474437302730732	0.18599	False
ENSG00000127804	METTL16	False	0.008790988468382093	0.039564	False
ENSG00000127824	TUBA4A	False	0.13298323257598363	0.18406	False
ENSG00000127831	VIL1	False	0.025419478203637155	0.36053	False
ENSG00000127837	AAMP	False	0.6407876420074916	0.32793	False
ENSG00000127838	PNKD	False	0.05866606458956783	0.014514	False
ENSG00000127863	TNFRSF19	False	0.051874287877929616	0.52338	False
ENSG00000127870	RNF6	False	0.6706288880836611	0.51257	False
ENSG00000127884	ECHS1	True	0.07762947406237088	0.12376	False
ENSG00000127903	ZNF835	False	0.3009087094655448		False
ENSG00000127914	AKAP9	False	0.07261333387008434	0.62993	False
ENSG00000127922	SEM1	False	0.04013454885368617	0.012883	False
ENSG00000127946	HIP1	False	0.6690749999606269	0.48391	False
ENSG00000127947	PTPN12	False	0.04642256332127373	0.18334	False
ENSG00000127951	FGL2	False	0.003972270954104348	0.014872	False
ENSG00000127952	STYXL1	False	0.5223563559114172	0.16951	False
ENSG00000127954	STEAP4	False	0.32582932251416236	0.2222	False
ENSG00000127980	PEX1	True	0.1734002712855588	0.14651	False
ENSG00000127989	MTERF1	False	0.046945198296541875	0.1748	False
ENSG00000127990	SGCE	False	0.24654029038048209	0.12329	False
ENSG00000127993	RBM48	False	0.7596614647861623	0.56837	False
ENSG00000127995	CASD1	False	0.361978471918095	0.28242	False
ENSG00000128000	ZNF780B	False	0.12340984206382724	0.16501	False
ENSG00000128011	LRFN1	False	0.15984733181851069	0.22246	False
ENSG00000128039	SRD5A3	False	0.09133044422503972	0.48994	False
ENSG00000128045	RASL11B	False	0.260594391831962	0.36721	False
ENSG00000128050	PAICS	False	0.06309739935834834	0.2134	False
ENSG00000128052	KDR	False	0.08226608184231418	0.041706	False
ENSG00000128059	PPAT	False	0.16955192119344828	0.1572	False
ENSG00000128159	TUBGCP6	True	0.0024949534904110844	0.0024392	False
ENSG00000128165	ADM2	False	0.0007561329010039139	0.026896	False
ENSG00000128185	DGCR6L	False	0.228247477055421	0.525	False
ENSG00000128191	DGCR8	False	0.14179589371014115	0.16588	False
ENSG00000128203	ASPHD2	False	0.10096750720285523	0.17059	False
ENSG00000128218	VPREB3	False	0.1899384305930406	0.019302	False
ENSG00000128228	SDF2L1	False	0.020914951695357755	0.018107	False
ENSG00000128242	GAL3ST1	False	0.5424784158889332	0.15147	False
ENSG00000128245	YWHAH	False	0.5150452757952264	0.17036	False
ENSG00000128250	RFPL1	False	0.008173032168781142	0.14789	False
ENSG00000128253	RFPL2	False	0.3113822957280266	0.35945	False
ENSG00000128266	GNAZ	False	0.05664970605688087	0.12531	False
ENSG00000128268	MGAT3	False	0.04845021745448113	0.1459	False
ENSG00000128271	ADORA2A	False	0.08024846101940172	0.36715	False
ENSG00000128272	ATF4	False	0.6781361561252761	0.095502	False
ENSG00000128274	A4GALT	False	0.10334696452773917	0.060438	False
ENSG00000128276	RFPL3	False	0.0262872377021676	0.30116	False
ENSG00000128283	CDC42EP1	False	0.2583286110000479	0.29798	False
ENSG00000128284	APOL3	False	0.1745901450957279	0.02811	False
ENSG00000128294	TPST2	False	0.20609863579379886		False
ENSG00000128298	BAIAP2L2	False	0.14254775162620945	0.12662	False
ENSG00000128309	MPST	False	0.10181848965706217	0.3163	False
ENSG00000128310	GALR3	False	0.009302342250409571	0.07672	False
ENSG00000128311	TST	False	0.3744995062967183	0.4816	False
ENSG00000128313	APOL5	False	0.8076593818751591	0.18668	False
ENSG00000128322	IGLL1	False	0.3056653660112232	0.10671	False
ENSG00000128335	APOL2	False	0.17290648332233508	0.27789	False
ENSG00000128342	LIF	False	0.03705375136983518		False
ENSG00000128346	C22orf23	False	0.09121103177335602	0.42724	False
ENSG00000128383	APOBEC3A	False	0.005804739535783272	0.23707	False
ENSG00000128394	APOBEC3F	False	0.021009214925946988	0.14818	False
ENSG00000128408	RIBC2	False	0.3906792295528113	0.18376	False
ENSG00000128422	KRT17	False	0.0404787744463731	0.0094674	False
ENSG00000128463	EMC4	False	0.6442838652470386	0.43024	False
ENSG00000128482	RNF112	False	0.6288962238263245	0.35252	False
ENSG00000128487	SPECC1	False	0.7445243436466271	0.29741	False
ENSG00000128510	CPA4	False	0.02574989930409404	0.43212	False
ENSG00000128512	DOCK4	False	0.05109503220399059	0.15798	False
ENSG00000128513	POT1	False	0.20977373231650046	0.1946	False
ENSG00000128519	TAS2R16	False	0.3110541431166335	0.54681	False
ENSG00000128524	ATP6V1F	False	0.1790608086027794	0.3172	False
ENSG00000128536	CDHR3	False	0.10757353017014758	0.32439	False
ENSG00000128563	PRKRIP1	False	0.005556696071900356	0.46957	False
ENSG00000128564	VGF	False	0.738637937341308	0.35164	False
ENSG00000128567	PODXL	False	0.21393636163034316	0.27007	False
ENSG00000128573	FOXP2	False	0.5422814306206832	0.23957	False
ENSG00000128578	STRIP2	False	0.21595544109899178	0.37823	False
ENSG00000128581	IFT22	False	0.11691435211484497	0.34591	False
ENSG00000128585	MKLN1	False	0.4314491759332414	0.11936	False
ENSG00000128590	DNAJB9	False	0.23793310203192647	0.060279	False
ENSG00000128591	FLNC	False	0.18032584014587924	0.23962	False
ENSG00000128594	LRRC4	False	0.3209045302768934	0.57592	False
ENSG00000128595	CALU	False	0.6185395846757533	0.55824	False
ENSG00000128596	CCDC136	False	0.36637321701032616	0.27519	False
ENSG00000128602	SMO	False	0.09882690518613282	0.045113	False
ENSG00000128604	IRF5	False	0.00134458467821799	0.0022244	False
ENSG00000128606	LRRC17	False	0.2887388064779568	0.11737	False
ENSG00000128607	KLHDC10	False	0.2183723136065543	0.096985	False
ENSG00000128609	NDUFA5	False	0.009611058497822223	0.056533	False
ENSG00000128610	FEZF1	False	0.3486546071760701	0.023891	False
ENSG00000128626	MRPS12	False	0.03190539695202943	0.16078	False
ENSG00000128641	MYO1B	False	0.12511140303088072	0.41288	False
ENSG00000128645	HOXD1	False	0.37456655700243285	0.24618	False
ENSG00000128652	HOXD3	False	0.4383630691139182	0.19208	False
ENSG00000128654	MTX2	False	0.08300566297678108	0.22762	False
ENSG00000128656	CHN1	False	0.24266947650513246	0.38858	False
ENSG00000128683	GAD1	True	0.050955894881833316	0.19625	False
ENSG00000128694	OSGEPL1	False	0.12812342152838005	0.054718	False
ENSG00000128699	ORMDL1	False	0.2361974865737767	0.14072	False
ENSG00000128709	HOXD9	False	0.2905329111357206	0.1591	False
ENSG00000128710	HOXD10	False	0.0895360725511502	0.12309	False
ENSG00000128713	HOXD11	False	0.6793494094057189	0.33189	False
ENSG00000128714	HOXD13	False	0.13264494473208238	0.29811	False
ENSG00000128731	HERC2	True	0.025782267629878085	0.13708	False
ENSG00000128739	SNRPN	False	0.1950644760328578	0.22616	False
ENSG00000128789	PSMG2	False	0.08319699915080007	0.45972	False
ENSG00000128791	TWSG1	False	0.061340512159638934	0.043057	False
ENSG00000128805	ARHGAP22	False	0.04210489061970194	0.050675	False
ENSG00000128815	WDFY4	False	0.06675739976770395	0.289	False
ENSG00000128829	EIF2AK4	False	0.1784775398303529	0.33804	False
ENSG00000128833	MYO5C	False	0.33209876123180077	0.15526	False
ENSG00000128849	CGNL1	False	0.03927392252849701	0.25287	False
ENSG00000128872	TMOD2	False	0.5878843943683318	0.37847	False
ENSG00000128881	TTBK2	False	0.03462675254699148	0.39243	False
ENSG00000128886	ELL3	False	0.0007936269149254599	0.00081729	False
ENSG00000128891	CCDC32	False	0.15330854543120145	0.19526	False
ENSG00000128908	INO80	False	0.3822245979133172	0.3521	False
ENSG00000128915	ICE2	False	0.0008821320710496035	0.16554	False
ENSG00000128917	DLL4	False	0.1237221605255889	0.57151	False
ENSG00000128918	ALDH1A2	False	0.06760670480295743	0.59777	False
ENSG00000128923	MINDY2	False	0.0007010462789282972	0.23361	False
ENSG00000128944	KNSTRN	False	0.3392029171003569	0.35714	False
ENSG00000128951	DUT	False	0.5395300134864246	0.1102	False
ENSG00000128965	CHAC1	False	0.14795024261608425	0.47284	False
ENSG00000128973	CLN6	True	0.31681152260449286	0.13509	False
ENSG00000129003	VPS13C	False	0.17407568259757863	0.31689	False
ENSG00000129007	CALML4	False	0.22665453441137573	0.58354	False
ENSG00000129009	ISLR	False	0.2840908342415096	0.34236	False
ENSG00000129028	THAP10	False	0.13093515045878662	0.23652	False
ENSG00000129038	LOXL1	False	0.03384346217609091		False
ENSG00000129048	ACKR4	False	0.16292568027726026	0.18612	False
ENSG00000129071	MBD4	False	0.1482291268277498	0.23558	False
ENSG00000129083	COPB1	False	0.21459433648559342	0.0030176	False
ENSG00000129103	SUMF2	False	0.584282024285754	0.64884	False
ENSG00000129116	PALLD	False	0.026234448836981655	0.047408	False
ENSG00000129151	BBOX1	False	0.0851123839536245	0.11187	False
ENSG00000129152	MYOD1	False	0.2160249618234717	0.33489	False
ENSG00000129158	SERGEF	False	0.7003561381064651	0.13354	False
ENSG00000129159	KCNC1	True	0.0036415958343101727	0.056045	False
ENSG00000129167	TPH1	False	0.22973694541234682	0.037879	False
ENSG00000129170	CSRP3	False	0.006925247999186768	0.31707	False
ENSG00000129173	E2F8	False	0.34920328939990486	0.097396	False
ENSG00000129187	DCTD	False	0.2746754736072605	0.31987	False
ENSG00000129194	SOX15	False	0.2432564853798944	0.12086	False
ENSG00000129195	PIMREG	False	0.5389984301369857	0.46966	False
ENSG00000129197	RPAIN	False	0.149286573399547	0.43925	False
ENSG00000129204	USP6	False	0.6851408590184893	0.46188	False
ENSG00000129214	SHBG	False	0.2008211555982514	0.2981	False
ENSG00000129219	PLD2	False	0.017658651817417263	0.022917	False
ENSG00000129221	AIPL1	False	0.06988652580723076	0.25381	False
ENSG00000129226	CD68	False	0.34524965552653986	0.46578	False
ENSG00000129235	TXNDC17	False	0.4905660355903957	0.26405	False
ENSG00000129244	ATP1B2	False	0.07910886038706555	0.08157	False
ENSG00000129245	FXR2	False	0.7149132259228366	0.24928	False
ENSG00000129250	KIF1C	False	0.17086164952601268	0.69997	False
ENSG00000129255	MPDU1	True	0.39202804061377916	0.49883	False
ENSG00000129292	PHF20L1	False	0.5461141736204069	0.15551	False
ENSG00000129315	CCNT1	False	0.10638279142459182	0.19158	False
ENSG00000129317	PUS7L	False	0.47606956056881333	0.23743	False
ENSG00000129351	ILF3	False	0.3797924174252379	0.29338	False
ENSG00000129353	SLC44A2	False	0.35630934762141997	0.1887	False
ENSG00000129354	AP1M2	False	0.44846509253049727	0.32999	False
ENSG00000129355	CDKN2D	False	0.2992865330574974		False
ENSG00000129422	MTUS1	False	0.38797989794801335	0.58422	False
ENSG00000129450	SIGLEC9	False	0.01883476976632031	0.18659	False
ENSG00000129451	KLK10	False	0.021467168774016006	0.012537	False
ENSG00000129455	KLK8	False	0.3521128309952017	0.64865	False
ENSG00000129460	NGDN	False	0.2975448068437345	0.052984	False
ENSG00000129465	RIPK3	False	0.058738307938860215	0.40763	False
ENSG00000129467	ADCY4	False	0.23467135492791305	0.74694	False
ENSG00000129472	RAB2B	False	0.279388598275703	0.34067	False
ENSG00000129473	BCL2L2	False	0.7454231770707294	0.4302	False
ENSG00000129474	AJUBA	False	0.023986412562960746	0.015032	False
ENSG00000129480	DTD2	False	0.5959314774636766	0.25711	False
ENSG00000129484	PARP2	False	0.2950820203643479	0.54919	False
ENSG00000129493	HEATR5A	False	0.20054846193385856	0.32589	False
ENSG00000129514	FOXA1	False	0.011889403576921852	0.082128	False
ENSG00000129515	SNX6	False	0.35003565245638013	0.092045	False
ENSG00000129518	EAPP	False	0.02784595632845665	0.44824	False
ENSG00000129521	EGLN3	False	0.09481647727023099	0.14677	False
ENSG00000129534	MIS18BP1	False	0.07031822134016005	0.56008	False
ENSG00000129535	NRL	False	0.003328452660000431	0.20086	False
ENSG00000129538	RNASE1	False	0.34517247951171026		False
ENSG00000129566	TEP1	False	0.11202592804453018	0.18532	False
ENSG00000129595	EPB41L4A	False	0.04077372577171533	0.39936	False
ENSG00000129596	CDO1	False	0.26097784475552727	0.033304	False
ENSG00000129625	REEP5	False	0.5351797121122395	0.45914	False
ENSG00000129636	ITFG1	False	0.3232071570995135	0.64175	False
ENSG00000129654	FOXJ1	False	0.05692454466676783		False
ENSG00000129657	SEC14L1	False	0.3319172462238844	0.22125	False
ENSG00000129667	RHBDF2	False	0.18857762568590505	0.1554	False
ENSG00000129673	AANAT	False	0.0564700362671103	0.25297	False
ENSG00000129691	ASH2L	False	0.5059527317622108	0.15825	False
ENSG00000129696	TTI2	False	0.7273150700048241	0.82319	False
ENSG00000129744	ART1	False	0.22809767773231676	0.026339	False
ENSG00000129749	CHRNA10	False	0.3707157120484726	0.062796	False
ENSG00000129757	CDKN1C	False	0.18684311532585776	0.10703	False
ENSG00000129810	SGO1	False	0.271783906963791	0.38651	False
ENSG00000129910	CDH15	False	0.04639018064417083	0.79559	False
ENSG00000129932	DOHH	True	0.3441148158768697	0.42706	False
ENSG00000129933	MAU2	False	0.26475422391047515	0.086607	False
ENSG00000129946	SHC2	False	0.13328251790181897	0.084495	False
ENSG00000129951	PLPPR3	False	0.7242160371358204	0.21643	False
ENSG00000129968	ABHD17A	False	0.43475585070787404	0.40472	False
ENSG00000129988	LBP	False	0.2829836192996512	0.16051	False
ENSG00000129990	SYT5	False	0.21132772212373158	0.071312	False
ENSG00000129991	TNNI3	False	0.37555287873429233	0.072754	False
ENSG00000129993	CBFA2T3	False	0.6813358599738062	0.11073	False
ENSG00000130005	GAMT	True	0.08557959608362094	0.40494	False
ENSG00000130023	ERMARD	True	0.20426962392295378	0.10638	False
ENSG00000130024	PHF10	False	0.23255842178141595	0.088236	False
ENSG00000130035	GALNT8	False	0.39824682961336294	0.031424	False
ENSG00000130037	KCNA5	False	0.021978411208852924	0.22558	False
ENSG00000130038	CRACR2A	False	0.0014951884845130024	0.022797	False
ENSG00000130045	NXNL2	False	0.39083166537002223	0.35234	False
ENSG00000130147	SH3BP4	False	0.009821798257004745	0.37024	False
ENSG00000130158	DOCK6	False	0.27778940695605564	0.067935	False
ENSG00000130159	ECSIT	False	0.11862410014770587	0.033809	False
ENSG00000130164	LDLR	False	0.4877274647895906	0.79525	False
ENSG00000130167	TSPAN16	False	0.47164941898447965	0.3918	False
ENSG00000130173	ANGPTL8	False	0.14047733791301764	0.42528	False
ENSG00000130175	PRKCSH	False	0.45948316501564046	0.65427	False
ENSG00000130176	CNN1	False	0.3282955400107168		False
ENSG00000130177	CDC16	False	0.08019332429663595	0.15967	False
ENSG00000130182	ZSCAN10	False	0.25278911112356295	0.052354	False
ENSG00000130193	THEM6	False	0.39886899473944226	0.63567	False
ENSG00000130202	NECTIN2	False	0.06518797486442332	0.0018719	False
ENSG00000130203	APOE	False	0.2063856367924884	0.0080109	False
ENSG00000130204	TOMM40	False	0.2368783600652113	0.14504	False
ENSG00000130208	APOC1	False	0.22232733536853183	0.15201	False
ENSG00000130222	GADD45G	False	0.24382622706029378	0.18188	False
ENSG00000130226	DPP6	False	0.66942162738866	0.50754	False
ENSG00000130227	XPO7	False	0.0009097352800418592	0.046438	False
ENSG00000130244	FAM98C	False	0.2232964655348018	0.34401	False
ENSG00000130254	SAFB2	False	0.3105448548330737	0.17336	False
ENSG00000130255	RPL36	False	0.28341783422675876	0.64892	False
ENSG00000130270	ATP8B3	False	0.21046645965983968	0.22284	False
ENSG00000130287	NCAN	False	7.162167935151711e-05	0.011713	False
ENSG00000130294	KIF1A	True	0.055550830123872824	0.1147	False
ENSG00000130299	GTPBP3	True	0.25368678782742565	0.18448	False
ENSG00000130300	PLVAP	False	0.30664680361336794	0.069196	False
ENSG00000130303	BST2	False	0.00021304432699402375	0.0056703	False
ENSG00000130304	SLC27A1	False	0.11066866367289192	0.22063	False
ENSG00000130305	NSUN5	False	0.48308260238517564	0.033059	False
ENSG00000130307	USHBP1	False	0.09054556929089815	0.60439	False
ENSG00000130309	COLGALT1	False	0.35827914565632446	0.20099	False
ENSG00000130311	DDA1	False	0.5072795607249254	0.99649	False
ENSG00000130312	MRPL34	False	0.23405446807021585	0.25467	False
ENSG00000130313	PGLS	False	0.0025004967244280194	0.0013432	False
ENSG00000130338	TULP4	False	0.0025384177571928404	0.14548	False
ENSG00000130340	SNX9	False	0.24641377934756475	0.065035	False
ENSG00000130347	RTN4IP1	True	0.15626527524528605	0.21204	False
ENSG00000130348	QRSL1	False	0.40135121288254305	0.069475	False
ENSG00000130368	MAS1	False	0.17119924614534182		False
ENSG00000130377	ACSBG2	False	0.00014575946465012138	0.25201	False
ENSG00000130382	MLLT1	False	0.3609129269879254	0.12581	False
ENSG00000130383	FUT5	False	0.320451884571234		False
ENSG00000130396	AFDN	True	0.2144100930251167	0.28907	False
ENSG00000130402	ACTN4	False	0.10598675820156231	0.11294	False
ENSG00000130413	STK33	False	0.20617125689715787	0.36375	False
ENSG00000130414	NDUFA10	True	0.10401942991135331	0.052289	False
ENSG00000130427	EPO	False	0.3565855171466449	0.38848	False
ENSG00000130429	ARPC1B	False	0.04679022191042544	0.4514	False
ENSG00000130433	CACNG6	False	0.06876278427875268	0.24991	False
ENSG00000130449	ZSWIM6	True	0.0029259635557983095	0.025841	False
ENSG00000130475	FCHO1	False	0.06098478179233088	0.31659	False
ENSG00000130477	UNC13A	True	0.0012780520097685703	9.6005e-05	False
ENSG00000130479	MAP1S	False	0.16386170905590633	0.076954	False
ENSG00000130508	PXDN	False	0.09502251162191055	0.49316	False
ENSG00000130511	SSBP4	False	0.00044484166534497054	0.025951	False
ENSG00000130513	GDF15	False	0.46893143128536263	0.15628	False
ENSG00000130517	PGPEP1	False	0.6352536595826703	0.33324	False
ENSG00000130518	IQCN	False	0.046170322546140743	0.27865	False
ENSG00000130520	LSM4	False	0.17155411772998977	0.25499	False
ENSG00000130522	JUND	False	0.7318357016502652		False
ENSG00000130528	HRC	False	0.31920754525924855	0.026903	False
ENSG00000130529	TRPM4	False	0.061270249778568354	0.022894	False
ENSG00000130540	SULT4A1	False	0.04430299724920553	0.0099505	False
ENSG00000130544	ZNF557	False	0.23720117969625207	0.4957	False
ENSG00000130545	CRB3	False	0.11602477490081253	0.39491	False
ENSG00000130558	OLFM1	False	0.7295146319510314	0.074711	False
ENSG00000130559	CAMSAP1	True	0.005833648601075497	0.093528	False
ENSG00000130560	UBAC1	False	0.16589383866877766	0.38685	False
ENSG00000130561	SAG	False	0.41282992966783005	0.40379	False
ENSG00000130584	ZBTB46	False	0.3785443834727121	0.33434	False
ENSG00000130589	HELZ2	False	0.04747206901815771	0.26307	False
ENSG00000130590	SAMD10	False	0.7714520084594985	0.711	False
ENSG00000130592	LSP1	False	0.11362725354819288	0.051636	False
ENSG00000130595	TNNT3	False	0.131227027251818	0.057647	False
ENSG00000130598	TNNI2	False	0.36438283195870114	0.24946	False
ENSG00000130635	COL5A1	False	0.34288572739934303	0.21296	False
ENSG00000130638	ATXN10	False	0.3482865358554049	0.53867	False
ENSG00000130640	TUBGCP2	True	0.3354111198025454	0.19035	False
ENSG00000130643	CALY	False	0.3481220475262192	0.38772	False
ENSG00000130649	CYP2E1	False	0.14422341436177818	0.46551	False
ENSG00000130653	PNPLA7	False	0.02999881188234396	0.091124	False
ENSG00000130669	PAK4	False	0.26478835265586176	0.51761	False
ENSG00000130675	MNX1	False	0.0066113008099314375		False
ENSG00000130684	ZNF337	False	0.566920858130299	0.1772	False
ENSG00000130695	CEP85	False	0.32280798754140244	0.13024	False
ENSG00000130699	TAF4	False	0.31934443269837426	0.27688	False
ENSG00000130700	GATA5	False	0.258283714722104	0.14813	False
ENSG00000130701	RBBP8NL	False	0.41417652561434604	0.10573	False
ENSG00000130702	LAMA5	False	0.022552436980116348	0.087826	False
ENSG00000130703	OSBPL2	False	0.08330788571674148	0.069989	False
ENSG00000130706	ADRM1	False	0.00468226776171823	0.14279	False
ENSG00000130707	ASS1	False	0.21012351331340964	0.13626	False
ENSG00000130711	PRDM12	False	0.006226775559257924	0.010885	False
ENSG00000130713	EXOSC2	False	0.3433296098653216	0.21438	False
ENSG00000130714	POMT1	True	0.20110931134003276	0.31754	False
ENSG00000130717	UCK1	False	0.05708127814674838	0.10165	False
ENSG00000130720	FIBCD1	False	0.0029303359364467657	0.0053355	False
ENSG00000130724	CHMP2A	False	0.4012371692991616	0.26375	False
ENSG00000130726	TRIM28	False	0.0004088709760409733	0.075564	False
ENSG00000130731	METTL26	False	0.3034366634294862	0.43525	False
ENSG00000130733	YIPF2	False	0.2552964289285867	0.19084	False
ENSG00000130734	ATG4D	False	0.25098656597002567	0.43802	False
ENSG00000130749	ZC3H4	False	0.008130638478885122	0.20318	False
ENSG00000130751	NPAS1	False	0.44255395553137833	0.015644	False
ENSG00000130755	GMFG	False	0.4145076381664339	0.87153	False
ENSG00000130758	MAP3K10	False	0.2343025813991926	0.13747	False
ENSG00000130762	ARHGEF16	False	0.7228017186937995	0.35834	False
ENSG00000130764	LRRC47	False	0.5468010294108387	0.2522	False
ENSG00000130766	SESN2	False	0.014307205827370799	0.031538	False
ENSG00000130768	SMPDL3B	False	0.5142298570507644	0.22298	False
ENSG00000130770	ATP5IF1	False	0.17146539234602423	0.11903	False
ENSG00000130772	MED18	False	0.2829437610594207	0.15826	False
ENSG00000130775	THEMIS2	False	0.7794508473863745	0.24856	False
ENSG00000130779	CLIP1	False	0.11512805670710287	0.45804	False
ENSG00000130783	CCDC62	False	0.0006183250893349047	0.51278	False
ENSG00000130787	HIP1R	False	0.06378060244977324	0.025601	False
ENSG00000130803	ZNF317	False	0.17468774483373165	0.19374	False
ENSG00000130810	PPAN	False	0.14046718706758238	0.042638	False
ENSG00000130811	EIF3G	False	0.6815034423921854	0.41394	False
ENSG00000130812	ANGPTL6	False	0.002477671884582153	0.24023	False
ENSG00000130816	DNMT1	False	0.15813033728276607	0.13971	False
ENSG00000130818	ZNF426	False	0.29914167435170236	0.60342	False
ENSG00000130844	ZNF331	False	0.018056055340045993	0.21256	False
ENSG00000130856	ZNF236	False	0.002825011808259764	0.15694	False
ENSG00000130876	SLC7A10	False	0.5711032356517588	0.37043	False
ENSG00000130881	LRP3	False	0.2471078271091351	0.10466	False
ENSG00000130935	NOL11	False	0.25007689709355063	0.30849	False
ENSG00000130939	UBE4B	False	0.41175994771446955	0.25227	False
ENSG00000130940	CASZ1	False	0.06639673962282414	0.024836	False
ENSG00000130943	PKDREJ	False	0.3920864531092268		False
ENSG00000130948	HSD17B3	False	0.830299104061734	0.097867	False
ENSG00000130950	NUTM2F	False	0.05244501075002848	0.11441	False
ENSG00000130956	HABP4	False	0.2331522308513383	0.25808	False
ENSG00000130957	FBP2	False	0.1433167150280637	0.22097	False
ENSG00000130997	POLN	False	0.00906763774047339	0.10271	False
ENSG00000131013	PPIL4	False	0.610610474464624	0.3502	False
ENSG00000131015	ULBP2	False	0.10660268106595935	0.1556	False
ENSG00000131016	AKAP12	False	0.11951356423995838	0.34855	False
ENSG00000131018	SYNE1	True	1.193821407032033e-05	0.0008712	False
ENSG00000131019	ULBP3	False	0.37739870440087553	0.37212	False
ENSG00000131023	LATS1	False	0.0777474055357923	0.14674	False
ENSG00000131037	EPS8L1	False	0.09514117742916992	0.13857	False
ENSG00000131042	LILRB2	False	0.2605650859289842	0.10785	False
ENSG00000131043	AAR2	False	0.2756566949980167	0.14636	False
ENSG00000131044	TTLL9	False	0.07603594338095147	0.23814	False
ENSG00000131050	BPIFA2	False	0.19164410359608858	0.51363	False
ENSG00000131051	RBM39	False	0.2657556896145318	0.26416	False
ENSG00000131055	COX4I2	False	0.18404531829739904	0.37126	False
ENSG00000131059	BPIFA3	False	0.37264371467680923	0.32294	False
ENSG00000131061	ZNF341	False	0.03388159868792276	0.05137	False
ENSG00000131067	GGT7	False	0.43146697685000723	0.23458	False
ENSG00000131068	DEFB118	False	0.5861002217653108		False
ENSG00000131069	ACSS2	False	0.011773928190149992	0.52237	False
ENSG00000131094	C1QL1	False	0.09671950503992952	0.13711	False
ENSG00000131095	GFAP	True	0.15962516626423004	0.18717	False
ENSG00000131096	PYY	False	0.020511759349180567	0.11555	False
ENSG00000131097	HIGD1B	False	0.5906131404947572	0.8448	False
ENSG00000131100	ATP6V1E1	False	0.3884766208393938	0.12179	False
ENSG00000131115	ZNF227	False	0.19972139986725806	0.1399	False
ENSG00000131116	ZNF428	False	0.26586331440934174	0.26595	False
ENSG00000131126	TEX101	False	0.293035916988185	0.016814	False
ENSG00000131127	ZNF141	False	0.009385191552103773	0.1437	False
ENSG00000131142	CCL25	False	0.5194152520721995	0.22476	False
ENSG00000131143	COX4I1	False	0.2537325588674517	0.42031	False
ENSG00000131148	EMC8	False	0.1098796127569283		False
ENSG00000131149	GSE1	False	0.027196452988273504	0.017386	False
ENSG00000131153	GINS2	False	0.01229707301065686	0.025076	False
ENSG00000131165	CHMP1A	False	0.19489449560141475		False
ENSG00000131183	SLC34A1	False	0.33748818049912177	0.39242	False
ENSG00000131187	F12	False	0.19561842579085797	0.14799	False
ENSG00000131196	NFATC1	False	0.27275081845431426	0.029161	False
ENSG00000131203	IDO1	False	0.001907737050189098	0.016731	False
ENSG00000131233	GJA9	False	0.3809722147021816		False
ENSG00000131236	CAP1	False	0.33900371148125824		False
ENSG00000131238	PPT1	True	0.3368666922852972	0.10251	False
ENSG00000131242	RAB11FIP4	False	0.366360935963135	0.35598	False
ENSG00000131323	TRAF3	False	0.07283661911565958	0.13964	False
ENSG00000131351	HAUS8	False	0.19568837289859004	0.36121	False
ENSG00000131355	ADGRE3	False	0.026708907332708566	0.020437	False
ENSG00000131368	MRPS25	False	0.41146876000392185	0.12287	False
ENSG00000131370	SH3BP5	False	0.030111770910799092	0.19179	False
ENSG00000131373	HACL1	False	0.043183062139068994	0.32983	False
ENSG00000131374	TBC1D5	False	0.03818269510195447	0.074636	False
ENSG00000131375	CAPN7	False	0.13405956321150478	0.036981	False
ENSG00000131378	RFTN1	False	0.6997175084603495	0.54467	False
ENSG00000131379	C3orf20	False	0.4395210830665891	0.24979	False
ENSG00000131381	RBSN	False	0.06650970116207454	0.38512	False
ENSG00000131386	GALNT15	False	0.1617234266982754	0.0068232	False
ENSG00000131389	SLC6A6	False	0.35054112995577885	0.11029	False
ENSG00000131398	KCNC3	False	0.46189026553818424	0.53018	False
ENSG00000131400	NAPSA	False	0.32617247551047707	0.16346	False
ENSG00000131409	LRRC4B	False	0.6482953888617266	0.34888	False
ENSG00000131435	PDLIM4	False	0.4459615443941748	0.20211	False
ENSG00000131437	KIF3A	False	0.005371124658158769	0.027371	False
ENSG00000131446	MGAT1	False	0.061329946599296414	0.0049168	False
ENSG00000131459	GFPT2	False	0.48753418575270757	0.19917	False
ENSG00000131462	TUBG1	True	0.10752018219497256	0.073107	False
ENSG00000131467	PSME3	False	0.30829454587715216	0.064036	False
ENSG00000131469	RPL27	False	0.4018083730204441		False
ENSG00000131470	PSMC3IP	False	0.15238492301065348	0.0011265	False
ENSG00000131471	AOC3	False	0.15178113816736954	0.011061	False
ENSG00000131473	ACLY	False	0.13916474982376847	0.00089918	False
ENSG00000131475	VPS25	False	0.4347992136130534	0.15684	False
ENSG00000131477	RAMP2	False	0.11529509689521038	0.14707	False
ENSG00000131480	AOC2	False	0.09436059196937416	0.12483	False
ENSG00000131495	NDUFA2	True	0.0040508647783404845	0.20688	False
ENSG00000131503	ANKHD1	False	0.15692209443837385	0.025775	False
ENSG00000131504	DIAPH1	True	0.0013603597236729467	0.12236	False
ENSG00000131507	NDFIP1	False	0.23046131063811012	0.035682	False
ENSG00000131558	EXOC4	False	0.0060618829966357915	0.010095	False
ENSG00000131584	ACAP3	False	0.20849393244528622	0.31992	False
ENSG00000131591	C1orf159	False	0.5328288456202007	0.14	False
ENSG00000131620	ANO1	False	0.23726994194433898	0.19622	False
ENSG00000131626	PPFIA1	False	0.0065292452646024375	0.12413	False
ENSG00000131634	TMEM204	False	0.0316306934475588	0.21042	False
ENSG00000131650	KREMEN2	False	0.1923883106519728	0.098877	False
ENSG00000131652	THOC6	False	0.3385864822546751	0.25989	False
ENSG00000131653	TRAF7	True	0.14765682128714755	0.17037	False
ENSG00000131668	BARX1	False	0.5012801622204903	0.13969	False
ENSG00000131669	NINJ1	False	0.09911639602210745	0.21803	False
ENSG00000131686	CA6	False	0.7952081875514605	0.34587	False
ENSG00000131697	NPHP4	False	0.0865156932002859	0.24573	False
ENSG00000131711	MAP1B	True	0.07009928111408249	0.0059545	False
ENSG00000131730	CKMT2	False	0.39932333816480653	0.28593	False
ENSG00000131732	ZCCHC9	False	0.36697793379960614	0.13246	False
ENSG00000131738	KRT33B	False	0.3321239014131157	0.32452	False
ENSG00000131746	TNS4	False	0.09550302385692822	0.080404	False
ENSG00000131747	TOP2A	False	0.08501448421838306	0.057009	False
ENSG00000131748	STARD3	False	0.343748172140553	0.45994	False
ENSG00000131759	RARA	False	0.5890839908971608	0.088969	False
ENSG00000131771	PPP1R1B	False	0.18326863961972445	0.030306	False
ENSG00000131773	KHDRBS3	False	0.4789913243964091	0.075078	False
ENSG00000131778	CHD1L	False	0.2233937004805868	0.045331	False
ENSG00000131779	PEX11B	False	0.06937773564816323	0.002332	False
ENSG00000131781	FMO5	False	0.05465962380574166	0.014003	False
ENSG00000131788	PIAS3	False	0.36469382130883415	0.51775	False
ENSG00000131791	PRKAB2	False	0.2376459891712667	0.38528	False
ENSG00000131808	FSHB	False	0.19372234045890807	0.44276	False
ENSG00000131844	MCCC2	False	0.3769061635674216	0.53681	False
ENSG00000131845	ZNF304	False	0.01114820735157738	0.021283	False
ENSG00000131848	ZSCAN5A	False	0.4524983317889255	0.038689	False
ENSG00000131849	ZNF132	False	0.19790708340509064	0.34637	False
ENSG00000131864	USP29	False	0.17738573459540774		False
ENSG00000131871	SELENOS	False	0.6463921855811248	0.15131	False
ENSG00000131873	CHSY1	False	0.15797317292462168	0.48101	False
ENSG00000131876	SNRPA1	False	0.00026468764949160324	0.11761	False
ENSG00000131899	LLGL1	False	0.6144565267040367	0.40512	False
ENSG00000131910	NR0B2	False	0.32492786689988656	0.19598	False
ENSG00000131914	LIN28A	False	0.44584802150463865	0.29225	False
ENSG00000131931	THAP1	False	0.011365366171936049	0.047561	False
ENSG00000131941	RHPN2	False	0.17782558342372617	0.28976	False
ENSG00000131943	C19orf12	True	0.67376867417902	0.46794	False
ENSG00000131944	FAAP24	False	0.1588399958696101	0.33187	False
ENSG00000131966	ACTR10	False	0.3601528552810347	0.18731	False
ENSG00000131969	ABHD12B	False	0.5552590939419497	0.25292	False
ENSG00000131979	GCH1	True	0.3435315900300297	0.86386	False
ENSG00000131981	LGALS3	False	0.5249014149010398	0.14558	False
ENSG00000132000	PODNL1	False	0.06244143740600167	0.21602	False
ENSG00000132002	DNAJB1	False	0.3160646798754906	0.22992	False
ENSG00000132003	ZSWIM4	False	0.04089832159951988	0.23118	False
ENSG00000132004	FBXW9	False	0.2587149923553758	0.29599	False
ENSG00000132005	RFX1	False	0.2987100495911467	0.20658	False
ENSG00000132010	ZNF20	False	0.07940343485223283	0.19185	False
ENSG00000132017	DCAF15	False	0.05549371257301395	0.06147	False
ENSG00000132024	CC2D1A	False	0.44291015760247143	0.21036	False
ENSG00000132026	RTBDN	False	0.0599428147177922	0.38344	False
ENSG00000132031	MATN3	False	0.2889190577722752	0.10852	False
ENSG00000132109	TRIM21	False	0.0601349766695762	0.64592	False
ENSG00000132122	SPATA6	False	0.40438966796779113	0.33355	False
ENSG00000132128	LRRC41	False	0.07984055680809315	0.096256	False
ENSG00000132141	CCT6B	False	0.2995422676840534	0.50268	False
ENSG00000132153	DHX30	True	0.47193455733636525	0.083376	False
ENSG00000132155	RAF1	False	0.17760314762511376	0.081329	False
ENSG00000132164	SLC6A11	False	0.5822674738666967	0.051051	False
ENSG00000132170	PPARG	False	0.10170155863443742	0.10765	False
ENSG00000132182	NUP210	False	0.021138824710961505	0.14106	False
ENSG00000132196	HSD17B7	False	0.061855029933585944	0.2215	False
ENSG00000132199	ENOSF1	False	0.17172056342731704	0.32252	False
ENSG00000132205	EMILIN2	False	0.21808220590052482	0.090272	False
ENSG00000132254	ARFIP2	False	0.11152479308000367		False
ENSG00000132256	TRIM5	False	0.3266353503836175	0.17602	False
ENSG00000132259	CNGA4	False	0.003832050173704359	0.34125	False
ENSG00000132274	TRIM22	False	0.13515440746175117	0.1596	False
ENSG00000132275	RRP8	False	0.15783221138119022	0.17648	False
ENSG00000132294	EFR3A	False	0.12499155354828669	0.75298	False
ENSG00000132300	PTCD3	False	0.5015941417232226	0.80137	False
ENSG00000132305	IMMT	False	0.024658049734151324	0.019414	False
ENSG00000132313	MRPL35	False	0.13527446576168217	0.14081	False
ENSG00000132321	IQCA1	False	0.2567362595202183	0.4687	False
ENSG00000132323	ILKAP	False	0.0016848163717299654	0.0028036	False
ENSG00000132326	PER2	False	0.10566474051224709	0.041183	False
ENSG00000132329	RAMP1	False	0.029959754462636743		False
ENSG00000132334	PTPRE	False	0.012099321617865004	0.1101	False
ENSG00000132356	PRKAA1	False	0.4150751467626825	0.37481	False
ENSG00000132357	CARD6	False	0.42636917235808536	0.66423	False
ENSG00000132359	RAP1GAP2	False	0.02660706413092163	0.29921	False
ENSG00000132376	INPP5K	False	0.08695270232527877	0.14184	False
ENSG00000132382	MYBBP1A	False	0.0037824414623474655	0.02179	False
ENSG00000132383	RPA1	False	0.3906995919207117	0.375	False
ENSG00000132386	SERPINF1	False	0.06255218520733143	0.011837	False
ENSG00000132394	EEFSEC	False	0.4313233347785861	0.23671	False
ENSG00000132405	TBC1D14	False	0.2726702950354191	0.54898	False
ENSG00000132406	TMEM128	False	0.3602266184819292	0.19135	False
ENSG00000132423	COQ3	False	0.16671049238036897	0.20638	False
ENSG00000132424	PNISR	False	0.1078913745553518	0.31644	False
ENSG00000132429	POPDC3	False	0.04600702953742374	0.11754	False
ENSG00000132434	LANCL2	False	0.5913538807041722	0.13147	False
ENSG00000132436	FIGNL1	False	0.15691860165927107	0.079837	False
ENSG00000132437	DDC	True	0.0641883211755289	0.02829	False
ENSG00000132463	GRSF1	False	0.5773004620212627	0.11971	False
ENSG00000132464	ENAM	False	0.1825472930304259	0.256	False
ENSG00000132465	JCHAIN	False	0.5512033181062074	0.24145	False
ENSG00000132466	ANKRD17	True	0.0033933034706367417	0.013271	False
ENSG00000132467	UTP3	False	0.2730065577365748	0.22118	False
ENSG00000132470	ITGB4	True	0.0761010929962675	0.2293	False
ENSG00000132471	WBP2	False	0.18696750530701778	0.24746	False
ENSG00000132478	UNK	False	0.39436443334432625	0.053955	False
ENSG00000132481	TRIM47	False	0.047816405173685274	0.31166	False
ENSG00000132485	ZRANB2	False	0.419621141400907	0.01343	False
ENSG00000132507	EIF5A	False	0.9085569013559572	0.30651	False
ENSG00000132510	KDM6B	False	0.06520818634369346	0.0053844	False
ENSG00000132514	CLEC10A	False	0.4961208398753091	0.10336	False
ENSG00000132517	SLC52A1	False	0.44466097798825466	0.42599	False
ENSG00000132518	GUCY2D	False	0.6637135913406413	0.096267	False
ENSG00000132522	GPS2	False	0.12380404461079994	0.044954	False
ENSG00000132530	XAF1	False	0.4357032561001162	0.29163	False
ENSG00000132535	DLG4	True	0.00034840024286129505	0.00011553	False
ENSG00000132541	RIDA	False	0.4342625305241452	0.10102	False
ENSG00000132549	VPS13B	False	0.06467181600978623	0.25265	False
ENSG00000132554	RGS22	False	0.14468863520867215	0.036387	False
ENSG00000132561	MATN2	False	0.450536749425932	0.18637	False
ENSG00000132563	REEP2	False	0.003572966723471574	0.32861	False
ENSG00000132581	SDF2	False	0.26079824984858163	0.55152	False
ENSG00000132589	FLOT2	False	0.49361592285665234	0.080383	False
ENSG00000132591	ERAL1	False	0.36237659729309707	0.42254	False
ENSG00000132600	PRMT7	True	0.1493116574561141	0.26797	False
ENSG00000132603	NIP7	False	0.00023129876700277158	0.038931	False
ENSG00000132604	TERF2	False	0.31772473997996775	0.010768	False
ENSG00000132622	HSPA12B	False	0.1546800486675999	0.13802	False
ENSG00000132623	ANKEF1	False	0.1490602023796281	0.1625	False
ENSG00000132631	SCP2D1	False	0.0377586197608262	0.22329	False
ENSG00000132635	PCED1A	False	0.18702562693925193	0.055854	False
ENSG00000132639	SNAP25	True	0.7679558008293322	0.55417	False
ENSG00000132640	BTBD3	False	0.13347249466509387	0.15359	False
ENSG00000132646	PCNA	False	0.22255776839441527	0.13878	False
ENSG00000132661	NXT1	False	0.9397585438207611	0.31423	False
ENSG00000132664	POLR3F	False	0.4101561451591704	0.1138	False
ENSG00000132669	RIN2	False	0.04590227935613125	0.21434	False
ENSG00000132670	PTPRA	False	0.32897654572118923	0.2471	False
ENSG00000132671	SSTR4	False	0.06362325319767966		False
ENSG00000132676	DAP3	False	0.3107517481760599	0.41251	False
ENSG00000132677	RHBG	False	0.2000944220430336	0.4209	False
ENSG00000132680	KHDC4	False	0.39444640881413223	0.011245	False
ENSG00000132681	ATP1A4	False	0.05311294751349325	0.45376	False
ENSG00000132688	NES	False	0.3335079720220536	0.11262	False
ENSG00000132692	BCAN	False	0.45423686307701305	0.0061804	False
ENSG00000132693	CRP	False	0.20017641097731254		False
ENSG00000132694	ARHGEF11	False	0.24000453323379237	0.48622	False
ENSG00000132698	RAB25	False	0.2951293501067727	0.24079	False
ENSG00000132702	HAPLN2	False	0.2943429739315634	0.49215	False
ENSG00000132703	APCS	False	0.08094353274358052	0.15212	False
ENSG00000132704	FCRL2	False	0.12093156876396978	0.10776	False
ENSG00000132718	SYT11	False	0.41632000759959853	0.10211	False
ENSG00000132740	IGHMBP2	False	0.12788801442794784	0.068518	False
ENSG00000132744	ACY3	False	0.2437879753640474	0.42632	False
ENSG00000132746	ALDH3B2	False	0.47969413672175154	0.24389	False
ENSG00000132749	TESMIN	False	0.3344668090391876	0.14082	False
ENSG00000132763	MMACHC	True	0.20319675808442603	0.37052	False
ENSG00000132768	DPH2	False	0.4068060971547473	0.010463	False
ENSG00000132773	TOE1	False	0.1500792497431112	0.3489	False
ENSG00000132780	NASP	False	0.018648329282486373	0.36106	False
ENSG00000132781	MUTYH	False	0.015037005744385764	0.39393	False
ENSG00000132792	CTNNBL1	False	0.17373485712989817	0.28043	False
ENSG00000132793	LPIN3	False	0.031031319895554077	0.20278	False
ENSG00000132801	ZSWIM3	False	0.1749962694159567	0.10278	False
ENSG00000132819	RBM38	False	0.3346438664062691	0.33629	False
ENSG00000132821	VSTM2L	False	0.5107495984916763	0.36725	False
ENSG00000132823	OSER1	False	0.8508082434275016	0.47263	False
ENSG00000132824	SERINC3	False	0.6851071262878532	0.51253	False
ENSG00000132825	PPP1R3D	False	0.14558095615860053	0.15121	False
ENSG00000132837	DMGDH	False	0.03511150766509362	0.041604	False
ENSG00000132840	BHMT2	False	0.10134117881535837	0.049031	False
ENSG00000132842	AP3B1	False	0.17427293415664585	0.052012	False
ENSG00000132849	PATJ	False	0.16694437001687476	0.673	False
ENSG00000132854	KANK4	False	0.0018985826506280256	0.28697	False
ENSG00000132855	ANGPTL3	False	0.6993174301291216	0.31445	False
ENSG00000132872	SYT4	False	0.3267985828542837	0.169	False
ENSG00000132874	SLC14A2	False	0.49700513485134434	0.38532	False
ENSG00000132879	FBXO44	False	0.0006838901425634432	0.69447	False
ENSG00000132881	CPLANE2	False	0.008218530908802648	0.32693	False
ENSG00000132906	CASP9	False	0.18064234643053878	0.30271	False
ENSG00000132911	NMUR2	False	0.1273170825913867	0.20094	False
ENSG00000132912	DCTN4	False	0.03598919429441002	0.033835	False
ENSG00000132915	PDE6A	False	0.606987181326659	0.3841	False
ENSG00000132932	ATP8A2	False	0.1007754444963732	0.36408	False
ENSG00000132938	MTUS2	False	0.46581551390780884	0.32988	False
ENSG00000132950	ZMYM5	False	0.0312923557516038	0.36824	False
ENSG00000132952	USPL1	False	0.07766159444634685	0.39834	False
ENSG00000132953	XPO4	False	0.02195056471393754	0.28196	False
ENSG00000132958	TPTE2	False	0.17567365126996048	0.58594	False
ENSG00000132964	CDK8	False	0.7610261850568609	0.17343	False
ENSG00000132965	ALOX5AP	False	0.05472220786548088	0.33361	False
ENSG00000132970	WASF3	False	0.13775343343655938	0.19178	False
ENSG00000132972	RNF17	False	0.023186149141230534	0.40807	False
ENSG00000132975	GPR12	False	0.16821870140249146	0.16958	False
ENSG00000133019	CHRM3	False	0.17880756401894818	0.018765	False
ENSG00000133020	MYH8	False	0.007577099684631256	0.06579	False
ENSG00000133026	MYH10	False	0.08766666131790371	0.0054838	False
ENSG00000133027	PEMT	False	0.3649661384794437	0.34899	False
ENSG00000133028	SCO1	True	0.4103781130282744	0.35576	False
ENSG00000133030	MPRIP	False	0.19688864980598816	0.012557	False
ENSG00000133048	CHI3L1	False	0.24546231526634515	0.29336	False
ENSG00000133055	MYBPH	False	0.08148060767408422	0.12136	False
ENSG00000133056	PIK3C2B	True	0.01322975257568479	0.03336	False
ENSG00000133059	DSTYK	False	0.01654931838751388	0.27438	False
ENSG00000133063	CHIT1	False	0.03013145905862724	0.028057	False
ENSG00000133065	SLC41A1	False	0.10781666117789876	0.29509	False
ENSG00000133067	LGR6	False	0.2786192556923016	0.23797	False
ENSG00000133069	TMCC2	False	0.024556792915048094	0.0089498	False
ENSG00000133083	DCLK1	False	0.04336332960740628	0.1092	False
ENSG00000133101	CCNA1	False	0.1718223107273919	0.48852	False
ENSG00000133103	COG6	True	0.4467986036872914	0.58918	False
ENSG00000133104	SPART	False	0.2945067774410764	0.50698	False
ENSG00000133105	RXFP2	False	0.16188618148767386	0.48019	False
ENSG00000133106	EPSTI1	False	0.0818779608273271	0.33623	False
ENSG00000133107	TRPC4	False	0.1639677572398847	0.17426	False
ENSG00000133110	POSTN	False	0.012415578882615371	0.1708	False
ENSG00000133111	RFXAP	False	0.06510248604909322	0.14422	False
ENSG00000133112	TPT1	False	0.5179639934826569	0.37194	False
ENSG00000133114	GPALPP1	False	0.87906315319163	0.58068	False
ENSG00000133115	STOML3	False	0.10303459789568575	0.18484	False
ENSG00000133116	KL	False	0.1511232620405785	0.032524	False
ENSG00000133119	RFC3	False	0.12776563531838855	0.33723	False
ENSG00000133121	STARD13	False	0.3413300640653547	0.85213	False
ENSG00000133193	FAM104A	False	0.08420453952546826	0.11319	False
ENSG00000133195	SLC39A11	False	0.20444679107890834	0.044589	False
ENSG00000133216	EPHB2	False	0.6975825654414658	0.063584	False
ENSG00000133226	SRRM1	False	0.45833437365371843	0.45111	False
ENSG00000133243	BTBD2	False	0.1799106292906316	0.42247	False
ENSG00000133246	PRAM1	False	0.5203217908581108	0.31265	False
ENSG00000133247	KMT5C	False	0.00010450080829326783	0.022072	False
ENSG00000133250	ZNF414	False	0.3549151908746272	0.33631	False
ENSG00000133256	PDE6B	False	0.353127497925315	0.53777	False
ENSG00000133265	HSPBP1	False	0.14538902976998816	0.28176	False
ENSG00000133275	CSNK1G2	False	0.18442509984811953	0.15871	False
ENSG00000133302	SLF1	False	0.2262685389053893	0.16719	False
ENSG00000133313	CNDP2	False	0.12935357221777688	0.026548	False
ENSG00000133315	MACROD1	False	0.039750928990461974	0.068325	False
ENSG00000133316	WDR74	False	0.00463530820105365	0.044138	False
ENSG00000133317	LGALS12	False	0.5366371699165053	0.33254	False
ENSG00000133318	RTN3	False	0.16161232064190406	0.11615	False
ENSG00000133392	MYH11	False	0.020641007732317786	0.21138	False
ENSG00000133398	MED10	False	0.010761767998858649	0.044847	False
ENSG00000133401	PDZD2	False	0.12313888588536959	0.10131	False
ENSG00000133422	MORC2	False	0.1647059883391481	0.062248	False
ENSG00000133424	LARGE1	True	0.7061340109011048	0.20693	False
ENSG00000133454	MYO18B	False	0.1735178845673635	0.33322	False
ENSG00000133460	SLC2A11	False	0.4093777529666649	0.34845	False
ENSG00000133466	C1QTNF6	False	0.1991196936763234	0.018085	False
ENSG00000133477	FAM83F	False	0.11672699993428007	0.0075699	False
ENSG00000133488	SEC14L4	False	0.12777580054596277	0.85916	False
ENSG00000133561	GIMAP6	False	0.2792998259947451	0.54142	False
ENSG00000133574	GIMAP4	False	0.23717462588531693	0.26656	False
ENSG00000133597	ADCK2	False	0.35040869814370057	0.15684	False
ENSG00000133606	MKRN1	False	0.1313470580059574	0.048297	False
ENSG00000133612	AGAP3	False	0.1492756712879598	0.028288	False
ENSG00000133619	KRBA1	False	0.014868055358942634	0.82527	False
ENSG00000133627	ACTR3B	False	0.2524483273793171	0.14706	False
ENSG00000133636	NTS	False	0.5559487379605975	0.66499	False
ENSG00000133640	LRRIQ1	False	0.03069914620024961	0.59972	False
ENSG00000133641	C12orf29	False	0.042733933450525764	0.18286	False
ENSG00000133657	ATP13A3	False	0.3518733378452443	0.55278	False
ENSG00000133661	SFTPD	False	0.6328740620715771	0.54896	False
ENSG00000133665	DYDC2	False	0.29093080179736996	0.34855	False
ENSG00000133678	TMEM254	False	0.11084870330684243	0.15963	False
ENSG00000133687	TMTC1	False	0.40282987871853676	0.17261	False
ENSG00000133703	KRAS	False	0.20312536923600724	0.0707	False
ENSG00000133704	IPO8	False	0.004308766786227837	0.011927	False
ENSG00000133710	SPINK5	False	0.1224852736812314	0.18965	False
ENSG00000133731	IMPA1	False	0.15607007413287563	0.53278	False
ENSG00000133739	LRRCC1	False	0.3081971428847563	0.23971	False
ENSG00000133740	E2F5	False	0.020294648365642303	0.253	False
ENSG00000133742	CA1	False	0.6458136632276688	0.24758	False
ENSG00000133773	CCDC59	False	0.2646594506507826	0.39877	False
ENSG00000133789	SWAP70	False	0.002662805186818082	0.013701	False
ENSG00000133800	LYVE1	False	0.6333215519417755	0.59037	False
ENSG00000133805	AMPD3	False	0.0969796634847795	0.056743	False
ENSG00000133812	SBF2	False	0.0009322901451541809	0.12581	False
ENSG00000133816	MICAL2	False	0.0697374497632914	0.07989	False
ENSG00000133818	RRAS2	False	0.638958098669709	0.29478	False
ENSG00000133835	HSD17B4	True	0.4202602263569579	0.24874	False
ENSG00000133858	ZFC3H1	False	0.005511284309824766	0.34401	False
ENSG00000133863	TEX15	False	0.01676871872158992	0.059463	False
ENSG00000133872	SARAF	False	0.024408201758437248	0.017455	False
ENSG00000133874	RNF122	False	0.173709278511462	0.16959	False
ENSG00000133878	DUSP26	False	0.0032275534072950672	0.0087291	False
ENSG00000133884	DPF2	False	0.3122493758852936	0.11462	False
ENSG00000133895	MEN1	False	0.04866428162399651	0.10482	False
ENSG00000133935	ERG28	False	0.3567033461339279	0.68564	False
ENSG00000133937	GSC	False	0.7777938401949653	0.020913	False
ENSG00000133943	DGLUCY	False	0.11436291101989855	0.61967	False
ENSG00000133958	UNC79	True	0.13347255037174588	0.099768	False
ENSG00000133961	NUMB	False	0.5398254336463589	0.14583	False
ENSG00000133962	CATSPERB	False	0.30061194092572624	0.16138	False
ENSG00000133980	VRTN	False	0.4487106987618861		False
ENSG00000133983	COX16	False	0.41757921168560735	0.46413	False
ENSG00000133985	TTC9	False	0.08061612326177713	0.13776	False
ENSG00000133997	MED6	False	0.36593141783179617	0.48629	False
ENSG00000134001	EIF2S1	False	0.49093267307482413	0.39842	False
ENSG00000134013	LOXL2	False	0.32128323014399957	0.1702	False
ENSG00000134014	ELP3	False	0.22031902428792083	0.037478	False
ENSG00000134020	PEBP4	False	0.18352237556320913	0.58869	False
ENSG00000134028	ADAMDEC1	False	0.025499120562368915	0.31805	False
ENSG00000134030	CTIF	False	0.3296240886910229	0.076183	False
ENSG00000134042	MRO	False	0.057599306885226444	0.23692	False
ENSG00000134046	MBD2	False	0.14538196131040493		False
ENSG00000134057	CCNB1	False	0.1665481495079138	0.0082583	False
ENSG00000134058	CDK7	False	0.11777916174136423	0.079824	False
ENSG00000134061	CD180	False	0.010246324240910664	0.46802	False
ENSG00000134070	IRAK2	False	0.1315743730354465	0.094271	False
ENSG00000134072	CAMK1	False	0.1912551968291241	0.036142	False
ENSG00000134077	THUMPD3	False	0.7540522141555344	0.2008	False
ENSG00000134086	VHL	False	0.03625629553432753	0.67575	False
ENSG00000134107	BHLHE40	False	0.6663093707968791	0.30222	False
ENSG00000134109	EDEM1	False	0.1005294978251279	0.34097	False
ENSG00000134115	CNTN6	False	0.07372176557051054	0.077128	False
ENSG00000134121	CHL1	False	0.003683516523513357	0.39517	False
ENSG00000134138	MEIS2	False	0.47467955459155187	0.49484	False
ENSG00000134146	DPH6	False	0.16398133340246243	0.3506	False
ENSG00000134152	KATNBL1	False	1.996521930444328e-05	0.5546	False
ENSG00000134153	EMC7	False	0.5670297165533101	0.14766	False
ENSG00000134160	TRPM1	False	0.23891706849798422	0.25236	False
ENSG00000134183	GNAT2	False	0.15767742626111095	0.039537	False
ENSG00000134186	PRPF38B	False	0.3554063142220097	0.11493	False
ENSG00000134193	REG4	False	0.2798179904318323	0.20333	False
ENSG00000134198	TSPAN2	False	0.3490502511864793	0.62134	False
ENSG00000134200	TSHB	False	0.27527637431176544	0.36194	False
ENSG00000134201	GSTM5	False	0.027254594763537685	0.052275	False
ENSG00000134202	GSTM3	False	0.014832097646864996	0.12701	False
ENSG00000134207	SYT6	False	0.11674416114483663	0.051249	False
ENSG00000134215	VAV3	False	0.4262940911911369	0.2715	False
ENSG00000134216	CHIA	False	0.027401387032922036	0.53635	False
ENSG00000134222	PSRC1	False	0.08811512786669756	0.15591	False
ENSG00000134240	HMGCS2	False	0.5842013648679616	0.19279	False
ENSG00000134242	PTPN22	False	0.013123634564316228	0.29357	False
ENSG00000134243	SORT1	False	0.233926285391725	0.23623	False
ENSG00000134245	WNT2B	False	0.04876057342664952	0.19219	False
ENSG00000134247	PTGFRN	False	0.07432904543475005	0.3468	False
ENSG00000134248	LAMTOR5	False	0.40358245182224706	0.11699	False
ENSG00000134249	ADAM30	False	0.4269082339836163	0.1506	False
ENSG00000134250	NOTCH2	False	0.009733570327323537	0.05304	False
ENSG00000134253	TRIM45	False	0.5067976534464234	0.45544	False
ENSG00000134255	CEPT1	False	0.029172875572137543	0.0034791	False
ENSG00000134256	CD101	False	0.330690601241703	0.34918	False
ENSG00000134258	VTCN1	False	0.44235706607653325	0.34074	False
ENSG00000134259	NGF	False	0.07463228046088369	0.43138	False
ENSG00000134262	AP4B1	True	0.18182719811569734	0.18011	False
ENSG00000134265	NAPG	False	0.05998593315353598	0.015761	False
ENSG00000134278	SPIRE1	False	0.20350444101674137	0.31424	False
ENSG00000134283	PPHLN1	False	0.5376710040614784	0.37822	False
ENSG00000134285	FKBP11	False	0.2681000026968109	0.078089	False
ENSG00000134291	TMEM106C	False	0.3804472207126464	0.38514	False
ENSG00000134294	SLC38A2	False	0.03848615329656327		False
ENSG00000134308	YWHAQ	False	0.09021382651244092	0.20176	False
ENSG00000134313	KIDINS220	False	0.16441660194938187	0.092824	False
ENSG00000134317	GRHL1	False	0.24029018659231774	0.076677	False
ENSG00000134318	ROCK2	False	0.028929864842089557	0.11815	False
ENSG00000134321	RSAD2	False	0.5789338596158294	0.27984	False
ENSG00000134323	MYCN	False	0.35848107064511203	0.032855	False
ENSG00000134324	LPIN1	False	0.09256549262666815	0.26361	False
ENSG00000134326	CMPK2	False	0.5756173705765472	0.091358	False
ENSG00000134330	IAH1	False	0.336205118638298	0.099339	False
ENSG00000134333	LDHA	False	0.19573078876232192	0.29028	False
ENSG00000134339	SAA2	False	0.08190518720505964	0.0042037	False
ENSG00000134343	ANO3	False	0.015504029538687826	0.021631	False
ENSG00000134352	IL6ST	False	0.0576282362071964	0.07973	False
ENSG00000134363	FST	False	0.37338105240293956	0.079072	False
ENSG00000134365	CFHR4	False	0.027853154619143453	0.11686	False
ENSG00000134369	NAV1	False	0.160214040674272	0.054591	False
ENSG00000134371	CDC73	False	0.07830031065297542	0.022897	False
ENSG00000134375	TIMM17A	False	0.6286476708428389	0.15547	False
ENSG00000134376	CRB1	False	0.0004867586150057844	0.087169	False
ENSG00000134389	CFHR5	False	0.14758100719805484	0.2208	False
ENSG00000134398	ERN2	False	0.13915123349090674	0.11314	False
ENSG00000134438	RAX	False	0.2746545597661982	0.11939	False
ENSG00000134443	GRP	False	0.8139234477404965	0.66237	False
ENSG00000134444	RELCH	False	0.35144296733207775	0.11221	False
ENSG00000134452	FBH1	False	0.26540873735570636	0.45145	False
ENSG00000134453	RBM17	False	0.14898776072260075	0.060316	False
ENSG00000134460	IL2RA	False	0.26694011427653547	0.10304	False
ENSG00000134461	ANKRD16	False	0.03264897096891333	0.28365	False
ENSG00000134463	ECHDC3	False	0.16028074365663963	0.058871	False
ENSG00000134470	IL15RA	False	0.31826777286814223	0.22796	False
ENSG00000134480	CCNH	False	0.011651175505274664	0.10097	False
ENSG00000134489	HRH4	False	0.05292085993644849	0.33036	False
ENSG00000134490	TMEM241	False	0.0510768161473622	0.1038	False
ENSG00000134504	KCTD1	False	0.168731656821358	0.031585	False
ENSG00000134508	CABLES1	False	0.3158327679310997	0.59648	False
ENSG00000134516	DOCK2	False	0.0338281058258012	0.19852	False
ENSG00000134531	EMP1	False	0.3028669114402669	0.3154	False
ENSG00000134532	SOX5	False	0.4316204422371127	0.0042862	False
ENSG00000134533	RERG	False	0.35575312242444934	0.085173	False
ENSG00000134538	SLCO1B1	False	0.033987975041900105	0.57359	False
ENSG00000134539	KLRD1	False	0.023290194950068056		False
ENSG00000134545	KLRC1	False	0.15438599714517182	0.17878	False
ENSG00000134548	SPX	False	0.6209665595968552	0.34559	False
ENSG00000134551	PRH2	False	0.204316369791781	0.24138	False
ENSG00000134569	LRP4	False	0.08002389196067776	0.18055	False
ENSG00000134571	MYBPC3	False	0.18048553354890018	0.28938	False
ENSG00000134574	DDB2	False	0.13612970776233468	0.08734	False
ENSG00000134575	ACP2	False	0.05833868381655365	0.44171	False
ENSG00000134627	PIWIL4	False	0.03163977863614284	0.30036	False
ENSG00000134640	MTNR1B	False	0.13415577288222047	0.040271	False
ENSG00000134644	PUM1	True	0.2620286671819221	0.34538	False
ENSG00000134668	SPOCD1	False	0.16360392386354672	0.25147	False
ENSG00000134686	PHC2	False	0.27352940079507965	0.40672	False
ENSG00000134690	CDCA8	False	0.28923445505027906	0.33048	False
ENSG00000134697	GNL2	False	0.009363165942196282	0.00028652	False
ENSG00000134698	AGO4	False	0.13710915789101624	0.12134	False
ENSG00000134709	HOOK1	False	0.41951528960211404	0.095482	False
ENSG00000134716	CYP2J2	False	0.09144585943279379	0.49103	False
ENSG00000134744	TUT4	False	0.12357735653633588	0.029827	False
ENSG00000134748	PRPF38A	False	0.747669164370655	0.31955	False
ENSG00000134755	DSC2	False	0.1960669264656097	0.11129	False
ENSG00000134757	DSG3	False	0.04561801186350134	0.0056092	False
ENSG00000134758	RNF138	False	0.9111766879888388	0.65627	False
ENSG00000134759	ELP2	False	0.3477464373400751	0.20155	False
ENSG00000134760	DSG1	False	0.0751876704359762	0.30894	False
ENSG00000134762	DSC3	False	0.24084744702636232	0.25533	False
ENSG00000134765	DSC1	False	0.3258337857809713	0.075396	False
ENSG00000134769	DTNA	False	0.030283862349714023	0.054378	False
ENSG00000134775	FHOD3	False	0.6600151219030788	0.19864	False
ENSG00000134779	TPGS2	False	0.06001429000523886	0.29237	False
ENSG00000134780	DAGLA	False	0.04329329371489616	0.010841	False
ENSG00000134802	SLC43A3	False	0.6555126466961706	0.44541	False
ENSG00000134809	TIMM10	False	0.0779959690629103	0.88777	False
ENSG00000134815	DHX34	False	0.24759201185303156	0.12247	False
ENSG00000134817	APLNR	False	0.5312301769574541	0.18799	False
ENSG00000134824	FADS2	False	0.5551769293380453	0.58364	False
ENSG00000134825	TMEM258	False	0.20272108861190669	0.7147	False
ENSG00000134827	TCN1	False	0.08802191403508948	0.016142	False
ENSG00000134830	C5AR2	False	0.10019326127802919		False
ENSG00000134851	TMEM165	False	0.31449412935944726	0.10867	False
ENSG00000134852	CLOCK	False	0.15619114592702457	0.30695	False
ENSG00000134853	PDGFRA	False	0.14910166559741378	0.0786	False
ENSG00000134864	GGACT	False	0.17578781185658152		False
ENSG00000134871	COL4A2	True	0.09502591195735534	0.3951	False
ENSG00000134873	CLDN10	False	0.15310465136151302	0.063687	False
ENSG00000134874	DZIP1	False	0.02770682062388708	0.030422	False
ENSG00000134882	UBAC2	False	0.01064495127189883	0.34659	False
ENSG00000134884	ARGLU1	False	0.6853996982572859	0.29761	False
ENSG00000134897	BIVM	False	0.1857480865856801	0.024608	False
ENSG00000134899	ERCC5	False	0.32037795012564463		False
ENSG00000134900	TPP2	False	0.09166565612131525	0.024349	False
ENSG00000134905	CARS2	True	0.0007998039275855813	4.6861e-06	False
ENSG00000134909	ARHGAP32	False	0.19044203613026492	0.35277	False
ENSG00000134910	STT3A	False	0.25018996516738723	0.03232	False
ENSG00000134917	ADAMTS8	False	0.04271597865917893	0.60297	False
ENSG00000134940	ACRV1	False	0.0716179760015063	0.4863	False
ENSG00000134954	ETS1	False	0.5853961241847117	0.19822	False
ENSG00000134955	SLC37A2	False	0.1332526712857082	0.11385	False
ENSG00000134962	KLB	False	0.21610011877148336	0.68718	False
ENSG00000134982	APC	False	1.7377856471107804e-05	0.61515	False
ENSG00000134986	NREP	False	0.13900460980623974	0.19403	False
ENSG00000134996	OSTF1	False	1.9964021074567143e-07	0.14793	True
ENSG00000135002	RFK	False	0.046458753307385484	0.27597	False
ENSG00000135018	UBQLN1	False	0.16041779463409475	0.16139	False
ENSG00000135040	NAA35	False	0.4487736581215589	0.12867	False
ENSG00000135046	ANXA1	False	0.3758273308248221	0.36151	False
ENSG00000135047	CTSL	False	0.1813528432943766	0.116	False
ENSG00000135048	CEMIP2	False	0.18229646059050697	0.059416	False
ENSG00000135049	AGTPBP1	False	0.3939966433089447	0.12334	False
ENSG00000135052	GOLM1	False	0.4809466966543382	0.36167	False
ENSG00000135069	PSAT1	True	0.11383220873083671	0.092009	False
ENSG00000135070	ISCA1	True	0.27030607138982615	0.19044	False
ENSG00000135074	ADAM19	False	0.6176114813436833	0.71783	False
ENSG00000135077	HAVCR2	False	0.45816407401729164	0.1436	False
ENSG00000135083	CCNJL	False	0.029582617629377896	0.011772	False
ENSG00000135090	TAOK3	False	0.23631761256526557	0.16766	False
ENSG00000135093	USP30	False	0.02586297013708559	0.0017317	False
ENSG00000135094	SDS	False	0.3228860794801732	0.46066	False
ENSG00000135097	MSI1	False	0.09003725973176413	0.011	False
ENSG00000135100	HNF1A	False	0.0008223155116139151	0.11206	False
ENSG00000135108	FBXO21	False	0.06119275390097078	0.18856	False
ENSG00000135111	TBX3	False	0.41537694038110506	0.21528	False
ENSG00000135114	OASL	False	0.037226734004142316	0.14046	False
ENSG00000135119	RNFT2	False	0.18893374755252315	0.11119	False
ENSG00000135124	P2RX4	False	0.2791456534702442	0.056551	False
ENSG00000135127	BICDL1	False	0.007235602223520069	0.2273	False
ENSG00000135144	DTX1	False	0.26098154022497205	0.22464	False
ENSG00000135148	TRAFD1	False	0.29417925887798446	0.24928	False
ENSG00000135164	DMTF1	False	0.19310053084418094	0.3798	False
ENSG00000135175	OCM2	False	0.05068148622494217	0.088743	False
ENSG00000135185	TMEM243	False	0.3936095998769183	0.15426	False
ENSG00000135205	CCDC146	False	0.22991258955622135	0.20968	False
ENSG00000135218	CD36	False	0.5063711130172917	0.4031	False
ENSG00000135220	UGT2A3	False	0.19249294359499988	0.12316	False
ENSG00000135222	CSN2	False	0.0663269684523995	0.10431	False
ENSG00000135241	PNPLA8	True	0.21623014596133447	0.0087722	False
ENSG00000135249	RINT1	False	0.6151532613023922	0.80557	False
ENSG00000135250	SRPK2	False	0.3290577815528297	0.1633	False
ENSG00000135269	TES	False	0.011075932054666594	0.06454	False
ENSG00000135272	MDFIC	False	0.02156211593875856	0.019796	False
ENSG00000135297	MTO1	False	0.02843082050663415	0.52035	False
ENSG00000135298	ADGRB3	False	0.3455977385503209	0.05455	False
ENSG00000135299	ANKRD6	False	0.1715370768164015	0.33134	False
ENSG00000135312	HTR1B	False	1.5166119388879747e-05	0.018662	False
ENSG00000135314	KHDC1	False	0.1353757665311605	0.35669	False
ENSG00000135315	CEP162	False	0.21687414614311412	0.19923	False
ENSG00000135316	SYNCRIP	False	0.023331545015729583	0.30771	False
ENSG00000135317	SNX14	False	0.02122368873640749	0.39621	False
ENSG00000135318	NT5E	False	0.2279801950715198	0.12458	False
ENSG00000135324	MRAP2	False	0.05757364760864085	0.26076	False
ENSG00000135333	EPHA7	False	0.030845972750022724	0.24192	False
ENSG00000135336	ORC3	False	0.00018778661956059554	0.24999	False
ENSG00000135338	LCA5	False	0.10780848066557347	0.25657	False
ENSG00000135341	MAP3K7	False	0.491695841287772	0.12276	False
ENSG00000135355	GJA10	False	0.3777396858662772	0.090314	False
ENSG00000135362	PRR5L	False	0.43757528378890453	0.5017	False
ENSG00000135363	LMO2	False	0.24806070840567893	0.09192	False
ENSG00000135365	PHF21A	True	0.0016896859068544694	0.1049	False
ENSG00000135372	NAT10	False	0.2626525689270851	0.19199	False
ENSG00000135373	EHF	False	0.6545782581685866	0.43526	False
ENSG00000135374	ELF5	False	0.3812062931546085	0.39353	False
ENSG00000135378	PRRG4	False	0.6122683625615901	0.17513	False
ENSG00000135387	CAPRIN1	True	0.0008861102714136817	0.0031792	False
ENSG00000135390	ATP5MC2	False	0.24182989020680293	0.02417	False
ENSG00000135392	DNAJC14	False	0.06950762627717794	0.26274	False
ENSG00000135404	CD63	False	0.3424707372610882	0.11761	False
ENSG00000135406	PRPH	False	0.07068509474288105	0.053091	False
ENSG00000135407	AVIL	False	0.013803498906857942	0.051244	False
ENSG00000135409	AMHR2	False	0.4342145469291261	0.14884	False
ENSG00000135413	LACRT	False	0.555756154417639	0.17895	False
ENSG00000135414	GDF11	False	0.5545364507891197	0.28228	False
ENSG00000135423	GLS2	False	0.024797730718863802	0.091089	False
ENSG00000135424	ITGA7	False	0.044248557317164774	0.38799	False
ENSG00000135426	TESPA1	False	0.25326598947066625	0.46733	False
ENSG00000135436	FAM186B	False	0.09643275362386952	0.019514	False
ENSG00000135437	RDH5	False	0.2580444178206359	0.40792	False
ENSG00000135439	AGAP2	False	0.004839317343361428	0.24697	False
ENSG00000135443	KRT85	False	0.5450762248490634	0.48614	False
ENSG00000135446	CDK4	False	0.7490682734975123	0.23227	False
ENSG00000135447	PPP1R1A	False	0.34720743468792403	0.18307	False
ENSG00000135451	TROAP	False	0.3097038873419348	0.26475	False
ENSG00000135452	TSPAN31	False	0.15380922127508032	0.14838	False
ENSG00000135454	B4GALNT1	False	0.15455347030716926	0.25235	False
ENSG00000135457	TFCP2	False	0.024409266276392925	0.087181	False
ENSG00000135469	COQ10A	False	0.5170242039876485	0.11525	False
ENSG00000135472	FAIM2	False	0.00613274563476805	0.45366	False
ENSG00000135473	PAN2	False	0.0003343458007028867	0.43289	False
ENSG00000135476	ESPL1	False	0.04420178641976629	0.13374	False
ENSG00000135480	KRT7	False	0.0009369435117294395	0.18701	False
ENSG00000135482	ZC3H10	False	0.2720056184539943	0.057654	False
ENSG00000135486	HNRNPA1	False	0.5687792791307411	0.069703	False
ENSG00000135503	ACVR1B	False	0.4866363888175408	0.49518	False
ENSG00000135506	OS9	False	0.478296631387757	0.31969	False
ENSG00000135517	MIP	False	0.1487476073207325	0.2936	False
ENSG00000135519	KCNH3	False	0.2043951347060646	0.123	False
ENSG00000135521	LTV1	False	0.04582278627602993	0.09624	False
ENSG00000135525	MAP7	False	0.027784851232903113	0.011877	False
ENSG00000135535	CD164	False	0.0571685225516476	0.20071	False
ENSG00000135537	AFG1L	False	0.016517237190520645	0.021136	False
ENSG00000135540	NHSL1	False	0.38289880875043725	0.48173	False
ENSG00000135541	AHI1	False	0.19067855910877998	0.22604	False
ENSG00000135547	HEY2	False	0.11161545303712547	0.090378	False
ENSG00000135549	PKIB	False	0.5116883504134303	0.76206	False
ENSG00000135569	TAAR5	False	0.35631160383579286	0.11049	False
ENSG00000135577	NMBR	False	0.2876191849383087	0.358	False
ENSG00000135587	SMPD2	False	0.1759224678436973	0.037276	False
ENSG00000135596	MICAL1	False	0.01125919167854347	0.043854	False
ENSG00000135597	REPS1	False	0.12384612785178005	0.003859	False
ENSG00000135604	STX11	False	0.4347148022800218	0.15211	False
ENSG00000135605	TEC	False	0.14492488546584545	0.067171	False
ENSG00000135617	PRADC1	False	0.02627889170857678	0.047906	False
ENSG00000135622	SEMA4F	False	0.11482002936968377	0.34159	False
ENSG00000135624	CCT7	False	3.502893376556838e-07	0.51139	False
ENSG00000135631	RAB11FIP5	False	0.04193407021199643	0.20381	False
ENSG00000135632	SMYD5	False	0.24530275946461985	0.11109	False
ENSG00000135636	DYSF	False	0.2569302072587034	0.045799	False
ENSG00000135637	CCDC142	False	0.10125544759091072	0.0032622	False
ENSG00000135655	USP15	False	0.3798914262190261	0.22382	False
ENSG00000135677	GNS	False	0.33610883962271476	0.39477	False
ENSG00000135678	CPM	False	0.006751112548388809	0.072126	False
ENSG00000135679	MDM2	False	0.030625296092355227	0.49634	False
ENSG00000135686	KLHL36	False	0.5664919186083026	0.54472	False
ENSG00000135697	BCO1	False	0.27307814037482925	0.37698	False
ENSG00000135698	MPHOSPH6	False	0.050083687297265006	0.40998	False
ENSG00000135702	CHST5	False	0.21898508469964692		False
ENSG00000135709	KIAA0513	False	0.38115048777017474	0.41178	False
ENSG00000135720	DYNC1LI2	False	0.014642606241948406	0.032509	False
ENSG00000135722	FBXL8	False	0.4302692751111892	0.053654	False
ENSG00000135723	FHOD1	False	0.1566688828679792	0.1657	False
ENSG00000135736	CCDC102A	False	0.04221740387330466	0.17876	False
ENSG00000135740	SLC9A5	False	0.017838351531076158	0.57236	False
ENSG00000135749	PCNX2	False	0.061597990040663145	0.18388	False
ENSG00000135750	KCNK1	False	0.016928555886705596	0.049785	False
ENSG00000135763	URB2	False	0.04760366352912541	0.012867	False
ENSG00000135766	EGLN1	False	0.024636873287651368	0.020386	False
ENSG00000135773	CAPN9	False	0.17387837786713714	0.40367	False
ENSG00000135775	COG2	False	0.3994682537411684	0.18986	False
ENSG00000135776	ABCB10	False	0.0580280948356247	0.071593	False
ENSG00000135778	NTPCR	False	0.07239377601813635	0.32819	False
ENSG00000135801	TAF5L	False	0.33652806206858127	0.26691	False
ENSG00000135821	GLUL	True	0.00797613532543244	0.01407	False
ENSG00000135823	STX6	False	0.333762225870188	0.12832	False
ENSG00000135824	RGS8	False	0.28429897869984183	0.35706	False
ENSG00000135828	RNASEL	False	0.0028858741051083466	0.11454	False
ENSG00000135829	DHX9	True	0.13795718298887175	0.035774	False
ENSG00000135835	KIAA1614	False	0.11954370813294339	0.11887	False
ENSG00000135837	CEP350	False	0.0677378612262397	0.23877	False
ENSG00000135838	NPL	False	0.01649746458322252	0.31085	False
ENSG00000135845	PIGC	True	0.00936779445942788	0.13723	False
ENSG00000135862	LAMC1	False	0.03690653884695383	0.080364	False
ENSG00000135870	RC3H1	False	0.032202573518821054	0.10651	False
ENSG00000135898	GPR55	False	0.1101738111330384	0.5244	False
ENSG00000135899	SP110	False	0.07623933101059807	0.34802	False
ENSG00000135900	MRPL44	False	0.5889665379113056	0.58337	False
ENSG00000135902	CHRND	False	0.05864971487043344	0.37552	False
ENSG00000135903	PAX3	False	0.17287148652654422	0.05035	False
ENSG00000135905	DOCK10	False	0.602515189935691	0.35665	False
ENSG00000135912	TTLL4	False	0.13146415496640568	0.16614	False
ENSG00000135913	USP37	False	0.28222207646267927	0.50929	False
ENSG00000135914	HTR2B	False	0.01691845985573238	0.35372	False
ENSG00000135916	ITM2C	False	0.0980518744215587	0.014537	False
ENSG00000135917	SLC19A3	True	0.1095493928234714	0.34099	False
ENSG00000135919	SERPINE2	False	0.09663510698748771	0.23711	False
ENSG00000135924	DNAJB2	False	0.00686637730987104	0.41659	False
ENSG00000135925	WNT10A	False	0.13160729542821487	0.12365	False
ENSG00000135926	TMBIM1	False	0.3774746901882694	0.21377	False
ENSG00000135929	CYP27A1	True	0.06592272096897915	0.37818	False
ENSG00000135930	EIF4E2	False	0.008244378093003981	0.012129	False
ENSG00000135931	ARMC9	False	0.2129313238242409	0.15624	False
ENSG00000135932	CAB39	False	0.8331255726659282	0.50601	False
ENSG00000135940	COX5B	False	0.04543401610613138	0.18928	False
ENSG00000135945	REV1	False	0.014528161736846661	0.27272	False
ENSG00000135951	TSGA10	False	0.3294744679037743	0.17316	False
ENSG00000135953	MFSD9	False	0.017282532779728126	0.24101	False
ENSG00000135956	TMEM127	False	0.04522988799821589	0.19996	False
ENSG00000135960	EDAR	False	0.48136733036841806	0.071315	False
ENSG00000135966	TGFBRAP1	False	0.21617637872636325	0.73298	False
ENSG00000135968	GCC2	False	0.56780172938329	0.26761	False
ENSG00000135972	MRPS9	False	0.0956477681270262	0.043896	False
ENSG00000135973	GPR45	False	0.6511644807011726	0.14882	False
ENSG00000135974	C2orf49	False	0.5851163217037498	0.21725	False
ENSG00000135999	EPC2	False	0.3860473493813012	0.021927	False
ENSG00000136002	ARHGEF4	False	0.7633974141228437	0.1263	False
ENSG00000136003	ISCU	False	0.7522599139982291	0.55236	False
ENSG00000136010	ALDH1L2	False	0.00012631175435054052	0.65706	False
ENSG00000136011	STAB2	False	0.03982195457410681	0.24099	False
ENSG00000136014	USP44	False	0.19290646135479508	0.095351	False
ENSG00000136021	SCYL2	False	0.5376356110474055	0.27888	False
ENSG00000136026	CKAP4	False	0.16261709173083966	0.2556	False
ENSG00000136040	PLXNC1	True	0.0005525205362431248	0.15683	False
ENSG00000136044	APPL2	False	0.4732542419997745	0.26877	False
ENSG00000136045	PWP1	False	0.5554054938837765	0.24816	False
ENSG00000136048	DRAM1	False	0.2903959992314973	0.11159	False
ENSG00000136051	WASHC4	True	0.2742765304918961	0.090438	False
ENSG00000136052	SLC41A2	False	0.7781463506046657	0.56263	False
ENSG00000136059	VILL	False	0.21366857847570245	0.20342	False
ENSG00000136068	FLNB	False	0.21277881218919023	0.33373	False
ENSG00000136098	NEK3	False	0.23342874893588084	0.62133	False
ENSG00000136099	PCDH8	False	0.5348656111437764	0.28719	False
ENSG00000136100	VPS36	False	0.01726517299252212	0.59566	False
ENSG00000136104	RNASEH2B	True	0.1683853746154665	0.41528	False
ENSG00000136108	CKAP2	False	0.015606564560658457	0.20541	False
ENSG00000136110	CNMD	False	0.035666409001600854	0.52373	False
ENSG00000136111	TBC1D4	False	0.24657412251280206	0.14119	False
ENSG00000136114	THSD1	False	0.4627951453027591	0.47793	False
ENSG00000136122	BORA	False	0.08748131678858231	0.64556	False
ENSG00000136141	LRCH1	False	0.10145178180285865	0.16385	False
ENSG00000136143	SUCLA2	True	0.41362347210535355	0.28363	False
ENSG00000136144	RCBTB1	False	0.10017733812542387	0.027577	False
ENSG00000136146	MED4	False	0.4062813738026339	0.11331	False
ENSG00000136147	PHF11	False	0.3897482042090431	0.31966	False
ENSG00000136152	COG3	False	0.04626624154114249	0.48701	False
ENSG00000136153	LMO7	False	5.607879448633887e-06	0.32271	False
ENSG00000136155	SCEL	False	0.2580709356373695	0.029723	False
ENSG00000136156	ITM2B	False	0.1453381293187469	0.022667	False
ENSG00000136158	SPRY2	False	0.13704684438932196	0.17663	False
ENSG00000136159	NUDT15	False	0.03475411394669104	0.04149	False
ENSG00000136160	EDNRB	False	0.031086500919253045	0.0113	False
ENSG00000136161	RCBTB2	False	0.017443549486119862	0.66219	False
ENSG00000136167	LCP1	False	0.2838464946615357	0.29293	False
ENSG00000136169	SETDB2	False	0.7949033702905274	0.18482	False
ENSG00000136193	SCRN1	False	0.13068424767355924	0.73833	False
ENSG00000136197	C7orf25	False	0.3355741961727455	0.40638	False
ENSG00000136205	TNS3	False	0.2381868377746908	0.25082	False
ENSG00000136206	SPDYE1	False	0.06185374928486221	0.00033731	False
ENSG00000136213	CHST12	False	0.00620165156228263	0.68625	False
ENSG00000136231	IGF2BP3	False	0.5048861476285875	0.14675	False
ENSG00000136235	GPNMB	False	0.0793487296302401	0.040111	False
ENSG00000136240	KDELR2	False	7.139714162622826e-06	0.3345	False
ENSG00000136244	IL6	False	0.0002307218490154947	0.23898	False
ENSG00000136247	ZDHHC4	False	0.394799846528282	0.25029	False
ENSG00000136250	AOAH	False	0.25424950600998836	0.37828	False
ENSG00000136261	BZW2	False	0.3987465821327651	0.43681	False
ENSG00000136267	DGKB	False	0.0005130004234702771	0.11484	False
ENSG00000136270	TBRG4	False	0.06728086666996225	0.0635	False
ENSG00000136271	DDX56	False	0.10236894867319432	0.18903	False
ENSG00000136273	HUS1	False	0.35326323785378194	0.29742	False
ENSG00000136274	NACAD	False	0.045856629402487394	0.13622	False
ENSG00000136279	DBNL	False	0.4353873277352288	0.3262	False
ENSG00000136280	CCM2	True	0.1654338692316135	0.023417	False
ENSG00000136286	MYO1G	False	0.12283117845660842	0.37476	False
ENSG00000136295	TTYH3	False	0.5012484026554764		False
ENSG00000136297	MMD2	False	0.8424148507491563	0.38733	False
ENSG00000136305	CIDEB	False	0.11325906403373892	0.30565	False
ENSG00000136319	TTC5	True	0.17052469792040428	0.014059	False
ENSG00000136327	NKX2-8	False	0.08547118327657371		False
ENSG00000136352	NKX2-1	False	0.26594135286759557		False
ENSG00000136367	ZFHX2	False	0.02560254126876849	0.055881	False
ENSG00000136371	MTHFS	True	0.19876974143867313	0.11174	False
ENSG00000136378	ADAMTS7	False	0.0026341876353315236	0.033119	False
ENSG00000136379	ABHD17C	False	0.35188410081095306	0.029095	False
ENSG00000136381	IREB2	False	0.04523316566983665	0.24274	False
ENSG00000136404	TM6SF1	False	0.32635028732431315	0.4145	False
ENSG00000136425	CIB2	False	0.7448293587032548	0.54857	False
ENSG00000136436	CALCOCO2	False	0.18564021027199915	0.20071	False
ENSG00000136444	RSAD1	False	0.0668238869501738	0.44086	False
ENSG00000136448	NMT1	False	0.6093736218568166	0.2504	False
ENSG00000136451	VEZF1	False	0.6699694957904909	0.22782	False
ENSG00000136457	CHAD	False	0.20931469063620228	0.019803	False
ENSG00000136463	TACO1	False	0.028148668108527137	0.11061	False
ENSG00000136478	TEX2	False	0.02482296477859335	0.041984	False
ENSG00000136487	GH2	False	0.015587583943413304	0.27722	False
ENSG00000136488	CSH1	False	0.6707642139940606	0.097186	False
ENSG00000136490	LIMD2	False	0.22851340636322331	0.10623	False
ENSG00000136492	BRIP1	False	0.02298981397209138	0.10533	False
ENSG00000136504	KAT7	False	0.7510794303985748	0.19525	False
ENSG00000136514	RTP4	False	0.34749582255222217		False
ENSG00000136518	ACTL6A	False	0.23776946906883853	0.043166	False
ENSG00000136521	NDUFB5	False	0.6111881821426248	0.48491	False
ENSG00000136522	MRPL47	False	0.5260814840694358	0.6754	False
ENSG00000136527	TRA2B	True	0.007048623409663128	0.065383	False
ENSG00000136531	SCN2A	True	5.262158451235106e-06	0.00041556	False
ENSG00000136535	TBR1	False	0.32903892936627416	0.057183	False
ENSG00000136541	ERMN	False	0.4565529159606664	0.20334	False
ENSG00000136542	GALNT5	False	0.03267256662188061	0.047317	False
ENSG00000136546	SCN7A	False	0.19656697241580293	0.38302	False
ENSG00000136560	TANK	False	0.3127451138501987	0.33312	False
ENSG00000136573	BLK	False	0.34497806409418863	0.67685	False
ENSG00000136574	GATA4	False	0.257715362222025	0.24311	False
ENSG00000136603	SKIL	False	0.30697226472383826	0.16553	False
ENSG00000136630	HLX	False	0.7023590198392897	0.36123	False
ENSG00000136631	VPS45	False	0.4250025948953853	0.32995	False
ENSG00000136634	IL10	False	0.008282345623737149	0.064562	False
ENSG00000136636	KCTD3	True	0.06476763987752765	0.10712	False
ENSG00000136643	RPS6KC1	False	0.022820472985204395	0.3545	False
ENSG00000136688	IL36G	False	0.06338195793770192	0.44714	False
ENSG00000136689	IL1RN	False	0.7129722718328547	0.36282	False
ENSG00000136694	IL36A	False	0.4631705181115766	0.2789	False
ENSG00000136695	IL36RN	False	0.5057685015384654	0.23641	False
ENSG00000136696	IL36B	False	0.06508873520266456	0.028523	False
ENSG00000136697	IL1F10	False	0.4131244583209285	0.27156	False
ENSG00000136699	SMPD4	False	0.04618983074841307	0.017534	False
ENSG00000136709	WDR33	False	0.5744188307007099	0.44063	False
ENSG00000136710	CCDC115	False	0.1668611521484619	0.27327	False
ENSG00000136715	SAP130	False	0.3447744104284709	0.1672	False
ENSG00000136717	BIN1	False	0.3693090906279873	0.23338	False
ENSG00000136718	IMP4	False	0.13642771034078446	0.0099523	False
ENSG00000136720	HS6ST1	False	0.025612289482513904	0.0063706	False
ENSG00000136731	UGGT1	True	0.3939703461845374	0.4914	False
ENSG00000136732	GYPC	False	0.18653127764858804	0.013461	False
ENSG00000136738	STAM	False	0.005355807285569243	0.0021273	False
ENSG00000136750	GAD2	False	0.0335055590018664	0.00079421	False
ENSG00000136754	ABI1	False	0.14162479315828616		False
ENSG00000136758	YME1L1	False	0.6478539701222541	0.097414	False
ENSG00000136770	DNAJC1	False	0.32543112212387876	0.021942	False
ENSG00000136783	NIPSNAP3A	False	0.284044812609674	0.15652	False
ENSG00000136802	LRRC8A	False	0.4563525784496405	0.071274	False
ENSG00000136807	CDK9	False	0.4509047202629459	0.020153	False
ENSG00000136811	ODF2	False	0.11239190717996343	0.14738	False
ENSG00000136813	ECPAS	False	0.028989092594597254	0.28707	False
ENSG00000136816	TOR1B	False	0.2607842736472869	0.1677	False
ENSG00000136819	C9orf78	False	0.5507339134847113	0.70161	False
ENSG00000136824	SMC2	False	0.5052673753039673	0.095147	False
ENSG00000136826	KLF4	False	0.5333972594717624	0.29394	False
ENSG00000136827	TOR1A	False	0.5082635296948343	0.32458	False
ENSG00000136828	RALGPS1	False	0.17326909527313855	0.06195	False
ENSG00000136834	OR1J1	False	0.03325991776265015	0.10801	False
ENSG00000136839	OR13C9	False	0.05433614296072101		False
ENSG00000136840	ST6GALNAC4	False	0.094549369127537	0.46731	False
ENSG00000136842	TMOD1	False	0.11016074708000527	0.17107	False
ENSG00000136848	DAB2IP	False	0.3122730289327259	0.086657	False
ENSG00000136854	STXBP1	True	7.635633725627743e-11	2.2243e-05	True
ENSG00000136856	SLC2A8	False	0.09372241940678823	0.1676	False
ENSG00000136859	ANGPTL2	False	0.03692542823219792	0.004136	False
ENSG00000136861	CDK5RAP2	True	0.033340830111904224	0.036565	False
ENSG00000136866	ZFP37	False	0.44173434833588743	0.20576	False
ENSG00000136867	SLC31A2	False	0.16766342417436272	0.082389	False
ENSG00000136868	SLC31A1	False	0.4043241702433806	0.32993	False
ENSG00000136869	TLR4	False	0.006391064538254987	0.12865	False
ENSG00000136870	ZNF189	False	0.12597547758717545	0.386	False
ENSG00000136872	ALDOB	False	0.19890632742636105	0.38116	False
ENSG00000136874	STX17	False	0.20952028163606803	0.15089	False
ENSG00000136875	PRPF4	False	0.0007765727303580892	0.021595	False
ENSG00000136877	FPGS	False	0.24511679284897092	0.12515	False
ENSG00000136878	USP20	False	0.10168565372108158	0.55861	False
ENSG00000136881	BAAT	False	0.08863128206173711	0.20935	False
ENSG00000136883	KIF12	False	0.009370122956251583	0.050309	False
ENSG00000136891	TEX10	False	0.3531718678448171	0.27148	False
ENSG00000136895	GARNL3	False	0.5391377415442747	0.43564	False
ENSG00000136897	MRPL50	False	0.149198092319202	0.031602	False
ENSG00000136918	WDR38	False	0.005282000426380377	0.35183	False
ENSG00000136925	TSTD2	False	0.03398174662713133	0.39441	False
ENSG00000136928	GABBR2	True	0.09390084458658851	0.038061	False
ENSG00000136929	HEMGN	False	0.16422038789601695	0.1781	False
ENSG00000136930	PSMB7	False	0.06080147624076975	0.11698	False
ENSG00000136931	NR5A1	False	0.03274780174310016	0.084416	False
ENSG00000136932	TRMO	False	0.002871875882673521	0.2456	False
ENSG00000136933	RABEPK	False	0.15230485810591313	0.4795	False
ENSG00000136935	GOLGA1	False	0.1133978862414124	0.32596	False
ENSG00000136936	XPA	False	0.19066356280832297	0.016843	False
ENSG00000136937	NCBP1	False	0.6880018120358933	0.039455	False
ENSG00000136938	ANP32B	False	0.3947384468369909		False
ENSG00000136939	OR1L4	False	0.1801128935819142	0.0048135	False
ENSG00000136940	PDCL	False	0.4651190741424728	0.13652	False
ENSG00000136942	RPL35	False	0.4304679976305763	0.51098	False
ENSG00000136943	CTSV	False	0.12524767781634916	0.59885	False
ENSG00000136944	LMX1B	True	0.12616825184388591	0.09462	False
ENSG00000136960	ENPP2	False	0.09836239831106894	0.16627	False
ENSG00000136982	DSCC1	False	0.48823236256435465	0.16045	False
ENSG00000136986	DERL1	False	0.0030008307910055526	0.31725	False
ENSG00000136997	MYC	False	0.017044365859895737	0.1722	False
ENSG00000137033	IL33	False	0.06887677971501137	0.226	False
ENSG00000137038	DMAC1	False	0.04982769867672019	0.14198	False
ENSG00000137040	RANBP6	False	0.1437442017598431	0.20815	False
ENSG00000137054	POLR1E	False	0.011428906134864896	0.39246	False
ENSG00000137055	PLAA	True	0.08162161412211989	0.0055325	False
ENSG00000137070	IL11RA	False	0.15946939971276794	0.21228	False
ENSG00000137073	UBAP2	False	0.13734172047913526	0.18052	False
ENSG00000137074	APTX	False	0.09616333540444573	0.12656	False
ENSG00000137075	RNF38	False	0.16872717194971973		False
ENSG00000137076	TLN1	False	0.07854477693169006	0.020954	False
ENSG00000137077	CCL21	False	0.12427138599462748	0.13217	False
ENSG00000137078	SIT1	False	0.32590499972797327	0.30346	False
ENSG00000137080	IFNA21	False	0.3881904665109517	0.13693	False
ENSG00000137090	DMRT1	False	0.10776737645925986	0.082037	False
ENSG00000137094	DNAJB5	False	0.0081145880314432	0.11042	False
ENSG00000137098	SPAG8	False	0.10793834770984777	0.08436	False
ENSG00000137100	DCTN3	False	0.7453009734247031	0.4358	False
ENSG00000137101	CD72	False	0.06520432080205617	0.06932	False
ENSG00000137103	TMEM8B	False	0.011691523952200486	0.0054295	False
ENSG00000137106	GRHPR	False	0.26923574163594893	0.6449	False
ENSG00000137124	ALDH1B1	False	0.44761509481054573	0.58498	False
ENSG00000137133	HINT2	False	0.16083991401467987	0.39069	False
ENSG00000137135	ARHGEF39	False	0.1178893819405403	0.49927	False
ENSG00000137142	IGFBPL1	False	0.03806430570117119	0.105	False
ENSG00000137145	DENND4C	False	0.24108709078376306	0.25236	False
ENSG00000137154	RPS6	False	0.3236740785839919		False
ENSG00000137161	CNPY3	True	0.41576990104098077	0.5241	False
ENSG00000137166	FOXP4	False	0.016970089842338054	0.11268	False
ENSG00000137168	PPIL1	True	0.0012305419800622281	0.0057706	False
ENSG00000137171	KLC4	False	0.5619762320917057	0.22531	False
ENSG00000137177	KIF13A	False	0.02154342641782214	0.52894	False
ENSG00000137185	ZSCAN9	False	0.1981807256252716	0.44359	False
ENSG00000137193	PIM1	False	0.5522754989333193	0.45846	False
ENSG00000137198	GMPR	False	0.05202049131288016	0.053789	False
ENSG00000137200	CMTR1	False	0.22861759640982082	0.054446	False
ENSG00000137203	TFAP2A	False	0.05757300642173617	0.13447	False
ENSG00000137204	SLC22A7	False	0.41635783558438166	0.34487	False
ENSG00000137207	YIPF3	False	0.2416231510757151	0.72207	False
ENSG00000137210	TMEM14B	False	0.011818568345784134	0.054641	False
ENSG00000137216	TMEM63B	True	0.21056704737306484	0.096707	False
ENSG00000137218	FRS3	False	0.283936373371305	0.29491	False
ENSG00000137221	TJAP1	False	0.03615910932436655	0.28385	False
ENSG00000137225	CAPN11	False	0.11920900387702256	0.09141	False
ENSG00000137251	TINAG	False	0.1997914742085678	0.13635	False
ENSG00000137252	HCRTR2	False	0.3678226579839222	0.44497	False
ENSG00000137261	KIAA0319	False	0.0206402668322973	0.030734	False
ENSG00000137265	IRF4	False	0.23210928323154714	0.095657	False
ENSG00000137266	SLC22A23	False	0.08774153958371875	0.13546	False
ENSG00000137269	LRRC1	False	0.08972530062072888	0.32134	False
ENSG00000137270	GCM1	False	0.05761968169572301	0.19675	False
ENSG00000137273	FOXF2	False	0.026824911510276304	0.44882	False
ENSG00000137274	BPHL	False	0.03073658279542454	0.12144	False
ENSG00000137275	RIPK1	False	0.11315815171038109	0.31656	False
ENSG00000137288	UQCC2	False	0.5603680600548903	0.33129	False
ENSG00000137309	HMGA1	False	0.4650102469166495	0.69919	False
ENSG00000137310	TCF19	False	0.27464739043836656	0.1265	False
ENSG00000137312	FLOT1	False	0.13062381616485746	0.14747	False
ENSG00000137337	MDC1	False	0.08275149394169701	0.2856	False
ENSG00000137338	PGBD1	False	0.43667882606770136	0.034749	False
ENSG00000137343	ATAT1	False	0.06845017797452149	0.28943	False
ENSG00000137364	TPMT	False	0.024324189104997826	0.41037	False
ENSG00000137393	RNF144B	False	0.32496807233191394	0.20634	False
ENSG00000137404	NRM	False	0.35324608858358536	0.037843	False
ENSG00000137409	MTCH1	False	0.1812969671196217	0.1269	False
ENSG00000137411	VARS2	True	0.49632482750463935	0.53429	False
ENSG00000137413	TAF8	True	0.27234538711192485	0.50443	False
ENSG00000137414	FAM8A1	False	0.07831375136751424	0.12497	False
ENSG00000137434	C6orf52	False	0.2765592378575827	0.1845	False
ENSG00000137440	FGFBP1	False	0.16139782466680022	0.33793	False
ENSG00000137441	FGFBP2	False	0.357578590134216	0.1331	False
ENSG00000137449	CPEB2	False	0.029395440986056124	0.048322	False
ENSG00000137460	FHDC1	False	0.09748871609643127	0.22885	False
ENSG00000137462	TLR2	False	0.07441984184769708	0.55094	False
ENSG00000137463	MGARP	False	0.3352530620663237	0.26557	False
ENSG00000137473	TTC29	False	0.06201773796330872	0.024845	False
ENSG00000137474	MYO7A	False	0.0011111919928367406	0.30054	False
ENSG00000137478	FCHSD2	False	0.2549491292458607	0.15434	False
ENSG00000137486	ARRB1	False	0.15518231388645506	0.038735	False
ENSG00000137491	SLCO2B1	False	0.4448888865471632	0.30117	False
ENSG00000137492	THAP12	False	0.32276350774987	0.037517	False
ENSG00000137494	ANKRD42	False	0.04477203750549202	0.27366	False
ENSG00000137496	IL18BP	False	0.10102473369024322	0.47283	False
ENSG00000137497	NUMA1	False	0.004795426745441043	0.33992	False
ENSG00000137500	CCDC90B	False	0.10694064384836503	0.0030451	False
ENSG00000137501	SYTL2	False	0.041924340861883076	0.067548	False
ENSG00000137502	RAB30	False	0.8215390789840813	0.3818	False
ENSG00000137504	CREBZF	False	0.026561965221063664	0.06999	False
ENSG00000137507	LRRC32	False	0.29981198808085	0.26559	False
ENSG00000137509	PRCP	False	0.43967663992222505	0.31199	False
ENSG00000137513	NARS2	True	0.08311145236807191	0.61004	False
ENSG00000137522	RNF121	False	0.2159355844646556	0.27846	False
ENSG00000137547	MRPL15	False	0.11757357074755852	0.096097	False
ENSG00000137558	PI15	False	0.2735347168863454	0.025887	False
ENSG00000137561	TTPA	False	0.04938349901797647	0.42225	False
ENSG00000137563	GGH	False	0.20854478671691284	0.70986	False
ENSG00000137571	SLCO5A1	False	0.3848418072909535	0.28033	False
ENSG00000137573	SULF1	False	0.03310126462332841	0.082411	False
ENSG00000137574	TGS1	False	0.23625429936951947	0.047253	False
ENSG00000137575	SDCBP	False	0.4874107631483269	0.052707	False
ENSG00000137601	NEK1	False	0.04674696707181867	0.02419	False
ENSG00000137628	DDX60	False	0.003817405833483302	0.42254	False
ENSG00000137634	NXPE4	False	0.1200093619100547	0.41211	False
ENSG00000137642	SORL1	False	0.018636674157737697	0.64405	False
ENSG00000137648	TMPRSS4	False	0.027786018845795818	0.30054	False
ENSG00000137656	BUD13	False	0.30812271475946457	0.23804	False
ENSG00000137672	TRPC6	False	0.07979427267433259	0.076306	False
ENSG00000137673	MMP7	False	0.33098151296010414	0.59033	False
ENSG00000137674	MMP20	False	0.1311028777796157	0.55762	False
ENSG00000137675	MMP27	False	0.021426359189018942	0.13441	False
ENSG00000137691	CFAP300	False	0.06725338433570473	0.13374	False
ENSG00000137693	YAP1	False	0.024589513954163093		False
ENSG00000137699	TRIM29	False	0.0022284404841873017	0.030413	False
ENSG00000137707	BTG4	False	0.5138766388254231	0.1672	False
ENSG00000137709	POU2F3	False	0.20145655974268384	0.026924	False
ENSG00000137710	RDX	False	0.03639131534163975	0.19677	False
ENSG00000137713	PPP2R1B	False	0.30780769796395974	0.0046488	False
ENSG00000137726	FXYD6	False	0.8525104198575978	0.80931	False
ENSG00000137727	ARHGAP20	False	0.2844645077565938	0.27546	False
ENSG00000137745	MMP13	False	0.002096425867870854	0.076206	False
ENSG00000137747	TMPRSS13	False	0.06648719965796134	0.3383	False
ENSG00000137752	CASP1	False	0.15845523412726734	0.16979	False
ENSG00000137757	CASP5	False	0.047285114067367205	0.045408	False
ENSG00000137760	ALKBH8	True	0.0053200617648396405	0.0037229	False
ENSG00000137764	MAP2K5	False	0.45141436714206795	0.12611	False
ENSG00000137766	UNC13C	False	0.46976591293902525	0.35842	False
ENSG00000137767	SQOR	False	0.2802972676299527	0.13048	False
ENSG00000137770	CTDSPL2	False	0.06375241457062465	0.26699	False
ENSG00000137776	SLTM	False	0.1855314541383855	0.092544	False
ENSG00000137801	THBS1	False	0.27598238748562404	0.38993	False
ENSG00000137802	MAPKBP1	False	0.054499974741302824	0.037027	False
ENSG00000137804	NUSAP1	False	0.14222076534145622	0.034362	False
ENSG00000137806	NDUFAF1	False	0.4984919237128429	0.17574	False
ENSG00000137807	KIF23	False	0.7427744056710779	0.40059	False
ENSG00000137809	ITGA11	False	0.12703165215717666	0.099666	False
ENSG00000137812	KNL1	False	0.3078391999354143	0.06413	False
ENSG00000137815	RTF1	False	0.17198758037073805	0.054505	False
ENSG00000137817	PARP6	True	0.0045641752987902965	0.059743	False
ENSG00000137818	RPLP1	False	0.21692395545871795	0.27421	False
ENSG00000137819	PAQR5	False	0.5139272833306342	0.17828	False
ENSG00000137821	LRRC49	False	0.6518856545649092	0.36557	False
ENSG00000137822	TUBGCP4	False	0.3237208733295152	0.023127	False
ENSG00000137824	RMDN3	False	0.5781868917911781	0.5767	False
ENSG00000137825	ITPKA	False	0.01833037377353144	0.1533	False
ENSG00000137831	UACA	False	0.1900933355373505	0.4429	False
ENSG00000137834	SMAD6	False	0.24679297132295647	0.24743	False
ENSG00000137841	PLCB2	False	0.07599317387360963	0.011264	False
ENSG00000137842	TMEM62	False	0.2961426749242769	0.17706	False
ENSG00000137845	ADAM10	False	0.030005064903264732	0.21018	False
ENSG00000137857	DUOX1	False	0.49916068938713276	0.37175	False
ENSG00000137860	SLC28A2	False	0.29534606546805603	0.26614	False
ENSG00000137868	STRA6	False	0.16076084110647118	0.095521	False
ENSG00000137869	CYP19A1	False	0.5629772065177672	0.12912	False
ENSG00000137871	ZNF280D	False	0.05061847415960769	0.0014381	False
ENSG00000137872	SEMA6D	False	0.4309477550092953	0.0067977	False
ENSG00000137875	BCL2L10	False	0.384232410616627	0.39158	False
ENSG00000137876	RSL24D1	False	0.5552326922036386		False
ENSG00000137877	SPTBN5	False	0.01076498429307304	0.32597	False
ENSG00000137936	BCAR3	False	0.45658541165945987	0.27839	False
ENSG00000137941	TTLL7	False	4.352203873791801e-05	0.20434	False
ENSG00000137942	FNBP1L	False	0.3580782892380226	0.49749	False
ENSG00000137944	KYAT3	False	0.09911469309150037	0.044645	False
ENSG00000137947	GTF2B	False	0.35333036638686527	0.077456	False
ENSG00000137948	BRDT	False	0.007307164083065589	0.12577	False
ENSG00000137955	RABGGTB	False	0.05828387727555621	0.14105	False
ENSG00000137959	IFI44L	False	0.010213892241157606	0.13165	False
ENSG00000137960	GIPC2	False	0.053150123830810074	0.8925	False
ENSG00000137962	ARHGAP29	False	0.03373827889928424	0.36988	False
ENSG00000137965	IFI44	False	0.06197134406678918	0.082346	False
ENSG00000137968	SLC44A5	False	0.2580087118458594	0.38307	False
ENSG00000137975	CLCA2	False	0.33776149967251645	0.60123	False
ENSG00000137976	DNASE2B	False	0.010898887670179647	0.088153	False
ENSG00000137992	DBT	True	0.023090974299439328	0.23377	False
ENSG00000137996	RTCA	False	0.41975637956926104	0.14402	False
ENSG00000138002	IFT172	False	0.09625297179315748	0.063805	False
ENSG00000138018	SELENOI	False	0.45270852707558984		False
ENSG00000138028	CGREF1	False	0.10370938180712838	0.020165	False
ENSG00000138029	HADHB	False	0.09548623171227993	0.28593	False
ENSG00000138030	KHK	False	0.30000999189638206	0.36425	False
ENSG00000138031	ADCY3	False	0.12265716367279836	0.28238	False
ENSG00000138032	PPM1B	False	0.045803100310968466	0.089753	False
ENSG00000138035	PNPT1	True	0.7001328967970328	0.18087	False
ENSG00000138036	DYNC2LI1	False	0.01289761340711307	0.27778	False
ENSG00000138039	LHCGR	False	0.04435369017977394	0.21364	False
ENSG00000138050	THUMPD2	False	0.6881933403389342	0.38817	False
ENSG00000138061	CYP1B1	False	0.15179043070029566	0.37848	False
ENSG00000138068	SULT6B1	False	0.1543850584686083	0.059743	False
ENSG00000138071	ACTR2	False	0.12468496564930266	0.44093	False
ENSG00000138073	PREB	False	0.024718954419976655	0.10045	False
ENSG00000138074	SLC5A6	True	0.008008317917066146	0.49352	False
ENSG00000138075	ABCG5	False	0.04814581685214545	0.22163	False
ENSG00000138078	PREPL	False	0.1819030333572777	0.041319	False
ENSG00000138079	SLC3A1	False	0.38493356285692326	0.095227	False
ENSG00000138080	EMILIN1	False	0.0004975461890894454	0.10518	False
ENSG00000138081	FBXO11	True	0.00755009667738909	0.12519	False
ENSG00000138083	SIX3	True	0.22616577593404238	0.01078	False
ENSG00000138085	ATRAID	False	0.0851594485214586	0.14962	False
ENSG00000138092	CENPO	False	0.17221956165893748	0.099843	False
ENSG00000138095	LRPPRC	True	0.040690081405299235	0.21043	False
ENSG00000138100	TRIM54	False	0.11271178031913716	0.68453	False
ENSG00000138101	DTNB	False	0.00805332848555047	0.0067364	False
ENSG00000138107	ACTR1A	False	0.05131838534279397	0.026926	False
ENSG00000138109	CYP2C9	False	0.023037655309475012	0.77282	False
ENSG00000138111	MFSD13A	False	0.014593753653325393	0.45925	False
ENSG00000138115	CYP2C8	False	0.2979176492005923	0.15776	False
ENSG00000138119	MYOF	False	0.075453116179937	0.22787	False
ENSG00000138131	LOXL4	False	0.05233875781597929	0.044285	False
ENSG00000138134	STAMBPL1	False	0.199672262688456	0.21596	False
ENSG00000138135	CH25H	False	0.0438452792262136	0.034759	False
ENSG00000138136	LBX1	False	0.2401526205982136	0.2669	False
ENSG00000138138	ATAD1	True	0.2272123377752631	0.27975	False
ENSG00000138152	BTBD16	False	0.026303453851544572	0.00045899	False
ENSG00000138160	KIF11	False	0.03681533814788004	0.11755	False
ENSG00000138161	CUZD1	False	0.021740272884246944	0.21105	False
ENSG00000138162	TACC2	False	0.014340039549556382	0.066288	False
ENSG00000138166	DUSP5	False	0.11089374383117115	0.11202	False
ENSG00000138172	CALHM2	False	0.001715867177065664	0.10486	False
ENSG00000138175	ARL3	False	0.37780884774862955	0.2698	False
ENSG00000138180	CEP55	False	0.6077422712781696	0.33002	False
ENSG00000138182	KIF20B	False	0.28295467028342003	0.069854	False
ENSG00000138185	ENTPD1	False	0.051386447925795005	0.0021421	False
ENSG00000138190	EXOC6	False	0.19771487765482815	0.53175	False
ENSG00000138193	PLCE1	False	0.06280190796299147	0.29699	False
ENSG00000138207	RBP4	False	0.039340994955768864	0.094061	False
ENSG00000138231	DBR1	False	0.35479543172118394	0.18286	False
ENSG00000138246	DNAJC13	False	0.3679789064825201	0.10496	False
ENSG00000138271	GPR87	False	0.07749792904288405	0.091058	False
ENSG00000138279	ANXA7	False	0.5473896489309351	0.1556	False
ENSG00000138286	FAM149B1	False	0.14338413895480193	0.41914	False
ENSG00000138303	ASCC1	False	0.31271593400023356	0.087057	False
ENSG00000138308	PLA2G12B	False	0.2706037887773974	0.42533	False
ENSG00000138311	ZNF365	False	0.013426615739847299	0.047269	False
ENSG00000138315	OIT3	False	0.3077383105672471	0.38869	False
ENSG00000138316	ADAMTS14	False	0.1682363069148896	0.17561	False
ENSG00000138326	RPS24	False	0.282166525295823	0.035102	False
ENSG00000138336	TET1	False	0.23506344436985524	0.27957	False
ENSG00000138346	DNA2	False	0.18491048028340218	0.071587	False
ENSG00000138347	MYPN	False	0.4487072803435501	0.073766	False
ENSG00000138356	AOX1	False	0.360465159063894	0.35086	False
ENSG00000138363	ATIC	False	0.13147714678511113	0.38364	False
ENSG00000138375	SMARCAL1	False	0.005424011862393861	0.25306	False
ENSG00000138376	BARD1	False	0.5612879289948374	0.43936	False
ENSG00000138378	STAT4	False	0.3936233485405929	0.08433	False
ENSG00000138379	MSTN	False	0.45940457635151555	0.34288	False
ENSG00000138380	CARF	False	0.10922455717852504	0.53004	False
ENSG00000138381	ASNSD1	False	0.5302227728347298	0.58238	False
ENSG00000138382	METTL5	False	0.07650268598454095	0.76578	False
ENSG00000138385	SSB	False	0.6983361344377188	0.4808	False
ENSG00000138386	NAB1	False	0.4842613614854715	0.55818	False
ENSG00000138395	CDK15	False	0.5492335354509026	0.21779	False
ENSG00000138398	PPIG	False	0.06715725290831605	0.077301	False
ENSG00000138399	FASTKD1	False	0.4436752889321841	0.21095	False
ENSG00000138400	MDH1B	False	0.0019674628474017066	0.024782	False
ENSG00000138411	HECW2	True	0.0180930448101723	0.22762	False
ENSG00000138413	IDH1	False	0.517725809273029	0.18397	False
ENSG00000138430	OLA1	False	0.21406583295407824	0.26717	False
ENSG00000138433	CIR1	False	0.49515887788401935	0.28476	False
ENSG00000138434	ITPRID2	False	0.8828589588117487	0.17832	False
ENSG00000138435	CHRNA1	False	0.035878679421480354	0.014686	False
ENSG00000138439	FAM117B	False	0.14883691984688197	0.025199	False
ENSG00000138442	WDR12	False	0.029185045236879478	0.048295	False
ENSG00000138443	ABI2	False	0.07130328634369963	0.11598	False
ENSG00000138448	ITGAV	False	0.25176919130827186	0.12911	False
ENSG00000138449	SLC40A1	False	0.3783023922842392	0.41737	False
ENSG00000138459	SLC35A5	False	0.3292775044685651	0.53349	False
ENSG00000138468	SENP7	False	0.09446826615933633	0.51162	False
ENSG00000138472	GUCA1C	False	0.012033487452574286	0.092848	False
ENSG00000138483	CCDC54	False	0.004684668199865494	0.48833	False
ENSG00000138496	PARP9	False	0.004570614753695841	0.053309	False
ENSG00000138587	MNS1	False	0.19707222255345375	0.21694	False
ENSG00000138592	USP8	False	0.06704712401505321	0.023185	False
ENSG00000138593	SECISBP2L	False	0.35610104913431223	0.60322	False
ENSG00000138594	TMOD3	False	0.234114754819145	0.05809	False
ENSG00000138600	SPPL2A	False	0.7502569468112329	0.063344	False
ENSG00000138604	GLCE	False	0.17099995737718823	0.31987	False
ENSG00000138606	SHF	False	0.04624519570652272	0.27806	False
ENSG00000138613	APH1B	False	0.3077365520560736	0.24179	False
ENSG00000138614	INTS14	False	0.2148666211570453	0.251	False
ENSG00000138615	CILP	False	0.003411424727316603	0.20002	False
ENSG00000138617	PARP16	False	0.312047317450094	0.32156	False
ENSG00000138621	PPCDC	False	0.7570336251935543	0.42157	False
ENSG00000138622	HCN4	False	0.29194142551864494	0.12143	False
ENSG00000138623	SEMA7A	False	0.3381055822681003	0.31766	False
ENSG00000138629	UBL7	False	0.22224120587630422	0.44834	False
ENSG00000138639	ARHGAP24	False	0.21004543759118194	0.19498	False
ENSG00000138640	FAM13A	False	0.4128577360920991	0.53929	False
ENSG00000138641	HERC3	False	0.6648772477172344	0.087205	False
ENSG00000138642	HERC6	False	0.0014802186915569555	0.16109	False
ENSG00000138646	HERC5	False	0.06237292533390027	0.014551	False
ENSG00000138650	PCDH10	False	0.5296765902646595	0.2521	False
ENSG00000138653	NDST4	False	0.04860403476022613	0.045202	False
ENSG00000138658	ZGRF1	False	0.012657674095713091	0.057382	False
ENSG00000138660	AP1AR	False	0.3714019430820332	0.028594	False
ENSG00000138663	COPS4	False	0.9261637777381757	0.33492	False
ENSG00000138668	HNRNPD	False	0.005169190696461144	0.52548	False
ENSG00000138669	PRKG2	False	0.1453589809192121	0.049399	False
ENSG00000138670	RASGEF1B	False	0.5795060910856251	0.13804	False
ENSG00000138674	SEC31A	False	0.09611768547029845	0.4156	False
ENSG00000138675	FGF5	False	0.1741010073638478	0.36714	False
ENSG00000138678	GPAT3	False	0.08182919771342727	0.00072619	False
ENSG00000138684	IL21	False	0.6105453038639421	0.66021	False
ENSG00000138685	FGF2	False	0.17417758251748136	0.29277	False
ENSG00000138686	BBS7	False	0.4622456822491936	0.14448	False
ENSG00000138696	BMPR1B	False	0.31143646516239215	0.091783	False
ENSG00000138698	RAP1GDS1	False	0.08769245862000224	0.44549	False
ENSG00000138709	LARP1B	False	0.09304516828891407	0.41954	False
ENSG00000138722	MMRN1	False	0.032260624216863217	0.095617	False
ENSG00000138735	PDE5A	False	0.4611690781073742	0.2395	False
ENSG00000138738	PRDM5	False	0.4682306636912231	0.54452	False
ENSG00000138741	TRPC3	False	0.2756546179511821	0.4341	False
ENSG00000138744	NAAA	False	0.0916987472208692	0.15259	False
ENSG00000138750	NUP54	False	0.16201590984303407	0.49518	False
ENSG00000138756	BMP2K	False	0.07725341071370821	0.1065	False
ENSG00000138757	G3BP2	False	0.060339719989967636	0.13741	False
ENSG00000138759	FRAS1	False	0.0029980325603981943	0.45625	False
ENSG00000138760	SCARB2	True	0.21449023050494787	0.3571	False
ENSG00000138764	CCNG2	False	0.10876490205455788	0.54354	False
ENSG00000138768	USO1	False	0.11564776639677896	0.032473	False
ENSG00000138769	CDKL2	True	0.4602976804130725	0.52234	False
ENSG00000138771	SHROOM3	False	0.01016562584919377	0.16453	False
ENSG00000138772	ANXA3	False	0.029195060022983364	0.54803	False
ENSG00000138777	PPA2	False	0.1665472121214244	0.20581	False
ENSG00000138778	CENPE	False	0.028484418001430804	0.012609	False
ENSG00000138780	GSTCD	False	0.056946314063918535	0.54205	False
ENSG00000138785	INTS12	False	0.14230355201913222	0.10345	False
ENSG00000138792	ENPEP	False	0.04435991029891887	0.0058287	False
ENSG00000138794	CASP6	False	0.5263915591627877	0.11711	False
ENSG00000138795	LEF1	False	0.41167546783559655	0.12553	False
ENSG00000138796	HADH	False	0.24128514156652367	0.1388	False
ENSG00000138798	EGF	False	1.6876671210085464e-06	0.27104	False
ENSG00000138801	PAPSS1	False	0.0036631868670889854	0.39156	False
ENSG00000138802	SEC24B	False	0.48537829410649325	0.3608	False
ENSG00000138813	C4orf17	False	0.048491223611135253	0.5124	False
ENSG00000138814	PPP3CA	True	0.003997597005067423	0.028662	False
ENSG00000138821	SLC39A8	True	0.05446470097180559		False
ENSG00000138823	MTTP	False	0.11855994373931293	0.23274	False
ENSG00000138829	FBN2	False	0.2657370507723267	0.4422	False
ENSG00000138834	MAPK8IP3	False	0.48480504295551197	0.067471	False
ENSG00000138835	RGS3	False	0.33936743437592176	0.36468	False
ENSG00000138867	GUCD1	False	0.4258709555332729	0.12662	False
ENSG00000138942	RNF185	False	0.4625079403380358	0.12355	False
ENSG00000138944	SHISAL1	False	0.10283748620770593	0.35329	False
ENSG00000138964	PARVG	False	0.017928411377215264	0.63455	False
ENSG00000139044	B4GALNT3	False	0.14417619281881514	0.024419	False
ENSG00000139055	ERP27	False	0.1268935214944295	0.55409	False
ENSG00000139083	ETV6	False	0.05430799320585623	0.20267	False
ENSG00000139116	KIF21A	False	0.19702300211794782	0.26637	False
ENSG00000139117	CPNE8	False	0.5654576938276841	0.1766	False
ENSG00000139131	YARS2	False	0.15915254927099468	0.45557	False
ENSG00000139132	FGD4	False	0.02650000073182322	0.18364	False
ENSG00000139133	ALG10	False	0.7537367668941866	0.30163	False
ENSG00000139144	PIK3C2G	False	0.23340298588628733	0.35307	False
ENSG00000139146	SINHCAF	False	0.5861463581674439	0.56104	False
ENSG00000139151	PLCZ1	False	0.5496230254171861	0.11017	False
ENSG00000139154	AEBP2	False	0.13836734095453837	0.30693	False
ENSG00000139155	SLCO1C1	False	0.1319843556498481	0.25693	False
ENSG00000139160	ETFBKMT	False	0.4449230705132793	0.27541	False
ENSG00000139168	ZCRB1	False	0.046300373535181724	0.029547	False
ENSG00000139173	TMEM117	False	0.16913785079544993	0.047778	False
ENSG00000139174	PRICKLE1	False	0.337716492247834	0.22774	False
ENSG00000139178	C1RL	False	0.039259790935493366	0.064981	False
ENSG00000139182	CLSTN3	False	0.20831606263802063	0.41398	False
ENSG00000139187	KLRG1	False	0.0050384876663034685	0.10315	False
ENSG00000139190	VAMP1	False	0.5100549537843536	0.31656	False
ENSG00000139192	TAPBPL	False	0.2213833309616363	0.2168	False
ENSG00000139193	CD27	False	0.01586731268055851	0.40132	False
ENSG00000139194	RBP5	False	0.16017749325724367	0.19211	False
ENSG00000139197	PEX5	True	0.18333327454090131	0.54494	False
ENSG00000139200	PIANP	False	0.2569197527539122		False
ENSG00000139209	SLC38A4	False	0.3238378108164928	0.47883	False
ENSG00000139211	AMIGO2	False	0.6202018299265272	0.65121	False
ENSG00000139218	SCAF11	False	0.29135898888272643	0.055058	False
ENSG00000139219	COL2A1	False	0.22784728543675106	0.33572	False
ENSG00000139220	PPFIA2	False	0.18626476439304476	0.086287	False
ENSG00000139223	ANP32D	False	0.3358850678399451	0.1848	False
ENSG00000139233	LLPH	False	0.011626914398556334	0.34235	False
ENSG00000139263	LRIG3	False	0.03216183771001363	0.091409	False
ENSG00000139269	INHBE	False	0.06795757470718282	0.65091	False
ENSG00000139278	GLIPR1	False	0.006614574499868747	0.037364	False
ENSG00000139287	TPH2	False	0.2383205569728028	0.57284	False
ENSG00000139289	PHLDA1	False	0.119882517176222	0.11433	False
ENSG00000139291	TMEM19	False	0.170356973338588	0.42961	False
ENSG00000139292	LGR5	False	0.28769597520328766	0.094896	False
ENSG00000139304	PTPRQ	False	0.012144140939281435	0.091164	False
ENSG00000139318	DUSP6	False	0.27254801464459105	0.040355	False
ENSG00000139323	POC1B	False	0.10241734002639259	0.054366	False
ENSG00000139324	TMTC3	True	0.04051067830338525	0.025856	False
ENSG00000139329	LUM	False	0.33032179041837656	0.2268	False
ENSG00000139330	KERA	False	0.01966431238540655	0.17022	False
ENSG00000139344	AMDHD1	False	0.28187563040679053	0.16115	False
ENSG00000139350	NEDD1	False	0.3239140774534369	0.15983	False
ENSG00000139351	SYCP3	False	0.222823636658214	0.13332	False
ENSG00000139352	ASCL1	False	0.03115049588021598	0.4323	False
ENSG00000139354	GAS2L3	False	0.018806660755117936	0.32297	False
ENSG00000139364	TMEM132B	False	0.11331560877849167	0.034885	False
ENSG00000139370	SLC15A4	False	0.05295310174209797	0.014265	False
ENSG00000139405	RITA1	False	0.16027706978128953	0.14564	False
ENSG00000139410	SDSL	False	0.01406095139733748	0.23962	False
ENSG00000139428	MMAB	False	0.007003230439485337	0.10997	False
ENSG00000139433	GLTP	False	0.11970592716821907	0.3152	False
ENSG00000139436	GIT2	False	0.1962015917957713	0.046128	False
ENSG00000139437	TCHP	False	0.10994349793150114	0.091032	False
ENSG00000139438	FAM222A	False	0.5816149034217722		False
ENSG00000139445	FOXN4	False	0.09585084866939986	0.070411	False
ENSG00000139496	NUP58	False	0.28123505478034583	0.17915	False
ENSG00000139505	MTMR6	False	0.022223803884307506	0.021617	False
ENSG00000139508	SLC46A3	False	0.2545317892843729	0.33906	False
ENSG00000139514	SLC7A1	False	0.15963541256754846	0.027456	False
ENSG00000139515	PDX1	False	0.24532772756547827	0.023194	False
ENSG00000139517	LNX2	False	0.21070114378933097	0.33778	False
ENSG00000139531	SUOX	True	0.13228841856291135	0.049194	False
ENSG00000139537	CCDC65	False	0.25541370194027596	0.55647	False
ENSG00000139540	SLC39A5	False	0.17826232062733846	0.13833	False
ENSG00000139546	TARBP2	False	0.5994895940858764	0.03322	False
ENSG00000139547	RDH16	False	0.43603530779956046	0.29734	False
ENSG00000139549	DHH	False	0.6836442096798125	0.094843	False
ENSG00000139567	ACVRL1	False	0.024092312259157422	0.34719	False
ENSG00000139572	GPR84	False	0.1264490578220154	0.070868	False
ENSG00000139574	NPFF	False	0.1763562330396135	0.085605	False
ENSG00000139579	NABP2	False	0.2280876679387367	0.085253	False
ENSG00000139597	N4BP2L1	False	0.08163881051094221	0.026956	False
ENSG00000139610	CELA1	False	0.4021256623635885	0.1584	False
ENSG00000139613	SMARCC2	True	0.03368326155743983	0.15276	False
ENSG00000139618	BRCA2	False	0.011693912213863813	0.24276	False
ENSG00000139620	KANSL2	False	0.004003117026944015	0.056935	False
ENSG00000139624	CERS5	False	0.5987726800070299	0.45982	False
ENSG00000139625	MAP3K12	False	0.5447118856403559	0.19238	False
ENSG00000139626	ITGB7	False	0.5392071456171894	0.035194	False
ENSG00000139629	GALNT6	False	0.2020284882617793	0.026692	False
ENSG00000139631	CSAD	False	0.16953367862966512	0.1879	False
ENSG00000139636	LMBR1L	False	0.019452611492748625	0.055499	False
ENSG00000139641	ESYT1	False	0.278559775978304	0.3927	False
ENSG00000139644	TMBIM6	False	0.011770333021467187	0.48026	False
ENSG00000139645	ANKRD52	False	0.7943843730779827	0.19264	False
ENSG00000139648	KRT71	False	0.08489661724825706	0.044499	False
ENSG00000139651	ZNF740	False	0.301411393718601	0.39106	False
ENSG00000139668	WDFY2	False	0.18065258226352796	0.3023	False
ENSG00000139675	HNRNPA1L2	False	0.009630289928821789	0.21946	False
ENSG00000139679	LPAR6	False	0.20464654048495962	0.44454	False
ENSG00000139684	ESD	False	0.03965833885299396	0.18304	False
ENSG00000139687	RB1	False	0.006185044052197914	0.46982	False
ENSG00000139697	SBNO1	False	0.7942099359586703	0.15273	False
ENSG00000139714	MORN3	False	0.025352475163893717	0.45289	False
ENSG00000139718	SETD1B	True	2.1532264627684038e-06	6.1394e-06	False
ENSG00000139719	VPS33A	False	0.18824963102172793		False
ENSG00000139722	VPS37B	False	0.07272054647143554	0.22115	False
ENSG00000139725	RHOF	False	0.026535377356420236	0.026601	False
ENSG00000139726	DENR	False	0.787589321333625	0.41226	False
ENSG00000139734	DIAPH3	False	0.2656046943738827	0.095628	False
ENSG00000139737	SLAIN1	False	0.23467651622831967	0.27459	False
ENSG00000139746	RBM26	False	0.013183779662464161	0.15762	False
ENSG00000139767	SRRM4	False	0.42323506809382194	0.12676	False
ENSG00000139780	METTL21C	False	0.4147711482116885	0.42211	False
ENSG00000139793	MBNL2	False	0.2702140904630197	0.31817	False
ENSG00000139797	RNF113B	False	0.1555168320667352	0.15269	False
ENSG00000139826	ABHD13	False	0.23709305973561667	0.15454	False
ENSG00000139832	RAB20	False	0.030651562164864806	0.082677	False
ENSG00000139835	GRTP1	False	0.0404198622542521	0.34419	False
ENSG00000139842	CUL4A	False	0.3875128725992674	0.031376	False
ENSG00000139874	SSTR1	False	0.1658604403395405	0.032422	False
ENSG00000139880	CDH24	False	0.14208515195752028	0.16699	False
ENSG00000139890	REM2	False	0.3033923622399835	0.15931	False
ENSG00000139899	CBLN3	False	0.3190972271132573	0.11548	False
ENSG00000139908	TSSK4	False	0.3946702036969566	0.038329	False
ENSG00000139910	NOVA1	False	0.5239561738695623	0.19835	False
ENSG00000139914	FITM1	False	0.6150866633614759	0.078832	False
ENSG00000139915	MDGA2	False	0.1851704504960395	0.25014	False
ENSG00000139921	TMX1	False	0.17888477886218615	0.49982	False
ENSG00000139926	FRMD6	False	1.62622734444289e-05	0.065063	False
ENSG00000139946	PELI2	False	0.23808282034876221	0.27487	False
ENSG00000139970	RTN1	False	0.28709445032758746	0.12269	False
ENSG00000139971	ARMH4	False	0.3322842740144046	0.45698	False
ENSG00000139973	SYT16	False	0.7098787729154075	0.043497	False
ENSG00000139974	SLC38A6	False	0.8288378680378639	0.60195	False
ENSG00000139977	NAA30	False	0.048199194022226374	0.11677	False
ENSG00000139985	ADAM21	False	0.27629501673869605	0.0050683	False
ENSG00000139988	RDH12	False	0.11581684499003037	0.52217	False
ENSG00000139990	DCAF5	False	0.14679248426091848	0.41137	False
ENSG00000139998	RAB15	False	0.7043077816593084	0.3637	False
ENSG00000140006	WDR89	False	0.3413362067773261	0.50903	False
ENSG00000140009	ESR2	False	0.30898193250468775	0.61292	False
ENSG00000140015	KCNH5	True	0.1672456731668183	0.27704	False
ENSG00000140022	STON2	False	0.26429097509991833	0.2794	False
ENSG00000140025	EFCAB11	False	0.026102587555565437	0.20176	False
ENSG00000140030	GPR65	False	0.4875905255055456		False
ENSG00000140044	JDP2	False	0.11923148074031707	0.10072	False
ENSG00000140057	AK7	False	0.10197361954707465	0.41225	False
ENSG00000140067	FAM181A	False	0.11006687120604984	0.013869	False
ENSG00000140090	SLC24A4	False	0.06865709465140318	0.33978	False
ENSG00000140092	FBLN5	False	0.43091960118115924	0.38619	False
ENSG00000140093	SERPINA10	False	0.16655644781213172	0.086058	False
ENSG00000140104	CLBA1	False	0.3068797696074521	0.25942	False
ENSG00000140107	SLC25A47	False	0.059500077099678056	0.19888	False
ENSG00000140153	WDR20	False	0.21132314435898703	0.4826	False
ENSG00000140157	NIPA2	False	0.27535922718347466	0.3064	False
ENSG00000140199	SLC12A6	False	0.21882743715294833	0.24343	False
ENSG00000140254	DUOXA1	False	0.16262790858780213	0.15628	False
ENSG00000140259	MFAP1	False	0.1310512941495196	0.098212	False
ENSG00000140262	TCF12	False	0.43038555564684733	0.28189	False
ENSG00000140263	SORD	False	0.03276346908050226	0.47174	False
ENSG00000140264	SERF2	False	0.574004185061512	0.084187	False
ENSG00000140265	ZSCAN29	False	0.16724238178000514	0.2754	False
ENSG00000140274	DUOXA2	False	0.6871249519786817	0.424	False
ENSG00000140279	DUOX2	False	0.48047233303141035	0.23549	False
ENSG00000140280	LYSMD2	False	0.29378214155667975	0.26896	False
ENSG00000140284	SLC27A2	False	0.16369790551744337	0.092542	False
ENSG00000140285	FGF7	False	0.8212277981197493	0.20624	False
ENSG00000140287	HDC	False	0.21322335790024516	0.39194	False
ENSG00000140297	GCNT3	False	0.3310649891735114	0.12909	False
ENSG00000140320	BAHD1	False	0.7196635485144824	0.23035	False
ENSG00000140323	DISP2	False	0.09462131169211684	0.3546	False
ENSG00000140326	CDAN1	False	0.3308035836202522	0.15962	False
ENSG00000140332	TLE3	False	0.35456475477856186	0.096907	False
ENSG00000140350	ANP32A	False	0.5479172339594742	0.085134	False
ENSG00000140365	COMMD4	False	0.8631900369811094	0.52424	False
ENSG00000140367	UBE2Q2	False	0.08315718697244749	0.30975	False
ENSG00000140368	PSTPIP1	False	0.00019796485100640886	0.4362	False
ENSG00000140374	ETFA	False	0.1025738410951483	0.32446	False
ENSG00000140379	BCL2A1	False	0.2750251383403119	0.34833	False
ENSG00000140382	HMG20A	False	0.11327606142507972	0.59467	False
ENSG00000140386	SCAPER	False	4.694885011254519e-05	0.52255	False
ENSG00000140391	TSPAN3	False	0.4315641745584563	0.14268	False
ENSG00000140396	NCOA2	False	0.026966379693453585	0.15236	False
ENSG00000140398	NEIL1	False	0.4386565099245262	0.060541	False
ENSG00000140400	MAN2C1	False	0.008126065391025273	0.21366	False
ENSG00000140403	DNAJA4	False	0.185597500701506	0.11449	False
ENSG00000140406	TLNRD1	False	0.6781403412027784	0.18525	False
ENSG00000140416	TPM1	False	0.41700891580272853	0.21865	False
ENSG00000140443	IGF1R	False	0.007551974394508215	0.31678	False
ENSG00000140450	ARRDC4	False	0.426639389780504	0.17472	False
ENSG00000140451	PIF1	False	0.02145383962250753	0.21531	False
ENSG00000140455	USP3	False	0.0873030302326076	0.35919	False
ENSG00000140459	CYP11A1	False	0.3580484704597916	0.3185	False
ENSG00000140463	BBS4	False	0.15829536374119837	0.25502	False
ENSG00000140464	PML	False	0.0003055917509094739	0.089555	False
ENSG00000140465	CYP1A1	False	0.04617160571322441	0.2322	False
ENSG00000140470	ADAMTS17	False	0.3587621528499794	0.41859	False
ENSG00000140471	LINS1	False	0.004739881128531722	0.61585	False
ENSG00000140474	ULK3	False	0.20866706235075508	0.25272	False
ENSG00000140479	PCSK6	False	0.14973402048360124	0.4846	False
ENSG00000140481	CCDC33	False	0.27764322814553366	0.40517	False
ENSG00000140497	SCAMP2	False	0.028165896137731117	0.29646	False
ENSG00000140505	CYP1A2	False	0.011625426301564523	0.013804	False
ENSG00000140506	LMAN1L	False	0.12939883815256573	0.25592	False
ENSG00000140511	HAPLN3	False	0.24306034959524223	0.001848	False
ENSG00000140519	RHCG	False	0.04954538222240231	0.09725	False
ENSG00000140521	POLG	True	0.14146093611474342	0.36242	False
ENSG00000140522	RLBP1	False	0.09435145009439458	0.047283	False
ENSG00000140525	FANCI	False	0.01822610433275787	0.013051	False
ENSG00000140526	ABHD2	False	0.26315687869421445	0.42202	False
ENSG00000140527	WDR93	False	0.5872372843894007	0.2876	False
ENSG00000140534	TICRR	False	0.37378696850879806	0.095335	False
ENSG00000140538	NTRK3	False	0.09842829075204945	0.45563	False
ENSG00000140545	MFGE8	False	0.49184801875425155	0.3922	False
ENSG00000140548	ZNF710	False	0.12004251567660977	0.16938	False
ENSG00000140553	UNC45A	False	0.1569608412314161	0.32055	False
ENSG00000140557	ST8SIA2	False	0.2568636611514249	0.013647	False
ENSG00000140563	MCTP2	False	0.05266164326647437	0.26078	False
ENSG00000140564	FURIN	False	0.2619386861207649	0.4168	False
ENSG00000140575	IQGAP1	False	0.40335393428490524	0.044789	False
ENSG00000140577	CRTC3	False	0.36784730314633374	0.27279	False
ENSG00000140598	EFL1	False	0.005412254269828564	0.014651	False
ENSG00000140600	SH3GL3	False	0.3077207709257413	0.55336	False
ENSG00000140612	SEC11A	False	0.17167015196792929	0.21516	False
ENSG00000140632	GLYR1	False	0.3033192691074403	0.42916	False
ENSG00000140650	PMM2	True	0.07543859905101283	0.24798	False
ENSG00000140675	SLC5A2	False	0.004482052576942205	0.21586	False
ENSG00000140678	ITGAX	False	0.04733774119409549	0.26109	False
ENSG00000140682	TGFB1I1	False	0.28883153930150735	0.18809	False
ENSG00000140691	ARMC5	False	0.003971662542501567	0.037117	False
ENSG00000140694	PARN	False	0.17515074541753017	0.31342	False
ENSG00000140718	FTO	False	0.04342611897207028	0.083119	False
ENSG00000140740	UQCRC2	False	0.3878035357275505	0.26311	False
ENSG00000140743	CDR2	False	0.18718141871877336	0.01795	False
ENSG00000140749	IGSF6	False	0.5469631781123717	0.27895	False
ENSG00000140750	ARHGAP17	False	0.32829066496173026	0.2278	False
ENSG00000140795	MYLK3	False	0.13364451445792275	0.17743	False
ENSG00000140798	ABCC12	False	0.04921481256405209	0.066541	False
ENSG00000140807	NKD1	False	0.03645869906912802	0.55295	False
ENSG00000140829	DHX38	False	0.2506749536738703	0.27265	False
ENSG00000140830	TXNL4B	False	0.07358615523513001	0.39417	False
ENSG00000140832	MARVELD3	False	0.2448836202256734	0.068574	False
ENSG00000140835	CHST4	False	0.43555443327055254		False
ENSG00000140836	ZFHX3	False	0.10766543275982803	0.22661	False
ENSG00000140848	CPNE2	False	0.3354386049845975	0.21736	False
ENSG00000140853	NLRC5	False	0.2548034183689533	0.013058	False
ENSG00000140854	KATNB1	True	0.524855084820814	0.21999	False
ENSG00000140859	KIFC3	False	0.550628574673041	0.092052	False
ENSG00000140873	ADAMTS18	False	0.6729304631679538	0.29435	False
ENSG00000140876	NUDT7	False	0.36920014774918836	0.068542	False
ENSG00000140931	CMTM3	False	0.08705267876954642	0.12291	False
ENSG00000140932	CMTM2	False	0.00013235399011790535	0.11911	False
ENSG00000140937	CDH11	False	0.13644833313021487	0.21953	False
ENSG00000140939	NOL3	False	0.25917512066000853	0.51823	False
ENSG00000140941	MAP1LC3B	False	0.06442283430733219	0.083329	False
ENSG00000140943	MBTPS1	False	0.031226072676883442	0.29631	False
ENSG00000140945	CDH13	False	0.04886691525690635	0.058983	False
ENSG00000140950	MEAK7	False	0.80308640258772	0.1048	False
ENSG00000140955	ADAD2	False	0.0013571103714674396	0.1302	False
ENSG00000140961	OSGIN1	False	0.5755777477442275	0.42415	False
ENSG00000140968	IRF8	False	0.4161576883817454	0.33706	False
ENSG00000140983	RHOT2	False	0.08315539304474197	0.18474	False
ENSG00000140986	RPL3L	False	0.16209583997778856	0.0024506	False
ENSG00000140987	ZSCAN32	False	0.5193447745534574	0.38714	False
ENSG00000140988	RPS2	False	0.11570075197416602	0.16785	False
ENSG00000140990	NDUFB10	False	0.20210842023949424	0.10009	False
ENSG00000140992	PDPK1	False	0.06295256695079102	0.18338	False
ENSG00000140993	TIGD7	False	0.29026044180317623	0.12349	False
ENSG00000140995	DEF8	False	0.6111035537279087	0.29763	False
ENSG00000141002	TCF25	False	0.07513198612597057	0.21361	False
ENSG00000141012	GALNS	False	0.11395440334559442	0.048751	False
ENSG00000141013	GAS8	False	0.001936050723614364	0.2989	False
ENSG00000141026	MED9	False	0.1677852688453375	0.040741	False
ENSG00000141027	NCOR1	False	0.36570279625813157	0.054525	False
ENSG00000141030	COPS3	False	0.12783735625809595	0.23993	False
ENSG00000141040	ZNF287	False	0.19676180796809742	0.077685	False
ENSG00000141052	MYOCD	False	0.1733507846538191	0.021315	False
ENSG00000141068	KSR1	False	0.019377442819143102	0.57941	False
ENSG00000141076	UTP4	False	0.8664570274350756	0.52926	False
ENSG00000141084	RANBP10	False	0.08545221516931148	0.72109	False
ENSG00000141086	CTRL	False	0.025883294714780063	0.43895	False
ENSG00000141098	GFOD2	False	0.2715200688443011	0.0048361	False
ENSG00000141101	NOB1	False	0.015761888933122838	0.69418	False
ENSG00000141127	PRPSAP2	False	0.4268839329124954	0.021131	False
ENSG00000141161	UNC45B	False	0.2630926192254483	0.14474	False
ENSG00000141179	PCTP	False	0.07167035412105423	0.06688	False
ENSG00000141194	OR4D1	False	0.21759703629090046	0.41123	False
ENSG00000141198	TOM1L1	False	0.1923717444778683	0.25976	False
ENSG00000141200	KIF2B	False	0.34242033591638416	0.17911	False
ENSG00000141219	C17orf80	False	0.5208316296618717	0.51301	False
ENSG00000141232	TOB1	False	0.07861356728708738	0.050413	False
ENSG00000141252	VPS53	False	0.13627402929574595	0.23356	False
ENSG00000141255	SPATA22	False	0.15083097430992345	0.24168	False
ENSG00000141258	SGSM2	False	0.3750132910105276	0.72555	False
ENSG00000141279	NPEPPS	False	0.0950075545376017	0.06832	False
ENSG00000141293	SKAP1	False	0.5590036145298574	0.5463	False
ENSG00000141294	LRRC46	False	0.049652451080923726	0.31235	False
ENSG00000141295	SCRN2	False	0.3644798535192197	0.44782	False
ENSG00000141298	SSH2	False	0.07706625938586874	0.056509	False
ENSG00000141314	RHBDL3	False	0.10124440727329514	0.05841	False
ENSG00000141316	SPACA3	False	0.3648341427155097	0.39959	False
ENSG00000141337	ARSG	False	0.7650484721192029	0.049456	False
ENSG00000141338	ABCA8	False	0.5505815823575118	0.093253	False
ENSG00000141349	G6PC3	False	0.36559389007012344	0.25318	False
ENSG00000141367	CLTC	True	0.13253044197267191	0.084826	False
ENSG00000141376	BCAS3	True	0.3094628076350164	0.076232	False
ENSG00000141378	PTRH2	False	0.09370222941085464	0.1735	False
ENSG00000141380	SS18	False	0.4709597754595146	0.45191	False
ENSG00000141384	TAF4B	False	0.7342024557517024	0.31434	False
ENSG00000141385	AFG3L2	True	0.09258045112143815	0.0035939	False
ENSG00000141401	IMPA2	False	0.04147935908824644	0.19385	False
ENSG00000141424	SLC39A6	False	0.1546726342621289	0.057951	False
ENSG00000141425	RPRD1A	False	0.06611195356374973	0.092432	False
ENSG00000141428	C18orf21	False	0.00033531361398696664	0.032741	False
ENSG00000141429	GALNT1	False	0.23830380630399842	0.59522	False
ENSG00000141431	ASXL3	True	0.041497944188161516	0.26732	False
ENSG00000141433	ADCYAP1	False	0.6763838867452098	0.15144	False
ENSG00000141434	MEP1B	False	0.41776375864618975	0.081735	False
ENSG00000141441	GAREM1	False	0.4412783027971089	0.27532	False
ENSG00000141446	ESCO1	False	0.3059986951084743	0.12578	False
ENSG00000141447	OSBPL1A	False	0.2766516875045656	0.21532	False
ENSG00000141448	GATA6	False	0.47685545707747257	0.12883	False
ENSG00000141449	GREB1L	False	0.5477008717298073	0.35362	False
ENSG00000141452	RMC1	False	0.08520718825402523	0.24585	False
ENSG00000141456	PELP1	False	0.10695762362075613	0.019492	False
ENSG00000141458	NPC1	True	0.32425375461618566	0.44794	False
ENSG00000141469	SLC14A1	False	0.041785283269197025	0.032949	False
ENSG00000141480	ARRB2	False	0.0006574735978772129	0.43409	False
ENSG00000141485	SLC13A5	True	0.012667105955383612	0.016205	False
ENSG00000141497	ZMYND15	False	0.04976574351267763	0.44782	False
ENSG00000141499	WRAP53	False	0.1740304291483531	0.018344	False
ENSG00000141503	MINK1	False	0.0020661955002082392	0.0016426	False
ENSG00000141504	SAT2	False	0.3087374708408525	0.33011	False
ENSG00000141505	ASGR1	False	0.056018428455813306	0.2144	False
ENSG00000141506	PIK3R5	False	0.14584854175693784	0.29504	False
ENSG00000141510	TP53	False	0.5055091157083696	0.09591	False
ENSG00000141519	CCDC40	False	0.018899301421998766	0.13729	False
ENSG00000141522	ARHGDIA	False	0.01771609526808093	0.035673	False
ENSG00000141524	TMC6	False	0.2477903356770457	0.088392	False
ENSG00000141526	SLC16A3	False	0.2853546057972804	0.56619	False
ENSG00000141527	CARD14	False	0.4224000789612733	0.2258	False
ENSG00000141540	TTYH2	False	0.043113674665577945	0.065531	False
ENSG00000141542	RAB40B	False	0.41918153586191886	0.20843	False
ENSG00000141543	EIF4A3	False	0.4741720916328114	0.017252	False
ENSG00000141551	CSNK1D	False	0.24482209722141057	0.059781	False
ENSG00000141552	ANAPC11	False	0.006935176201287006	0.24258	False
ENSG00000141556	TBCD	True	0.03498892895850175	0.13541	False
ENSG00000141560	FN3KRP	False	0.5248587431085179	0.34994	False
ENSG00000141562	NARF	False	0.008327806545436441	0.48967	False
ENSG00000141564	RPTOR	False	0.04781268793887929	0.1876	False
ENSG00000141568	FOXK2	False	0.006732316848821102	0.026527	False
ENSG00000141569	TRIM65	False	0.7023741670207805	0.11388	False
ENSG00000141570	CBX8	False	0.009099510781313587	0.061321	False
ENSG00000141574	SECTM1	False	0.3665168027125155	0.2907	False
ENSG00000141576	RNF157	False	0.48187948965329896	0.47402	False
ENSG00000141577	CEP131	False	0.21973782176308343	0.14233	False
ENSG00000141579	ZNF750	False	0.0368621224091922	0.011005	False
ENSG00000141580	WDR45B	True	0.18826113849762302	0.51219	False
ENSG00000141582	CBX4	False	0.17491349841476883	0.58551	False
ENSG00000141622	RNF165	False	0.5559762156248699	0.22606	False
ENSG00000141627	DYM	False	0.0012414249257973243	0.084847	False
ENSG00000141639	MAPK4	False	0.09269627776948954	0.038012	False
ENSG00000141642	ELAC1	False	0.023679810856017804	0.012631	False
ENSG00000141644	MBD1	False	0.005274913498291366	0.38639	False
ENSG00000141646	SMAD4	False	0.5154286734502277	0.18251	False
ENSG00000141655	TNFRSF11A	False	0.08221985578464792	0.0312	False
ENSG00000141664	ZCCHC2	False	0.07209696516135274	0.10771	False
ENSG00000141665	FBXO15	False	8.625469160380762e-05	0.0051495	False
ENSG00000141668	CBLN2	False	0.37147015006144957	0.1245	False
ENSG00000141696	P3H4	False	0.3049429401094206	0.054971	False
ENSG00000141698	NT5C3B	False	0.02314726673612844	0.23655	False
ENSG00000141699	RETREG3	False	0.20452911598958465	0.14726	False
ENSG00000141736	ERBB2	False	0.20042388670891964	0.15577	False
ENSG00000141738	GRB7	False	0.4416035242369706	0.26109	False
ENSG00000141741	MIEN1	False	0.864910904157626	0.18614	False
ENSG00000141744	PNMT	False	0.2591600855184522	0.40503	False
ENSG00000141748	ARL5C	False	0.04642354852542882	0.23186	False
ENSG00000141750	STAC2	False	0.06170573346598876	0.28467	False
ENSG00000141753	IGFBP4	False	0.02244899262677954	0.12027	False
ENSG00000141756	FKBP10	False	0.20766646717714884	0.22718	False
ENSG00000141837	CACNA1A	True	5.977892236639082e-08	0.0078137	True
ENSG00000141867	BRD4	False	0.16556294418588685	0.12357	False
ENSG00000141873	SLC39A3	False	0.05984998801963199		False
ENSG00000141905	NFIC	False	0.5822931618818412	0.27014	False
ENSG00000141934	PLPP2	False	0.20774486963103225	0.31379	False
ENSG00000141946	ZIM3	False	0.11789055657259283	0.043344	False
ENSG00000141959	PFKL	False	0.08987950356739197	0.09732	False
ENSG00000141965	FEM1A	False	0.18874084456450044		False
ENSG00000141968	VAV1	False	0.03598943351834347	0.059915	False
ENSG00000141971	MVB12A	False	0.020221158056103465	0.18813	False
ENSG00000141977	CIB3	False	0.032307718717697435	0.57224	False
ENSG00000141985	SH3GL1	False	0.14510036989930392	0.33697	False
ENSG00000141994	DUS3L	False	0.48777296002918846	0.44834	False
ENSG00000142002	DPP9	False	0.046735496744999716	0.12412	False
ENSG00000142025	DMRTC2	False	0.1863141334332934	0.013918	False
ENSG00000142039	CCDC97	False	0.09261729336470212	0.099047	False
ENSG00000142046	TMEM91	False	0.7003243166600421	0.15025	False
ENSG00000142065	ZFP14	False	0.20720483750977428	0.48244	False
ENSG00000142082	SIRT3	False	0.2513091549324469	0.44518	False
ENSG00000142089	IFITM3	False	0.47616021070586045		False
ENSG00000142102	PGGHG	False	0.05340174652215847	0.32179	False
ENSG00000142149	HUNK	False	0.04251189520025629	0.018034	False
ENSG00000142156	COL6A1	False	0.04567417437332292	0.084653	False
ENSG00000142166	IFNAR1	False	0.049926546538018785	0.35883	False
ENSG00000142168	SOD1	False	0.23538442058803122	0.23102	False
ENSG00000142173	COL6A2	False	0.07311678806735616	0.28121	False
ENSG00000142182	DNMT3L	False	0.05334654916904314	0.12612	False
ENSG00000142185	TRPM2	False	0.1499905104231084	0.18786	False
ENSG00000142186	SCYL1	False	0.02805885661443883	0.34361	False
ENSG00000142188	TMEM50B	False	0.47166403532497025	0.53774	False
ENSG00000142192	APP	False	0.38761421358242315	0.34488	False
ENSG00000142197	DOP1B	False	0.13512946165094955	0.53841	False
ENSG00000142207	URB1	False	0.32591869123912354	0.014621	False
ENSG00000142208	AKT1	True	0.08430847388035721	0.10878	False
ENSG00000142224	IL19	False	0.36004963686277686	0.30432	False
ENSG00000142227	EMP3	False	0.07715762938650396	0.030303	False
ENSG00000142230	SAE1	False	0.1701181266745807		False
ENSG00000142233	NTN5	False	0.021945270115219073	0.2281	False
ENSG00000142252	GEMIN7	False	0.25911488685020373	0.3274	False
ENSG00000142273	CBLC	False	0.11048377361966671	0.37233	False
ENSG00000142279	WTIP	False	0.3859101060283486	0.35134	False
ENSG00000142303	ADAMTS10	False	0.43871651946236556	0.20369	False
ENSG00000142319	SLC6A3	False	0.0027952700980841618	0.066987	False
ENSG00000142330	CAPN10	False	0.1804615371602174	0.22229	False
ENSG00000142347	MYO1F	False	0.1664342686844554	0.24787	False
ENSG00000142405	NLRP12	False	0.06300053784092885	0.2312	False
ENSG00000142408	CACNG8	False	0.36017672720587385	0.29184	False
ENSG00000142444	TIMM29	False	0.27391575269374285	0.1596	False
ENSG00000142449	FBN3	False	0.06452727690679541	0.2899	False
ENSG00000142453	CARM1	False	0.2809621609703463	0.03267	False
ENSG00000142459	EVI5L	False	0.07023918490794126	0.028147	False
ENSG00000142484	TM4SF5	False	0.46768147415249106	0.18654	False
ENSG00000142494	SLC47A1	False	0.07952289628645622	0.39717	False
ENSG00000142507	PSMB6	False	0.35542223260125627	0.23543	False
ENSG00000142511	GPR32	False	0.046712734383112214	0.19565	False
ENSG00000142512	SIGLEC10	False	0.21469063788994752	0.073393	False
ENSG00000142513	ACP4	False	0.001295550083168265	0.0043058	False
ENSG00000142515	KLK3	False	0.5061203038482267	0.28501	False
ENSG00000142528	ZNF473	False	0.0958737672730076	0.23923	False
ENSG00000142534	RPS11	False	0.8493996163798176	0.047489	False
ENSG00000142541	RPL13A	False	0.5037157982832909		False
ENSG00000142546	NOSIP	False	0.11036147029700867	0.3569	False
ENSG00000142549	IGLON5	False	0.08468553730025478	0.42509	False
ENSG00000142552	RCN3	False	0.09157978604086228	0.27561	False
ENSG00000142556	ZNF614	False	0.0682199523813489	0.60836	False
ENSG00000142583	SLC2A5	False	0.0236836138176246	0.42514	False
ENSG00000142599	RERE	True	0.006217269391508738	0.054316	False
ENSG00000142606	MMEL1	False	0.4970830344169621	0.046455	False
ENSG00000142611	PRDM16	False	0.06374260049643675	0.15159	False
ENSG00000142615	CELA2A	False	0.028157136502850816	0.2919	False
ENSG00000142619	PADI3	False	0.3217186737941083	0.28442	False
ENSG00000142623	PADI1	False	0.025553830929001955	0.16022	False
ENSG00000142627	EPHA2	False	0.049759430160256815	0.071739	False
ENSG00000142632	ARHGEF19	False	0.13623735629527325	0.59624	False
ENSG00000142634	EFHD2	False	0.6273017179024531	0.30706	False
ENSG00000142655	PEX14	False	0.19287203383564963	0.24231	False
ENSG00000142657	PGD	False	0.44384721956930284	0.36597	False
ENSG00000142661	MYOM3	False	0.2527422825282531	0.29891	False
ENSG00000142675	CNKSR1	False	0.0010534949244024607	0.039439	False
ENSG00000142676	RPL11	False	0.3693338959007679		False
ENSG00000142677	IL22RA1	False	0.10460908373163039	0.36691	False
ENSG00000142684	ZNF593	False	0.07024572422287333	0.4501	False
ENSG00000142686	C1orf216	False	0.3911190533435684	0.28572	False
ENSG00000142687	KIAA0319L	False	0.3412947940424909	0.12147	False
ENSG00000142694	EVA1B	False	0.20508121872985322	0.032893	False
ENSG00000142698	C1orf94	False	0.21988771989167624	0.44683	False
ENSG00000142700	DMRTA2	True	0.17713005133502258	0.19575	False
ENSG00000142731	PLK4	False	0.0036349270311669723	0.020458	False
ENSG00000142733	MAP3K6	False	0.1871376291581825	0.12141	False
ENSG00000142748	FCN3	False	0.08303128368391897	0.58544	False
ENSG00000142751	GPN2	False	0.5499213494780157	0.088382	False
ENSG00000142765	SYTL1	False	0.034848751516684304	0.069416	False
ENSG00000142784	WDTC1	False	0.14067576759078118	0.039322	False
ENSG00000142789	CELA3A	False	0.04735057803328069	0.048984	False
ENSG00000142794	NBPF3	False	0.13194131623406635	0.10369	False
ENSG00000142798	HSPG2	False	0.010387491656677857	0.21678	False
ENSG00000142864	SERBP1	False	0.007778054001761922	0.10081	False
ENSG00000142867	BCL10	False	0.12756316802544665	0.33171	False
ENSG00000142875	PRKACB	False	0.2652229639103475	0.0029566	False
ENSG00000142892	PIGK	True	0.16968776614917294	0.0031366	False
ENSG00000142910	TINAGL1	False	0.3277621863653965	0.57532	False
ENSG00000142920	AZIN2	False	0.371375573278308	0.40356	False
ENSG00000142937	RPS8	False	0.19048531291275433	0.20991	False
ENSG00000142945	KIF2C	False	0.0779067423063271	0.12284	False
ENSG00000142949	PTPRF	False	0.05359006240036876	0.021076	False
ENSG00000142959	BEST4	False	0.2980855134927875	0.2211	False
ENSG00000142961	MOB3C	False	0.3667188652818573	0.13892	False
ENSG00000142973	CYP4B1	False	0.286106893255552	0.3157	False
ENSG00000143001	TMEM61	False	0.3192510274937714	0.24157	False
ENSG00000143006	DMRTB1	False	0.1437304857906006	0.39875	False
ENSG00000143028	SYPL2	False	0.22507396064186447	0.50559	False
ENSG00000143032	BARHL2	False	0.7227140124675151		False
ENSG00000143033	MTF2	False	0.12099910024064471	0.25497	False
ENSG00000143036	SLC44A3	False	0.03147997453950295	0.023126	False
ENSG00000143061	IGSF3	False	0.06557653591020153	0.090969	False
ENSG00000143067	ZNF697	False	0.2666509869685791	0.062857	False
ENSG00000143079	CTTNBP2NL	False	0.37295257972673596	0.42532	False
ENSG00000143093	STRIP1	False	0.00025730995677234055	0.081327	False
ENSG00000143105	KCNA10	False	0.008344705489430055	0.037886	False
ENSG00000143107	FNDC7	False	0.19630660696520158	0.047464	False
ENSG00000143110	C1orf162	False	0.1634973608897611	0.096276	False
ENSG00000143119	CD53	False	0.630090899933776	0.23054	False
ENSG00000143125	PROK1	False	0.003609020360278633	0.11412	False
ENSG00000143126	CELSR2	False	0.12480627324071261	0.02304	False
ENSG00000143127	ITGA10	False	0.13606062415733725	0.072599	False
ENSG00000143147	GPR161	False	0.07340746260532012	0.55359	False
ENSG00000143149	ALDH9A1	False	0.19183751685945083	0.51537	False
ENSG00000143153	ATP1B1	False	0.7443777418547988	0.21739	False
ENSG00000143155	TIPRL	False	0.041114750250768585	0.20597	False
ENSG00000143156	NME7	False	0.010572976706899455	0.57599	False
ENSG00000143157	POGK	False	0.4313619850411359	0.075123	False
ENSG00000143162	CREG1	False	0.03235756473246023	0.22249	False
ENSG00000143164	DCAF6	False	0.1657619871692818	0.18255	False
ENSG00000143167	GPA33	False	0.06558924231056953	0.30331	False
ENSG00000143171	RXRG	False	0.30137676412495884	0.061356	False
ENSG00000143178	TBX19	True	0.0016072068930750116	0.030955	False
ENSG00000143179	UCK2	False	0.599706349840861	0.31033	False
ENSG00000143184	XCL1	False	0.4380737618572287		False
ENSG00000143185	XCL2	False	0.1691163016853989	0.51067	False
ENSG00000143190	POU2F1	False	0.7848923738964095	0.41618	False
ENSG00000143194	MAEL	False	0.01888960491774453	0.19114	False
ENSG00000143195	ILDR2	False	0.00041734529617328355	0.0046247	False
ENSG00000143196	DPT	False	0.3347059888331562	0.46294	False
ENSG00000143198	MGST3	False	0.603077011740867	0.64386	False
ENSG00000143199	ADCY10	False	0.09170905025426222	0.52877	False
ENSG00000143207	COP1	False	0.26067998637601053	0.031272	False
ENSG00000143217	NECTIN4	False	0.3054350206039375	0.079258	False
ENSG00000143222	UFC1	True	0.38827756845294814	0.39125	False
ENSG00000143224	PPOX	False	0.2934106623211234	0.067237	False
ENSG00000143226	FCGR2A	False	0.08494562663814477	0.066771	False
ENSG00000143228	NUF2	False	0.09079540671208393	0.32386	False
ENSG00000143248	RGS5	False	0.07482460761967685	0.0041992	False
ENSG00000143252	SDHC	False	0.07341227211310285	0.36369	False
ENSG00000143256	PFDN2	False	0.49197204846475706	0.11174	False
ENSG00000143257	NR1I3	False	0.13009665876470033	0.013	False
ENSG00000143258	USP21	False	0.13632723740781047	0.23676	False
ENSG00000143278	F13B	False	0.09731485828574056	0.018364	False
ENSG00000143294	PRCC	False	0.003442296420522545	0.042885	False
ENSG00000143297	FCRL5	False	0.46026772453811626	0.36727	False
ENSG00000143314	MRPL24	False	0.6375032633943105	0.26297	False
ENSG00000143315	PIGM	True	0.40961545005909655	0.37131	False
ENSG00000143318	CASQ1	False	0.4525302895624759	0.3368	False
ENSG00000143319	ISG20L2	False	1.430457174005394e-05	0.34058	False
ENSG00000143320	CRABP2	False	0.37662995077113776	0.070754	False
ENSG00000143321	HDGF	False	0.12975558751945204	0.34184	False
ENSG00000143322	ABL2	False	0.09614935541284317	0.076729	False
ENSG00000143324	XPR1	True	0.04606858095508101	0.039746	False
ENSG00000143333	RGS16	False	0.11462120328103453	0.046834	False
ENSG00000143337	TOR1AIP1	False	0.3179613772096489	0.24813	False
ENSG00000143340	FAM163A	False	0.46354917053487643	0.33732	False
ENSG00000143341	HMCN1	False	1.0131437478325108e-05	0.12575	False
ENSG00000143344	RGL1	False	0.0003525743169118052	0.010565	False
ENSG00000143353	LYPLAL1	False	0.5377828710130514	0.26481	False
ENSG00000143355	LHX9	False	0.41741055324615906	0.34254	False
ENSG00000143363	PRUNE1	True	0.011379499782763113	0.020916	False
ENSG00000143365	RORC	False	0.35286574214647265	0.021103	False
ENSG00000143367	TUFT1	False	0.0689772682836351	0.28286	False
ENSG00000143368	SF3B4	False	0.7513143614176994	0.30549	False
ENSG00000143369	ECM1	True	0.3870723671507613	0.55429	False
ENSG00000143373	ZNF687	False	0.10032187576013732	0.72303	False
ENSG00000143374	TARS2	True	0.01674903001450326	0.15899	False
ENSG00000143375	CGN	False	0.006709737604123465	0.60001	False
ENSG00000143376	SNX27	True	0.044948480943488314	0.11813	False
ENSG00000143379	SETDB1	False	0.06754954801108141	0.18239	False
ENSG00000143382	ADAMTSL4	False	0.1614702578719488	0.14162	False
ENSG00000143384	MCL1	False	0.0006603826228416224	0.13858	False
ENSG00000143387	CTSK	False	0.27743984959098894	0.57558	False
ENSG00000143390	RFX5	False	0.018105533368476073	0.34366	False
ENSG00000143393	PI4KB	False	0.10193082501254395	0.11717	False
ENSG00000143398	PIP5K1A	False	0.7332795476145821	0.36958	False
ENSG00000143401	ANP32E	False	0.07010042615845227	0.048982	False
ENSG00000143409	MINDY1	False	0.016487304053198416	0.33543	False
ENSG00000143412	ANXA9	False	0.45052569548462074	0.038229	False
ENSG00000143416	SELENBP1	False	0.02555185626445168	0.092141	False
ENSG00000143418	CERS2	False	0.053949513756872555	0.14527	False
ENSG00000143420	ENSA	False	0.9757383831411899	0.37568	False
ENSG00000143434	SEMA6C	False	0.11721984291811449	0.12602	False
ENSG00000143436	MRPL9	False	0.0021477172723768367	0.31278	False
ENSG00000143437	ARNT	False	0.118986439109436	0.19693	False
ENSG00000143442	POGZ	True	0.3482882753513134	0.5588	False
ENSG00000143443	C1orf56	False	0.23832771582372292	0.037839	False
ENSG00000143450	OAZ3	False	0.05215957478955851	0.012725	False
ENSG00000143457	GOLPH3L	False	0.28099865278343616	0.1275	False
ENSG00000143458	GABPB2	False	0.4239972484929847	0.15961	False
ENSG00000143469	SYT14	False	0.07422336602276831	0.080136	False
ENSG00000143473	KCNH1	True	0.0003580585237888765	0.027813	False
ENSG00000143476	DTL	False	0.13680771980293435	0.54658	False
ENSG00000143479	DYRK3	False	0.03725557911609979	0.29859	False
ENSG00000143486	EIF2D	False	0.399949877093494	0.42784	False
ENSG00000143493	INTS7	False	0.0871618077582324	0.11156	False
ENSG00000143494	VASH2	False	0.22229651428577615	0.24857	False
ENSG00000143498	TAF1A	False	0.2947220963944273	0.18194	False
ENSG00000143499	SMYD2	False	0.027874039360854443	0.16968	False
ENSG00000143502	SUSD4	False	0.0024495581016206807	0.055437	False
ENSG00000143507	DUSP10	False	0.2562794968476757	0.44562	False
ENSG00000143512	HHIPL2	False	0.41173072860961757	0.60295	False
ENSG00000143514	TP53BP2	False	0.5395600468355097	0.54969	False
ENSG00000143515	ATP8B2	False	0.42789570839958535	0.14891	False
ENSG00000143520	FLG2	False	0.07567480085874853		False
ENSG00000143536	CRNN	False	0.47667556572928793	0.41279	False
ENSG00000143537	ADAM15	False	0.07144561290732437	0.50621	False
ENSG00000143543	JTB	False	0.4939108791825614	0.3121	False
ENSG00000143546	S100A8	False	0.786853652476184	0.27168	False
ENSG00000143549	TPM3	False	0.22099011094529866	0.16401	False
ENSG00000143552	NUP210L	False	0.1880427092360094	0.024237	False
ENSG00000143553	SNAPIN	False	0.5842076928085989	0.11431	False
ENSG00000143556	S100A7	False	0.49204026649600785	0.085197	False
ENSG00000143569	UBAP2L	True	0.2271755782363343	0.12626	False
ENSG00000143570	SLC39A1	False	0.7286503340281996	0.32746	False
ENSG00000143575	HAX1	True	0.7645622047704478	0.21816	False
ENSG00000143578	CREB3L4	False	0.5811552847672399	0.31242	False
ENSG00000143595	AQP10	False	0.19859737933553745	0.026812	False
ENSG00000143603	KCNN3	False	0.0006374050334958851	0.026615	False
ENSG00000143612	C1orf43	False	0.10830564653878298	0.1439	False
ENSG00000143614	GATAD2B	True	0.5518475242994971	0.13939	False
ENSG00000143621	ILF2	False	0.1286607107487604	0.19374	False
ENSG00000143622	RIT1	False	0.2908350581574195	0.14746	False
ENSG00000143624	INTS3	False	0.07424793540409175	0.23418	False
ENSG00000143627	PKLR	False	0.21802739431583706	0.065745	False
ENSG00000143630	HCN3	False	0.6282993395287981	0.42929	False
ENSG00000143631	FLG	False	0.003940155534521872	0.49232	False
ENSG00000143632	ACTA1	False	0.05752560972851959	0.20922	False
ENSG00000143633	C1orf131	False	0.013386217728666614	0.036216	False
ENSG00000143641	GALNT2	True	0.3164520214446589	0.20016	False
ENSG00000143643	TTC13	False	0.06606133432862017	0.10699	False
ENSG00000143653	SCCPDH	False	0.5379406631770496	0.21562	False
ENSG00000143669	LYST	True	0.26710620359764065	0.035283	False
ENSG00000143674	MAP3K21	False	0.02070030209882233	0.02962	False
ENSG00000143702	CEP170	False	0.042122511209046	0.026408	False
ENSG00000143727	ACP1	False	0.8559997194039453	0.34	False
ENSG00000143740	SNAP47	False	0.31418848187604775	0.31679	False
ENSG00000143748	NVL	False	0.20161703340734627	0.063348	False
ENSG00000143751	SDE2	False	0.09274771023400515	0.05539	False
ENSG00000143753	DEGS1	True	0.3445642930516948	0.58851	False
ENSG00000143756	FBXO28	True	0.008755214132905715		False
ENSG00000143768	LEFTY2	False	9.672612050652381e-06	0.048647	False
ENSG00000143771	CNIH4	False	0.9360771561580857	0.71441	False
ENSG00000143772	ITPKB	False	0.07178092679256139	0.016887	False
ENSG00000143774	GUK1	False	0.04519216797475199	0.45079	False
ENSG00000143776	CDC42BPA	False	0.3342948632705177	0.30273	False
ENSG00000143786	CNIH3	False	0.485591290709411	0.14715	False
ENSG00000143793	C1orf35	False	0.04976046712294059	0.041616	False
ENSG00000143797	MBOAT2	False	0.7530408466624772	0.14717	False
ENSG00000143799	PARP1	False	0.10809196404117836	0.095037	False
ENSG00000143801	PSEN2	False	0.3421955123566162	0.60477	False
ENSG00000143811	PYCR2	False	0.3212683559278598	0.28147	False
ENSG00000143815	LBR	False	0.3564031039591059	0.084769	False
ENSG00000143816	WNT9A	False	0.14380633779915586	0.35597	False
ENSG00000143819	EPHX1	False	0.2713301415706105	0.61498	False
ENSG00000143839	REN	False	0.5316218945788859	0.40231	False
ENSG00000143842	SOX13	False	0.22785127272224598	0.27023	False
ENSG00000143845	ETNK2	False	0.2882971668071516	0.49264	False
ENSG00000143850	PLEKHA6	False	0.013476259362175782	0.12771	False
ENSG00000143851	PTPN7	False	0.11036626161456999	0.5367	False
ENSG00000143858	SYT2	False	0.47339240420393314	0.26255	False
ENSG00000143867	OSR1	False	0.2962938237305535	0.2147	False
ENSG00000143869	GDF7	False	0.3546171717240828	0.19403	False
ENSG00000143870	PDIA6	False	0.061377059909568495	0.052491	False
ENSG00000143878	RHOB	False	0.5711244752352302	0.31166	False
ENSG00000143882	ATP6V1C2	False	0.4691389346258952	0.62127	False
ENSG00000143889	HNRNPLL	False	0.08595356397019735	0.35493	False
ENSG00000143891	GALM	False	0.07045594641371579	0.22772	False
ENSG00000143919	CAMKMT	False	0.001729117893968345	0.029922	False
ENSG00000143921	ABCG8	False	0.11534396310932914	0.75499	False
ENSG00000143924	EML4	False	0.38166223223991724	0.32834	False
ENSG00000143942	CHAC2	False	0.0512987616743052	0.033095	False
ENSG00000143947	RPS27A	False	0.40868733001737456		False
ENSG00000143951	WDPCP	False	0.10106909560389273	0.0053409	False
ENSG00000143952	VPS54	False	0.003609513402793446	0.0030542	False
ENSG00000143954	REG3G	False	0.02464775380600528	0.31512	False
ENSG00000143971	ETAA1	False	0.06909469026247278	0.34442	False
ENSG00000143994	ABHD1	False	0.602624618394647	0.073959	False
ENSG00000143995	MEIS1	False	0.02948269675480141	0.095545	False
ENSG00000144015	TRIM43	False	0.07125101869845683	0.031613	False
ENSG00000144021	CIAO1	False	0.5063839797795779	0.64564	False
ENSG00000144026	ZNF514	False	0.5722009599066793	0.39584	False
ENSG00000144028	SNRNP200	False	0.00610743729888795	0.0095339	False
ENSG00000144029	MRPS5	False	0.10952081860922204	0.60809	False
ENSG00000144031	ANKRD53	False	0.09101318253323229	0.077768	False
ENSG00000144035	NAT8	False	0.6149065041365167		False
ENSG00000144036	EXOC6B	False	0.3485469256008799	0.12997	False
ENSG00000144040	SFXN5	False	0.1917616336985867	0.024323	False
ENSG00000144045	DQX1	False	0.23141047124704342	0.3509	False
ENSG00000144057	ST6GAL2	False	0.0017929103059703359	0.078131	False
ENSG00000144061	NPHP1	False	0.2573445096560557	0.36495	False
ENSG00000144115	THNSL2	False	0.7190595654705438	0.026587	False
ENSG00000144118	RALB	False	0.18067062208996326	0.014338	False
ENSG00000144119	C1QL2	False	0.06907132272713756	0.037905	False
ENSG00000144120	TMEM177	False	0.5649705934467134	0.02897	False
ENSG00000144134	RABL2A	False	0.8328259411735737	0.17546	False
ENSG00000144136	SLC20A1	False	0.1491541818312373	0.48887	False
ENSG00000144152	FBLN7	False	0.4413871914877894	0.35985	False
ENSG00000144161	ZC3H8	False	0.19880091405016917	0.5444	False
ENSG00000144182	LIPT1	False	0.36200464031971624	0.76379	False
ENSG00000144191	CNGA3	False	0.2282131655484478	0.056347	False
ENSG00000144199	FAHD2B	False	0.22732463013356838	0.008375	False
ENSG00000144214	LYG1	False	0.6651557068054655	0.37049	False
ENSG00000144218	AFF3	True	0.06900690590173969	0.0546	False
ENSG00000144224	UBXN4	False	0.11159275768012585	0.13139	False
ENSG00000144227	NXPH2	False	0.3995309672184731	0.14048	False
ENSG00000144228	SPOPL	False	0.06571500771286264	0.33413	False
ENSG00000144229	THSD7B	False	0.014401398598611429	0.032179	False
ENSG00000144230	GPR17	False	0.3437393871144868	0.028578	False
ENSG00000144233	AMMECR1L	False	0.24414802307999556	0.12572	False
ENSG00000144278	GALNT13	False	0.832551140559514	0.10937	False
ENSG00000144283	PKP4	False	0.2236289339266051	0.3923	False
ENSG00000144285	SCN1A	True	2.1724715824834027e-19	6.3195e-09	True
ENSG00000144290	SLC4A10	True	0.4029771525926309	0.03127	False
ENSG00000144306	SCRN3	False	0.27408773398149683	0.30177	False
ENSG00000144320	LNPK	True	0.2779803010468603	0.056145	False
ENSG00000144331	ZNF385B	False	0.017871309722658112	0.38022	False
ENSG00000144339	TMEFF2	False	0.7332228467176396	0.063578	False
ENSG00000144354	CDCA7	False	0.3761382215813	0.14994	False
ENSG00000144355	DLX1	False	0.6613057108609464	0.24822	False
ENSG00000144357	UBR3	False	0.3721705402010182	0.097049	False
ENSG00000144362	PHOSPHO2	False	0.1304207470964359	0.19217	False
ENSG00000144369	FAM171B	False	0.011660643252034605	0.24897	False
ENSG00000144381	HSPD1	True	0.37601969239995403	0.14878	False
ENSG00000144395	CCDC150	False	0.12793148710851995	0.30099	False
ENSG00000144401	METTL21A	False	0.05136320667285695	0.1605	False
ENSG00000144406	UNC80	True	0.0013803125501309125	0.31909	False
ENSG00000144407	PTH2R	False	0.4218355168316005	0.64754	False
ENSG00000144410	CPO	False	0.05508632649706893	0.025345	False
ENSG00000144426	NBEAL1	False	0.3235977498569369	0.51778	False
ENSG00000144445	KANSL1L	False	0.0006028416832009224	0.00061052	False
ENSG00000144451	SPAG16	False	0.7193377168260834	0.14427	False
ENSG00000144452	ABCA12	False	0.010439686563819224	0.19315	False
ENSG00000144455	SUMF1	True	0.7098043165407792	0.50705	False
ENSG00000144460	NYAP2	False	0.0014649724317188156	0.59209	False
ENSG00000144468	RHBDD1	False	0.2804902813744905	0.16144	False
ENSG00000144476	ACKR3	False	0.42071231054847236	0.18428	False
ENSG00000144481	TRPM8	False	0.2876930091674455	0.14568	False
ENSG00000144488	ESPNL	False	0.10816360635431174	0.27564	False
ENSG00000144504	ANKMY1	False	0.08533855454782349	0.10702	False
ENSG00000144524	COPS7B	False	0.07987207740530584		False
ENSG00000144535	DIS3L2	False	0.5095283542710135	0.093209	False
ENSG00000144550	CPNE9	False	0.5195068789597628	0.1672	False
ENSG00000144554	FANCD2	False	0.15367733024247707	0.30133	False
ENSG00000144559	TAMM41	False	0.46117874746063237	0.28601	False
ENSG00000144560	VGLL4	False	0.06902463733348974	0.50892	False
ENSG00000144566	RAB5A	False	0.5247783246217931	0.39818	False
ENSG00000144567	RETREG2	False	0.07922018692284744	0.41496	False
ENSG00000144579	CTDSP1	False	0.6469029870402714	0.3461	False
ENSG00000144589	STK11IP	False	0.4855960380978991	0.28275	False
ENSG00000144591	GMPPA	True	0.03976271525807026	0.47606	False
ENSG00000144597	EAF1	False	0.1343574050026009	0.35218	False
ENSG00000144619	CNTN4	False	0.043880424455203106	0.022416	False
ENSG00000144635	DYNC1LI1	False	0.14347655098037032	0.026518	False
ENSG00000144642	RBMS3	False	0.19925056071539282	0.39964	False
ENSG00000144644	GADL1	False	0.6845529737581317	0.31745	False
ENSG00000144645	OSBPL10	False	0.5534390649977108	0.191	False
ENSG00000144647	POMGNT2	True	0.010703298786814938	0.31912	False
ENSG00000144648	ACKR2	False	0.1200937845027478		False
ENSG00000144655	CSRNP1	False	0.12160744322348924	0.14585	False
ENSG00000144659	SLC25A38	False	0.4143247545121884	0.053727	False
ENSG00000144668	ITGA9	False	0.053293238212062985	0.15526	False
ENSG00000144671	SLC22A14	False	0.19081961349169183	0.080377	False
ENSG00000144674	GOLGA4	False	0.5221233108029848	0.38138	False
ENSG00000144677	CTDSPL	False	0.6173948426735894	0.10143	False
ENSG00000144681	STAC	False	0.13313920693248577	0.39436	False
ENSG00000144711	IQSEC1	False	0.06660809691277586	0.14197	False
ENSG00000144712	CAND2	False	0.03516482022478515	0.063644	False
ENSG00000144713	RPL32	False	8.750099457168453e-05		False
ENSG00000144724	PTPRG	False	0.09593932316483338	0.026401	False
ENSG00000144730	IL17RD	False	0.09064824381229139	0.17091	False
ENSG00000144736	SHQ1	False	0.15522680540113618	0.14746	False
ENSG00000144741	SLC25A26	False	0.1397740864309607	0.037772	False
ENSG00000144744	UBA3	False	0.058425574618815375	0.22653	False
ENSG00000144746	ARL6IP5	False	0.03491257843552489	0.039228	False
ENSG00000144747	TMF1	False	0.16741230353894665	0.17766	False
ENSG00000144749	LRIG1	False	0.6196900598521581	0.15211	False
ENSG00000144771	LRTM1	False	0.03698638583895561	0.15958	False
ENSG00000144791	LIMD1	False	0.3953271283912979	0.16346	False
ENSG00000144792	ZNF660	False	0.0015370282575188094	0.062221	False
ENSG00000144802	NFKBIZ	False	0.5258867761718933	0.28044	False
ENSG00000144810	COL8A1	False	0.0803776139677633	0.34011	False
ENSG00000144815	NXPE3	False	0.00885526206208104	0.1205	False
ENSG00000144820	ADGRG7	False	0.3065540652348399	0.35185	False
ENSG00000144824	PHLDB2	False	0.6443229338969236	0.54905	False
ENSG00000144827	ABHD10	False	0.3615507964341722	0.28047	False
ENSG00000144834	TAGLN3	False	0.4316708057961146	0.15744	False
ENSG00000144837	PLA1A	False	0.031192365640261305	0.57054	False
ENSG00000144840	RABL3	False	0.0019117781898317448	0.27843	False
ENSG00000144843	ADPRH	False	0.021405277692167757	0.56634	False
ENSG00000144847	IGSF11	False	0.11810581558620696	0.10024	False
ENSG00000144848	ATG3	False	0.1279315076333912	0.33167	False
ENSG00000144852	NR1I2	False	0.4290493955903478	0.36162	False
ENSG00000144857	BOC	False	0.06554121970636384	0.623	False
ENSG00000144867	SRPRB	False	0.374975274653145	0.099316	False
ENSG00000144868	TMEM108	False	0.12590470825121675	0.40463	False
ENSG00000144891	AGTR1	False	0.3864678871524302	0.52657	False
ENSG00000144893	MED12L	False	0.04132515776607427	0.066544	False
ENSG00000144895	EIF2A	False	0.0456786383784945	0.40552	False
ENSG00000144908	ALDH1L1	False	0.021045862379192162	0.33769	False
ENSG00000144909	OSBPL11	False	0.29431215736998967	0.050358	False
ENSG00000144935	TRPC1	False	0.03436108602452275	0.20035	False
ENSG00000144959	NCEH1	False	0.6532485211788945	0.44126	False
ENSG00000144962	SPATA16	False	0.020041396094861226	0.025958	False
ENSG00000145012	LPP	False	0.035602638461398564	0.41872	False
ENSG00000145014	TMEM44	False	0.2000949178132497	0.06392	False
ENSG00000145016	RUBCN	False	0.15178370268246894	0.14365	False
ENSG00000145020	AMT	True	0.26602832875700644	0.086384	False
ENSG00000145022	TCTA	False	0.204892638227052	0.40782	False
ENSG00000145040	UCN2	False	0.06186665699037942	0.11207	False
ENSG00000145041	DCAF1	False	0.13185089507116746	0.089943	False
ENSG00000145087	STXBP5L	False	0.14302241491580178	0.20054	False
ENSG00000145088	EAF2	False	0.30437378976852897	0.17643	False
ENSG00000145103	ILDR1	False	0.005769672429187704	0.3824	False
ENSG00000145107	TM4SF19	False	0.047185952259693964	0.013947	False
ENSG00000145147	SLIT2	False	0.14658892856680042	0.28751	False
ENSG00000145191	EIF2B5	True	0.02347408823780686	0.22006	False
ENSG00000145192	AHSG	False	0.6834721533659662	0.21873	False
ENSG00000145194	ECE2	False	0.14712466903162238	0.018549	False
ENSG00000145198	VWA5B2	False	0.05876825858237368	0.091045	False
ENSG00000145214	DGKQ	False	0.3554694389723424	0.22316	False
ENSG00000145216	FIP1L1	False	0.34080481588389705	0.19844	False
ENSG00000145217	SLC26A1	False	0.46722318875055135	0.1066	False
ENSG00000145220	LYAR	False	0.03275657670192993	0.44238	False
ENSG00000145241	CENPC	False	0.35319529923430615	0.034806	False
ENSG00000145242	EPHA5	False	0.014356270629195297	0.053592	False
ENSG00000145244	CORIN	False	0.33919485112012776	0.25534	False
ENSG00000145246	ATP10D	False	0.15522668588319485	0.49361	False
ENSG00000145247	OCIAD2	False	0.250439460731953	0.094086	False
ENSG00000145248	SLC10A4	False	0.2863164836023226	0.07345	False
ENSG00000145283	SLC10A6	False	0.5161486988204183	0.22837	False
ENSG00000145284	SCD5	False	0.2792351390080178	0.60371	False
ENSG00000145293	ENOPH1	False	0.28378579126212755	0.10102	False
ENSG00000145309	CABS1	False	0.067671613432143	0.038006	False
ENSG00000145321	GC	False	0.676846813842573	0.70855	False
ENSG00000145331	TRMT10A	True	0.3158783187235046	0.16854	False
ENSG00000145332	KLHL8	False	0.05189390444297447	0.14397	False
ENSG00000145337	PYURF	False	0.23488289506215157	0.20709	False
ENSG00000145348	TBCK	True	0.1155179725825474	0.16612	False
ENSG00000145349	CAMK2D	False	0.06618954584465046	0.040776	False
ENSG00000145358	DDIT4L	False	0.6899067513361978	0.30162	False
ENSG00000145362	ANK2	True	0.34184585315580834	0.3205	False
ENSG00000145365	TIFA	False	0.1481852933215472	0.23718	False
ENSG00000145375	SPATA5	False	0.1698572739668574	0.27327	False
ENSG00000145386	CCNA2	False	0.03485799331211474	0.11754	False
ENSG00000145388	METTL14	False	0.06458408411568951	0.10796	False
ENSG00000145390	USP53	False	0.0824316366046844	0.44029	False
ENSG00000145391	SETD7	False	0.26694401905774845	0.023355	False
ENSG00000145414	NAF1	False	0.6546856550682629	0.32173	False
ENSG00000145423	SFRP2	False	0.05404730584229586	0.094555	False
ENSG00000145428	RNF175	False	0.21380773694261623	0.12599	False
ENSG00000145431	PDGFC	False	0.6219689143952121	0.33813	False
ENSG00000145439	CBR4	False	0.5498501145912777	0.15576	False
ENSG00000145451	GLRA3	False	0.4494564885530412	0.30973	False
ENSG00000145476	CYP4V2	False	0.010298875446854861	0.057304	False
ENSG00000145491	ROPN1L	False	0.24111693415921134	0.19421	False
ENSG00000145494	NDUFS6	True	0.6178166764345258	0.21599	False
ENSG00000145506	NKD2	False	0.04340976430703639	0.0057756	False
ENSG00000145526	CDH18	False	0.28092237533430325	0.28834	False
ENSG00000145536	ADAMTS16	False	0.02467017608106435	0.59574	False
ENSG00000145545	SRD5A1	False	0.4167841432441318	0.15143	False
ENSG00000145555	MYO10	False	0.3242377103010005	0.076224	False
ENSG00000145569	OTULINL	False	0.009414047698219147	0.00014099	False
ENSG00000145592	RPL37	False	0.8662929710960259		False
ENSG00000145604	SKP2	False	0.11351595998478897	0.39028	False
ENSG00000145623	OSMR	False	0.40591992096880136	0.8469	False
ENSG00000145626	UGT3A1	False	0.45704618388820295	0.090746	False
ENSG00000145632	PLK2	False	0.49708467102871234	0.076226	False
ENSG00000145642	SHISAL2B	False	0.6005298799766131	0.35826	False
ENSG00000145649	GZMA	False	0.4297179500867888	0.23309	False
ENSG00000145675	PIK3R1	False	0.3739733079309564	0.022285	False
ENSG00000145681	HAPLN1	False	0.23077244238252506	0.13202	False
ENSG00000145685	LHFPL2	False	0.36900755062079177	0.39457	False
ENSG00000145687	SSBP2	False	0.12110439091847705	0.068876	False
ENSG00000145692	BHMT	False	0.5898606644115667	0.33321	False
ENSG00000145700	ANKRD31	False	0.34705948731227115	0.64233	False
ENSG00000145703	IQGAP2	False	0.012064514487287835	0.12917	False
ENSG00000145708	CRHBP	False	0.49240649850499785	0.48211	False
ENSG00000145715	RASA1	False	0.33528428902352636	0.15881	False
ENSG00000145721	LIX1	False	0.3773414527952014	0.076554	False
ENSG00000145723	GIN1	False	0.45942162409561027	0.14644	False
ENSG00000145725	PPIP5K2	False	0.11786037093030383	0.03416	False
ENSG00000145730	PAM	False	0.18105912848008934	0.2849	False
ENSG00000145734	BDP1	False	0.08103791087097385	0.22617	False
ENSG00000145740	SLC30A5	False	9.695484309464181e-05	0.027476	False
ENSG00000145743	FBXL17	False	0.0566594503237415	0.37138	False
ENSG00000145757	SPATA9	False	0.01107935293643265	0.20839	False
ENSG00000145777	TSLP	False	0.10544786080918736	0.43239	False
ENSG00000145779	TNFAIP8	False	0.05450072683674855		False
ENSG00000145780	FEM1C	False	0.3806916834128921	0.37577	False
ENSG00000145781	COMMD10	False	0.43878997213882454	0.32529	False
ENSG00000145782	ATG12	False	0.06581552908366643	0.11429	False
ENSG00000145794	MEGF10	False	0.170872465255186	0.0078654	False
ENSG00000145808	ADAMTS19	False	0.4247448900942318	0.051709	False
ENSG00000145817	YIPF5	True	0.4376611585191881	0.12253	False
ENSG00000145819	ARHGAP26	False	0.31561547934021267	0.32917	False
ENSG00000145826	LECT2	False	0.26821675379340093	0.34586	False
ENSG00000145832	SLC25A48	False	0.009926593652387251	0.54803	False
ENSG00000145833	DDX46	False	0.22367436517634356	0.11721	False
ENSG00000145839	IL9	False	0.06260409143097392	0.52834	False
ENSG00000145850	TIMD4	False	0.0026079016835476375	0.021862	False
ENSG00000145860	RNF145	False	0.5890677891543852	0.33811	False
ENSG00000145863	GABRA6	False	0.35929225732630343	0.55476	False
ENSG00000145864	GABRB2	True	0.00019844420367950066	0.002172	False
ENSG00000145868	FBXO38	False	0.0961623834304774	0.23029	False
ENSG00000145882	PCYOX1L	False	0.5777059016776824	0.078806	False
ENSG00000145888	GLRA1	False	0.5120790776032169	0.65451	False
ENSG00000145901	TNIP1	False	0.047688645817609863	0.0025476	False
ENSG00000145907	G3BP1	False	0.38933184925225395	0.53398	False
ENSG00000145908	ZNF300	False	0.5650158961139025	0.29872	False
ENSG00000145911	N4BP3	False	0.16545333053643396	0.53644	False
ENSG00000145912	NHP2	False	0.4510190331660491	0.60134	False
ENSG00000145916	RMND5B	False	0.2716146628700574	0.65751	False
ENSG00000145919	BOD1	False	0.029678935082477632	0.52728	False
ENSG00000145920	CPLX2	False	0.48414438245079516	0.24667	False
ENSG00000145934	TENM2	False	0.03718326971290962	0.28231	False
ENSG00000145936	KCNMB1	False	0.37811831711274013	0.42997	False
ENSG00000145945	FAM50B	False	0.18215727158228512	0.20664	False
ENSG00000145949	MYLK4	False	0.46936331100627204	0.48924	False
ENSG00000145975	FAM217A	False	0.10076008331510215	0.12778	False
ENSG00000145979	TBC1D7	True	0.46677488000138634	0.075395	False
ENSG00000145982	FARS2	True	0.008817123457884076	0.078667	False
ENSG00000145990	GFOD1	False	0.7634150281503589	0.36517	False
ENSG00000145996	CDKAL1	False	0.15977852539142048	0.0018328	False
ENSG00000146005	PSD2	False	0.25116431078494716	0.49094	False
ENSG00000146006	LRRTM2	False	0.29317777659559474	0.13943	False
ENSG00000146013	GFRA3	False	0.11060379389005316	0.15799	False
ENSG00000146021	KLHL3	False	0.18209128644430264	0.24439	False
ENSG00000146038	DCDC2	False	0.43561377227550824	0.41044	False
ENSG00000146039	SLC17A4	False	0.4601077468462812	0.19037	False
ENSG00000146054	TRIM7	False	0.1636552416122601	0.24166	False
ENSG00000146063	TRIM41	False	0.6427963135276826	0.4728	False
ENSG00000146066	HIGD2A	False	0.28055730770140136	0.050834	False
ENSG00000146067	FAM193B	False	0.13251855234854681	0.0047569	False
ENSG00000146070	PLA2G7	False	0.4685406973970454	0.05117	False
ENSG00000146072	TNFRSF21	False	0.21284092274671812	0.13462	False
ENSG00000146083	RNF44	False	0.1735594665765142	0.36704	False
ENSG00000146090	RASGEF1C	False	0.009525034878136666	0.15828	False
ENSG00000146094	DOK3	False	0.08516857820274248	0.34218	False
ENSG00000146109	ABT1	False	0.1412365698272654	0.21748	False
ENSG00000146112	PPP1R18	False	0.2308950583930818	0.388	False
ENSG00000146122	DAAM2	False	0.4182952532465105	0.39683	False
ENSG00000146143	PRIM2	False	0.04277347610017465	0.61492	False
ENSG00000146147	MLIP	False	0.1696401471405482	0.22128	False
ENSG00000146151	HMGCLL1	False	0.049555508042841125	0.20269	False
ENSG00000146166	LGSN	False	0.0036771626411244646	0.05087	False
ENSG00000146192	FGD2	False	0.04816749795621259	0.0077942	False
ENSG00000146197	SCUBE3	False	0.14010526114365163	0.023264	False
ENSG00000146215	CRIP3	False	0.142231623490473	0.26551	False
ENSG00000146216	TTBK1	False	0.046169706220768804	0.11081	False
ENSG00000146221	TCTE1	False	0.20401437787906884	0.39312	False
ENSG00000146223	RPL7L1	False	0.22713686365913366	0.34429	False
ENSG00000146233	CYP39A1	False	0.03256293969045349	0.12775	False
ENSG00000146242	TPBG	False	0.6614159999041158	0.15014	False
ENSG00000146243	IRAK1BP1	False	0.140378724122996	0.4462	False
ENSG00000146247	PHIP	False	0.06311585098778179	0.22613	False
ENSG00000146250	PRSS35	False	0.15088935661870287	0.082398	False
ENSG00000146263	MMS22L	False	0.007398801223420363	0.012096	False
ENSG00000146267	FAXC	False	0.9151136747276583	0.53005	False
ENSG00000146276	GABRR1	False	0.2985570184861278	0.58056	False
ENSG00000146278	PNRC1	False	0.3567588782788171	0.23621	False
ENSG00000146281	PM20D2	False	0.34798075676522083	0.14275	False
ENSG00000146282	RARS2	True	0.05989565578467857	0.18511	False
ENSG00000146285	SCML4	False	0.2978319635252631	0.15525	False
ENSG00000146350	TBC1D32	False	0.4243322847306017	0.20418	False
ENSG00000146352	CLVS2	False	0.04156971334376965	0.49317	False
ENSG00000146360	GPR6	False	0.2889837447118572	0.15865	False
ENSG00000146373	RNF217	False	0.21557379475925845	0.2742	False
ENSG00000146374	RSPO3	False	0.18994538091288157	0.24936	False
ENSG00000146376	ARHGAP18	False	0.01560510822555582	0.10584	False
ENSG00000146378	TAAR2	False	0.03618185622025484	0.099174	False
ENSG00000146383	TAAR6	False	0.025299365269049568	0.22564	False
ENSG00000146385	TAAR8	False	0.13912028438948792		False
ENSG00000146386	ABRACL	False	0.6499965094634369		False
ENSG00000146399	TAAR1	False	0.25649613569365864		False
ENSG00000146409	SLC18B1	False	0.12798821095627502	0.63977	False
ENSG00000146410	MTFR2	False	0.34272654944020786	0.28616	False
ENSG00000146411	SLC2A12	False	0.24887079547876986	0.18998	False
ENSG00000146414	SHPRH	False	0.12351655023988899	0.11454	False
ENSG00000146416	AIG1	False	0.28911651372193314	0.092158	False
ENSG00000146425	DYNLT1	False	0.2662708636399209	0.053444	False
ENSG00000146426	TIAM2	False	0.601070624201396	0.5811	False
ENSG00000146453	PNLDC1	False	0.002341705873844655	0.5639	False
ENSG00000146457	WTAP	False	0.13181440369547387	0.29307	False
ENSG00000146463	ZMYM4	False	0.11350200673515666	0.082113	False
ENSG00000146469	VIP	False	0.37382848789891865	0.30858	False
ENSG00000146476	ARMT1	False	0.0024879326277554223	0.35046	False
ENSG00000146477	SLC22A3	False	0.04197581876357993	0.26226	False
ENSG00000146530	VWDE	False	0.15372488850785143	0.24946	False
ENSG00000146535	GNA12	False	5.7133936968660965e-06	0.20499	False
ENSG00000146540	C7orf50	False	0.5846381005679453	0.19847	False
ENSG00000146555	SDK1	False	0.033071046738857586	0.73251	False
ENSG00000146574	CCZ1B	False	0.1510219508907621	0.16547	False
ENSG00000146587	RBAK	False	0.3090989972977884	0.20681	False
ENSG00000146592	CREB5	False	0.10344346563654701	0.40185	False
ENSG00000146618	FERD3L	False	0.3053095360014107	0.099377	False
ENSG00000146648	EGFR	False	0.2940221167445004	0.057592	False
ENSG00000146670	CDCA5	False	0.19290913396291004	0.60326	False
ENSG00000146674	IGFBP3	False	0.34432294085408344		False
ENSG00000146676	PURB	False	0.4761919569340297	0.21963	False
ENSG00000146678	IGFBP1	False	0.10455481066569218	0.14093	False
ENSG00000146700	SSC4D	False	0.2772916581196147	0.46228	False
ENSG00000146701	MDH2	True	0.005613314581253355	0.00084137	False
ENSG00000146707	POMZP3	False	0.08681887327502107	0.095783	False
ENSG00000146729	NIPSNAP2	False	0.08525425202014378	0.045838	False
ENSG00000146731	CCT6A	True	0.46186105255810184	0.25854	False
ENSG00000146733	PSPH	True	0.05307209790858326	0.41682	False
ENSG00000146755	TRIM50	False	0.44830578603058036	0.18776	False
ENSG00000146757	ZNF92	False	0.08375059250877809	0.0072778	False
ENSG00000146776	ATXN7L1	False	0.0391230924112901		False
ENSG00000146802	TMEM168	False	0.1769443209569821	0.34139	False
ENSG00000146809	ASB15	False	0.10945350463441389	0.25083	False
ENSG00000146828	SLC12A9	False	0.002070689823481152	0.40511	False
ENSG00000146830	GIGYF1	False	0.0027676604877812415	0.0028035	False
ENSG00000146833	TRIM4	False	0.0012803841552999956	0.59424	False
ENSG00000146834	MEPCE	False	0.1523908067933294	0.063445	False
ENSG00000146839	ZAN	False	0.006891425664591334	0.49681	False
ENSG00000146842	TMEM209	False	0.021473368780542533	0.12295	False
ENSG00000146856	AGBL3	False	0.18866634759244252	0.154	False
ENSG00000146858	ZC3HAV1L	False	0.0006395921345390024	0.27733	False
ENSG00000146859	TMEM140	False	0.10846697538461672		False
ENSG00000146872	TLK2	True	0.6479898164756102	0.24111	False
ENSG00000146904	EPHA1	False	0.39340455502080235	0.12389	False
ENSG00000146909	NOM1	False	0.012713925273875798	0.061265	False
ENSG00000146918	NCAPG2	False	0.1855002376226376	0.13764	False
ENSG00000146926	ASB10	False	0.36659250787040976	0.15837	False
ENSG00000146955	RAB19	False	0.13449527192106306	0.56507	False
ENSG00000146966	DENND2A	False	0.2673595896151373	0.1719	False
ENSG00000147316	MCPH1	True	0.5664808844304414	0.70867	False
ENSG00000147324	MFHAS1	False	0.03986605664462824	0.50942	False
ENSG00000147364	FBXO25	False	0.37840905634474103	0.0082063	False
ENSG00000147408	CSGALNACT1	False	0.1554957634129115	0.42032	False
ENSG00000147416	ATP6V1B2	True	0.10917275579222847	0.34343	False
ENSG00000147419	CCDC25	False	0.21992071339234748	0.021196	False
ENSG00000147421	HMBOX1	False	0.07569624801447254	0.020962	False
ENSG00000147432	CHRNB3	False	0.5163372781661019	0.39847	False
ENSG00000147434	CHRNA6	False	0.37810452505772757	0.12124	False
ENSG00000147439	BIN3	False	0.4281364998137587	0.28835	False
ENSG00000147443	DOK2	False	0.13460476597449303	0.11638	False
ENSG00000147454	SLC25A37	False	0.015231230004902134	0.55199	False
ENSG00000147457	CHMP7	False	0.6969100148519518	0.40747	False
ENSG00000147459	DOCK5	False	0.05289447662995239	0.12605	False
ENSG00000147465	STAR	False	0.45096776586367515	0.16114	False
ENSG00000147471	PLPBP	True	0.10746477405225667	0.017294	False
ENSG00000147475	ERLIN2	False	0.01640283693617296	0.023958	False
ENSG00000147481	SNTG1	False	0.3830081667987187	0.33181	False
ENSG00000147485	PXDNL	False	0.24850901170583356	0.10093	False
ENSG00000147488	ST18	False	0.03967011198558876	0.011989	False
ENSG00000147509	RGS20	False	0.2729696595373003	0.45856	False
ENSG00000147526	TACC1	False	0.40631690394368875	0.23414	False
ENSG00000147535	PLPP5	False	0.11457118689796941	0.33314	False
ENSG00000147536	GINS4	False	0.4742572693198601	0.10011	False
ENSG00000147548	NSD3	False	0.4333154179529184	0.19379	False
ENSG00000147570	DNAJC5B	False	0.4435226362706103	0.077183	False
ENSG00000147571	CRH	False	0.370037144753451	0.056217	False
ENSG00000147573	TRIM55	False	0.2796319626594758	0.22667	False
ENSG00000147576	ADHFE1	False	0.3668898154597763	0.44648	False
ENSG00000147586	MRPS28	False	0.45419677472970266	0.37985	False
ENSG00000147588	PMP2	False	0.28030544580858824	0.19088	False
ENSG00000147592	LACTB2	False	0.027991137458227774	0.12093	False
ENSG00000147596	PRDM14	False	0.10625380017979481	0.19346	False
ENSG00000147601	TERF1	False	0.27135869790913153	0.15275	False
ENSG00000147604	RPL7	False	0.13573443332420188	0.3988	False
ENSG00000147606	SLC26A7	False	0.1560510300336689	0.22064	False
ENSG00000147613	PSKH2	False	0.28048414872464444	0.44851	False
ENSG00000147614	ATP6V0D2	False	0.30828873260326656	0.34618	False
ENSG00000147642	SYBU	False	0.5825758409236708	0.40792	False
ENSG00000147647	DPYS	False	0.04014580133912738	0.44211	False
ENSG00000147649	MTDH	False	0.08196849420437845		False
ENSG00000147650	LRP12	False	0.49727840117446154	0.48544	False
ENSG00000147654	EBAG9	False	0.3124613486363722	0.43421	False
ENSG00000147655	RSPO2	False	0.023152230864269204	0.071746	False
ENSG00000147676	MAL2	False	0.11018737312284814	0.48998	False
ENSG00000147677	EIF3H	False	0.19792159719578592	0.040904	False
ENSG00000147679	UTP23	False	0.6895029662580312	0.57638	False
ENSG00000147684	NDUFB9	False	0.026283681579674055	0.13965	False
ENSG00000147687	TATDN1	False	0.15907038830344317	0.12696	False
ENSG00000147689	FAM83A	False	0.05002500679250021	0.63202	False
ENSG00000147697	GSDMC	False	0.5392562317183025	0.5178	False
ENSG00000147724	FAM135B	False	0.21346444965929887	0.13041	False
ENSG00000147789	ZNF7	False	0.00838147406364861	0.27376	False
ENSG00000147799	ARHGAP39	False	0.012348157381342198	0.084913	False
ENSG00000147804	SLC39A4	False	0.26466140803865734	0.39544	False
ENSG00000147813	NAPRT	False	0.11853350418907455	0.3811	False
ENSG00000147852	VLDLR	True	0.28186124058304335	0.40436	False
ENSG00000147853	AK3	False	0.07237408139023027	0.18928	False
ENSG00000147854	UHRF2	False	0.5157491477766749	0.22332	False
ENSG00000147862	NFIB	False	0.003608938321995922	0.10135	False
ENSG00000147869	CER1	False	0.012102638372901821	0.15671	False
ENSG00000147872	PLIN2	False	0.6120644912724812	0.45139	False
ENSG00000147873	IFNA5	False	0.05092408138311943		False
ENSG00000147874	HAUS6	False	0.7142628496549897	0.010389	False
ENSG00000147883	CDKN2B	False	0.09105500180279047	0.046984	False
ENSG00000147885	IFNA16	False	0.18001253889870958		False
ENSG00000147889	CDKN2A	False	0.12997969538852205	0.35864	False
ENSG00000147894	C9orf72	False	0.42883702244151156	0.26727	False
ENSG00000147896	IFNK	False	0.28684301483303676	0.23443	False
ENSG00000147905	ZCCHC7	False	0.10892309826206406	0.032108	False
ENSG00000147912	FBXO10	False	0.03365242723481965	0.051087	False
ENSG00000147955	SIGMAR1	False	0.06073686091379259	0.048257	False
ENSG00000148019	CEP78	False	0.14918474085158004	0.32042	False
ENSG00000148053	NTRK2	True	0.05218567170630568	0.14946	False
ENSG00000148057	IDNK	False	0.012374785208885242	0.19255	False
ENSG00000148082	SHC3	False	0.2034848587706081	0.073938	False
ENSG00000148090	AUH	False	0.3023456578340105	0.54794	False
ENSG00000148110	MFSD14B	False	0.17206935203509816	0.045741	False
ENSG00000148123	PLPPR1	False	0.4349931672525027		False
ENSG00000148136	OR13C4	False	0.11483362123153486		False
ENSG00000148143	ZNF462	False	5.146094479101579e-05	0.0025362	False
ENSG00000148154	UGCG	False	0.26371186864251844	0.013859	False
ENSG00000148156	ACTL7B	False	0.20003461629211655	0.20285	False
ENSG00000148158	SNX30	False	0.08081389345051679	0.07929	False
ENSG00000148175	STOM	False	0.17479924024988946	0.54007	False
ENSG00000148180	GSN	False	0.16464044540701883	0.3242	False
ENSG00000148187	MRRF	False	0.240094338059436	0.091036	False
ENSG00000148200	NR6A1	False	0.20183761253262444	0.20416	False
ENSG00000148204	CRB2	False	0.2374531843985012	0.062391	False
ENSG00000148215	OR5C1	False	0.004682715040600023		False
ENSG00000148218	ALAD	False	0.061518095283605405	0.2306	False
ENSG00000148219	ASTN2	False	0.024088696204056913	0.0048788	False
ENSG00000148225	WDR31	False	0.09241384028537698	0.75995	False
ENSG00000148229	POLE3	False	0.19209099783355507	0.11812	False
ENSG00000148248	SURF4	False	0.440603363923348	0.15838	False
ENSG00000148288	GBGT1	False	0.055892763581783585	0.22818	False
ENSG00000148290	SURF1	True	0.30027996255483524	0.30979	False
ENSG00000148291	SURF2	False	0.6211103342831853	0.24272	False
ENSG00000148296	SURF6	False	0.37747087141189534	0.33116	False
ENSG00000148297	MED22	False	0.006463892254437477	0.067233	False
ENSG00000148300	REXO4	False	0.040262221157890646	0.018121	False
ENSG00000148303	RPL7A	False	0.053641543827318415	0.19556	False
ENSG00000148308	GTF3C5	False	0.3442047239939218	0.48891	False
ENSG00000148331	ASB6	False	0.04862810789551058	0.12049	False
ENSG00000148334	PTGES2	False	0.649219387768561	0.62007	False
ENSG00000148335	NTMT1	False	0.12815085049841	0.14083	False
ENSG00000148337	CIZ1	False	0.01004615621560678	0.12199	False
ENSG00000148339	SLC25A25	False	0.11220709915966363	0.42604	False
ENSG00000148341	SH3GLB2	False	0.058462540383354085	0.069739	False
ENSG00000148343	MIGA2	False	0.040774213841696445	0.12944	False
ENSG00000148344	PTGES	False	0.4196183408744861	0.45126	False
ENSG00000148346	LCN2	False	0.06626072938538599	0.49158	False
ENSG00000148356	LRSAM1	False	0.2856002796434687	0.66719	False
ENSG00000148358	GPR107	False	0.35129711453341034	0.48603	False
ENSG00000148362	PAXX	False	0.360737802669057	0.015866	False
ENSG00000148377	IDI2	False	0.15683452223050223	0.19382	False
ENSG00000148384	INPP5E	False	0.15657753240807024	0.060526	False
ENSG00000148396	SEC16A	False	0.4247203450749776	0.57762	False
ENSG00000148399	DPH7	False	0.37761465877117384	0.27693	False
ENSG00000148400	NOTCH1	False	0.2771829633178673	0.24156	False
ENSG00000148408	CACNA1B	True	1.8043110062864027e-06	0.00024803	False
ENSG00000148411	NACC2	False	0.13934924498104273	0.054942	False
ENSG00000148426	PROSER2	False	0.23786321175590233	0.21579	False
ENSG00000148429	USP6NL	False	0.03186698226298387	0.20342	False
ENSG00000148444	COMMD3	False	0.0039082312450492715	0.39852	False
ENSG00000148450	MSRB2	False	0.1514750320247786	0.31152	False
ENSG00000148459	PDSS1	False	0.43930194834754377	0.34571	False
ENSG00000148468	FAM171A1	False	0.030541548118732477	0.023754	False
ENSG00000148481	MINDY3	False	0.2745834438543076	0.35617	False
ENSG00000148482	SLC39A12	False	0.1675009675410796	0.23524	False
ENSG00000148483	TMEM236	False	0.28594612046367435	0.25325	False
ENSG00000148484	RSU1	False	0.07439416622025764	0.21761	False
ENSG00000148488	ST8SIA6	False	0.5219672149613688	0.073219	False
ENSG00000148498	PARD3	False	0.5743336566881208	0.10691	False
ENSG00000148516	ZEB1	False	0.01849686750283499	0.066277	False
ENSG00000148541	FAM13C	False	0.5059506158957081	0.3236	False
ENSG00000148572	NRBF2	False	0.006225401105492179	0.077208	False
ENSG00000148584	A1CF	False	0.17392896199463997	0.2798	False
ENSG00000148600	CDHR1	False	0.13398646529482272	0.13327	False
ENSG00000148602	LRIT1	False	0.5293146291906192	0.25068	False
ENSG00000148604	RGR	False	0.1310560989688683	0.48661	False
ENSG00000148606	POLR3A	False	0.053952000064045255	0.064724	False
ENSG00000148634	HERC4	False	0.385003519937863	0.10975	False
ENSG00000148655	LRMDA	False	0.526663558534962	0.14947	False
ENSG00000148660	CAMK2G	False	0.27553819279783687	0.023785	False
ENSG00000148672	GLUD1	True	0.009637989298907546	0.017285	False
ENSG00000148677	ANKRD1	False	0.3141685724012274	0.092894	False
ENSG00000148680	HTR7	False	0.08699432281502929	0.20435	False
ENSG00000148688	RPP30	False	0.14273444007266553	0.09823	False
ENSG00000148700	ADD3	False	0.38398653599190363	0.38047	False
ENSG00000148702	HABP2	False	0.2847474670617423	0.50127	False
ENSG00000148704	VAX1	False	0.4078753854788214	0.00058441	False
ENSG00000148730	EIF4EBP2	False	0.007845799177336065	0.25989	False
ENSG00000148734	NPFFR1	False	0.3852164426523087	0.1651	False
ENSG00000148735	PLEKHS1	False	0.06784092536494547	0.20069	False
ENSG00000148737	TCF7L2	False	0.3872055732354785	0.021035	False
ENSG00000148773	MKI67	False	0.3195685816592176	0.13543	False
ENSG00000148795	CYP17A1	False	0.4463118590493391	0.052054	False
ENSG00000148798	INA	False	0.044621188962233264	0.041508	False
ENSG00000148803	FUOM	False	0.018790385153513597	0.38283	False
ENSG00000148814	LRRC27	False	0.35424674232722897	0.37454	False
ENSG00000148826	NKX6-2	False	0.07780533020584177	0.27002	False
ENSG00000148832	PAOX	False	0.5159232520045023	0.31387	False
ENSG00000148834	GSTO1	False	0.11213522694798884	0.23354	False
ENSG00000148835	TAF5	False	0.2207699657256014	0.23032	False
ENSG00000148840	PPRC1	False	0.1414899523789231	0.1124	False
ENSG00000148841	ITPRIP	False	0.1647672323802497	0.049913	False
ENSG00000148842	CNNM2	True	0.007446640021127168	0.38029	False
ENSG00000148843	PDCD11	False	0.5581127161463915	0.26533	False
ENSG00000148848	ADAM12	False	0.15426222097646256	0.49808	False
ENSG00000148908	RGS10	False	0.5136253141023746	0.70647	False
ENSG00000148925	BTBD10	False	0.1880232600180682	0.10965	False
ENSG00000148926	ADM	False	0.27980443729995397		False
ENSG00000148935	GAS2	False	0.03175468323363933	0.37866	False
ENSG00000148942	SLC5A12	False	0.6901731578725349	0.036593	False
ENSG00000148943	LIN7C	False	0.35314224282700474	0.085424	False
ENSG00000148948	LRRC4C	False	0.17662876487923185	0.13044	False
ENSG00000148950	IMMP1L	False	0.24161308210873006	0.36744	False
ENSG00000148985	PGAP2	True	0.20594918877380342	0.091585	False
ENSG00000149021	SCGB1A1	False	0.03165959790921069	0.74246	False
ENSG00000149043	SYT8	False	0.011259872566228386	0.75934	False
ENSG00000149050	ZNF214	False	0.6003374892284415	0.11553	False
ENSG00000149054	ZNF215	False	0.3714677882573998	0.1933	False
ENSG00000149084	HSD17B12	False	0.04513846568742724	0.091851	False
ENSG00000149089	APIP	False	0.5006753413935714	0.30291	False
ENSG00000149090	PAMR1	False	0.11288970839979863	0.35523	False
ENSG00000149091	DGKZ	False	0.17902950525093347	0.014508	False
ENSG00000149100	EIF3M	False	0.20109027849049804	0.14864	False
ENSG00000149115	TNKS1BP1	False	0.36884833031366854	0.29651	False
ENSG00000149124	GLYAT	False	0.18436032617148235	0.41097	False
ENSG00000149131	SERPING1	False	0.07797043096440552	0.27625	False
ENSG00000149133	OR5F1	False	0.6082773883851644		False
ENSG00000149136	SSRP1	False	0.13031323935987768	0.15921	False
ENSG00000149150	SLC43A1	False	0.25889906981556204	0.28005	False
ENSG00000149177	PTPRJ	False	0.13221908600446186	0.08033	False
ENSG00000149182	ARFGAP2	False	0.3856121724990321	0.05456	False
ENSG00000149187	CELF1	False	0.08552085479065295	0.0077335	False
ENSG00000149196	HIKESHI	False	0.00892788852104943	0.027167	False
ENSG00000149201	CCDC81	False	0.05147334536214783	0.082588	False
ENSG00000149212	SESN3	False	0.216309998698508	0.24547	False
ENSG00000149218	ENDOD1	False	0.662542118194833	0.33609	False
ENSG00000149231	CCDC82	False	0.22302085501413563	0.071394	False
ENSG00000149243	KLHL35	False	0.48700995307621453	0.097714	False
ENSG00000149256	TENM4	False	0.21098726480810975	0.3258	False
ENSG00000149257	SERPINH1	False	0.010316478053897024	0.098549	False
ENSG00000149260	CAPN5	False	0.013662446090087037	0.29686	False
ENSG00000149262	INTS4	False	0.12713669427860333	0.1224	False
ENSG00000149269	PAK1	True	0.008794633743610081	0.065355	False
ENSG00000149289	ZC3H12C	False	0.2612668246138861	0.26196	False
ENSG00000149292	TTC12	False	0.05071933823346503	0.13457	False
ENSG00000149294	NCAM1	False	0.035675799854844724	0.31101	False
ENSG00000149295	DRD2	False	0.0720590734063834	0.26223	False
ENSG00000149300	C11orf52	False	0.1076517155067224	0.012767	False
ENSG00000149305	HTR3B	False	0.5571438957145696	0.52155	False
ENSG00000149308	NPAT	False	0.5364024610483928	0.065816	False
ENSG00000149311	ATM	False	0.004062402661847129	0.41044	False
ENSG00000149313	AASDHPPT	False	0.10236068863981793	0.28507	False
ENSG00000149328	GLB1L2	False	0.06949891732717502	0.20069	False
ENSG00000149346	SLX4IP	False	0.05298389049315779	0.43842	False
ENSG00000149357	LAMTOR1	False	0.4488086212088498		False
ENSG00000149380	P4HA3	False	0.06765653879773074	0.015332	False
ENSG00000149403	GRIK4	False	0.24178580158529087	0.082999	False
ENSG00000149418	ST14	False	0.6535448226565124	0.62048	False
ENSG00000149428	HYOU1	False	0.3073989924073925	0.065927	False
ENSG00000149435	GGTLC1	False	0.5807806308086155	0.34358	False
ENSG00000149451	ADAM33	False	0.1511306523394569	0.054437	False
ENSG00000149452	SLC22A8	False	0.21233839120162082	0.10382	False
ENSG00000149474	KAT14	False	0.004066068760831358	0.2395	False
ENSG00000149476	TKFC	False	0.07562827848877648	0.35387	False
ENSG00000149480	MTA2	False	0.007154588659615179	0.20053	False
ENSG00000149483	TMEM138	False	0.036011701778547824	0.17002	False
ENSG00000149485	FADS1	False	0.01618298263292298	0.30289	False
ENSG00000149488	TMC2	False	0.03326437870559214	0.40449	False
ENSG00000149489	ROM1	False	0.022098435056353956	0.044839	False
ENSG00000149499	EML3	False	0.22674820843159332	0.095214	False
ENSG00000149503	INCENP	False	0.4268552192596695	0.21776	False
ENSG00000149506	ZP1	False	0.0003446183139775126	0.4456	False
ENSG00000149516	MS4A3	False	0.11543691849534628	0.030573	False
ENSG00000149527	PLCH2	False	0.22245313548393802	0.20925	False
ENSG00000149532	CPSF7	False	0.06435101829549823	0.040006	False
ENSG00000149534	MS4A2	False	0.7915701921205265	0.56457	False
ENSG00000149541	B3GAT3	False	0.635916915584356	0.38429	False
ENSG00000149547	EI24	False	0.14073742694027783	0.16083	False
ENSG00000149548	CCDC15	False	0.2747293895271859	0.25565	False
ENSG00000149554	CHEK1	False	0.30767812746319934	0.06162	False
ENSG00000149557	FEZ1	False	0.09242029967221052	0.1989	False
ENSG00000149564	ESAM	True	0.04628032131772517	0.036424	False
ENSG00000149571	KIRREL3	False	0.51252297846575	0.19586	False
ENSG00000149573	MPZL2	False	0.30811826266755366	0.25292	False
ENSG00000149575	SCN2B	False	0.31117373073386084	0.057942	False
ENSG00000149577	SIDT2	False	0.1109959637129153	0.11962	False
ENSG00000149582	TMEM25	False	0.5014674019528291	0.48655	False
ENSG00000149591	TAGLN	False	0.025734533407324314	0.24605	False
ENSG00000149596	JPH2	False	0.48949257096003695	0.45733	False
ENSG00000149599	DUSP15	False	0.002320189391572274	0.24078	False
ENSG00000149600	COMMD7	False	0.25937873104169495	0.39012	False
ENSG00000149609	C20orf144	False	0.14881048388986495	0.36736	False
ENSG00000149633	KIAA1755	False	0.02322680182344743	0.027408	False
ENSG00000149634	SPATA25	False	0.608444980978871	0.356	False
ENSG00000149635	OCSTAMP	False	0.7018611165889345	0.31608	False
ENSG00000149636	DSN1	False	0.3783096687295693	0.36949	False
ENSG00000149639	SOGA1	False	0.008018993151305543	0.35047	False
ENSG00000149646	CNBD2	False	0.5911308306015236	0.16837	False
ENSG00000149651	SPINT4	False	0.03498387610810765	0.24815	False
ENSG00000149654	CDH22	False	0.07864343580259418	0.24087	False
ENSG00000149657	LSM14B	False	0.1291747626074315	0.0709	False
ENSG00000149658	YTHDF1	False	0.09299621320418874	0.092625	False
ENSG00000149679	CABLES2	False	0.00029832387219222314	0.018317	False
ENSG00000149735	GPHA2	False	0.026761495990903758	0.2222	False
ENSG00000149742	SLC22A9	False	0.165663414769158	0.10969	False
ENSG00000149743	TRPT1	False	0.4878160710125031	0.25943	False
ENSG00000149761	NUDT22	False	0.20492219248728072	0.36845	False
ENSG00000149781	FERMT3	False	0.3014864033207292	0.039385	False
ENSG00000149782	PLCB3	False	0.6264779624101402	0.074102	False
ENSG00000149792	MRPL49	False	0.04955506983395334	0.021592	False
ENSG00000149798	CDC42EP2	False	0.22373236300533103	0.48758	False
ENSG00000149806	FAU	False	0.36917891392333896	0.11562	False
ENSG00000149809	TM7SF2	False	0.046540128510706484	0.008646	False
ENSG00000149823	VPS51	False	0.605594491405901	0.2603	False
ENSG00000149922	TBX6	False	0.36774056899022817	0.37377	False
ENSG00000149923	PPP4C	False	0.4056389448430681	0.25725	False
ENSG00000149925	ALDOA	False	0.7795623091834785	0.47562	False
ENSG00000149927	DOC2A	False	0.04338583127799214	0.08162	False
ENSG00000149929	HIRIP3	False	0.2649717048116867	0.064923	False
ENSG00000149930	TAOK2	False	0.4301142257521181	0.22629	False
ENSG00000149932	TMEM219	False	0.09606923742671562	0.040218	False
ENSG00000149968	MMP3	False	0.27859638796243946	0.35481	False
ENSG00000149972	CNTN5	False	0.005530496309638233	0.48163	False
ENSG00000150045	KLRF1	False	0.2737427857327339	0.7349	False
ENSG00000150048	CLEC1A	False	0.0223898588350226	0.1136	False
ENSG00000150051	MKX	False	0.03587706216133598	0.13135	False
ENSG00000150054	MPP7	False	0.14955544095063708	0.010183	False
ENSG00000150093	ITGB1	False	0.01146420303243359	0.26198	False
ENSG00000150244	TRIM48	False	0.547283764133912	0.45509	False
ENSG00000150261	OR8K1	False	0.027938748435522635		False
ENSG00000150275	PCDH15	False	0.048318148141288396	0.38801	False
ENSG00000150316	CWC15	False	0.30366004111627	0.48294	False
ENSG00000150337	FCGR1A	False	0.013230964049430319	0.39831	False
ENSG00000150347	ARID5B	False	0.5994692903083036	0.0091148	False
ENSG00000150361	KLHL1	False	0.07182027706208229	0.030652	False
ENSG00000150394	CDH8	False	0.22083647408764606	0.31844	False
ENSG00000150401	DCUN1D2	False	0.16442176530466923	0.19013	False
ENSG00000150403	TMCO3	False	0.30537111508400566	0.13778	False
ENSG00000150433	TMEM218	False	0.05799056636122358	0.21837	False
ENSG00000150455	TIRAP	False	0.07843608367930381	0.13656	False
ENSG00000150456	EEF1AKMT1	False	0.028748245808726938	0.52105	False
ENSG00000150457	LATS2	False	0.3656296922865917	0.26848	False
ENSG00000150459	SAP18	False	0.36628329994608805	0.074124	False
ENSG00000150471	ADGRL3	False	0.07290249371136956	0.31465	False
ENSG00000150477	KIAA1328	False	0.28402722200090846	0.17555	False
ENSG00000150510	FAM124A	False	0.004342571819964711	0.23773	False
ENSG00000150527	MIA2	False	0.40103039263242785	0.36387	False
ENSG00000150540	HNMT	False	1.730580546290932e-05	0.040448	False
ENSG00000150551	LYPD1	False	0.037130874081095264	0.0057635	False
ENSG00000150556	LYPD6B	False	0.22529852452993773	0.42193	False
ENSG00000150593	PDCD4	False	0.1260468068112178	0.098894	False
ENSG00000150594	ADRA2A	False	0.12281537457142536	0.49367	False
ENSG00000150625	GPM6A	False	0.16424937973596754		False
ENSG00000150627	WDR17	False	0.06330892021182474	0.18083	False
ENSG00000150628	SPATA4	False	0.355292704768706	0.36399	False
ENSG00000150630	VEGFC	False	0.34297162483448945	0.3665	False
ENSG00000150636	CCDC102B	False	0.09411975905033623	0.021712	False
ENSG00000150637	CD226	False	0.5505308041937499	0.67343	False
ENSG00000150656	CNDP1	False	0.14269643597588252	0.11088	False
ENSG00000150667	FSIP1	False	0.42299641658014053	0.40225	False
ENSG00000150672	DLG2	False	0.5855400062884504	0.20146	False
ENSG00000150676	CCDC83	False	0.1755418991580355	0.32378	False
ENSG00000150681	RGS18	False	0.2756255029539557	0.1441	False
ENSG00000150687	PRSS23	False	0.36023043202450966	0.24485	False
ENSG00000150712	MTMR12	False	0.10009198045212109	0.012407	False
ENSG00000150722	PPP1R1C	False	0.32226495345127143	0.27952	False
ENSG00000150753	CCT5	False	0.5266562211251766	0.2795	False
ENSG00000150760	DOCK1	False	0.14286616622351786	0.19724	False
ENSG00000150764	DIXDC1	False	0.23407002059291168	0.2556	False
ENSG00000150768	DLAT	False	0.0989478598623762	0.097223	False
ENSG00000150773	PIH1D2	False	0.03653312715232568	0.059264	False
ENSG00000150776	NKAPD1	False	0.1526876663097227	0.16215	False
ENSG00000150782	IL18	False	0.16813169337272205		False
ENSG00000150787	PTS	True	0.0007905932908654514	0.25322	False
ENSG00000150867	PIP4K2A	False	0.28315642491569476	0.24564	False
ENSG00000150873	C2orf50	False	0.24251772688345208	0.16935	False
ENSG00000150893	FREM2	False	0.008546267317287122	0.13833	False
ENSG00000150907	FOXO1	False	0.00024630044085358874	0.039115	False
ENSG00000150938	CRIM1	False	0.43257690718226194	0.33196	False
ENSG00000150961	SEC24D	False	0.01053123372539129	0.12363	False
ENSG00000150967	ABCB9	False	0.06304952346237148	0.29528	False
ENSG00000150977	RILPL2	False	0.7185460146927296	0.30381	False
ENSG00000150990	DHX37	False	0.1499326096138444	0.12494	False
ENSG00000150991	UBC	False	0.13049840978889962	0.068835	False
ENSG00000150995	ITPR1	False	0.09180819396961679	0.097842	False
ENSG00000151005	TKTL2	False	0.2299755573985827		False
ENSG00000151006	PRSS53	False	0.05490046222543034	0.3641	False
ENSG00000151012	SLC7A11	False	0.5237255830708385	0.13054	False
ENSG00000151014	NOCT	False	0.006024646427861213	0.40618	False
ENSG00000151023	ENKUR	False	0.07569217363333276	0.30392	False
ENSG00000151025	GPR158	False	0.03242560955839593	0.058859	False
ENSG00000151062	CACNA2D4	False	0.04670773378971246	0.29334	False
ENSG00000151065	DCP1B	False	0.33759066513185537	0.14258	False
ENSG00000151067	CACNA1C	True	0.4011761213938395	0.031731	False
ENSG00000151079	KCNA6	True	0.1383384365751846	0.098546	False
ENSG00000151090	THRB	False	0.3330165369957821	0.13598	False
ENSG00000151092	NGLY1	True	0.5636404632784129	0.3699	False
ENSG00000151093	OXSM	False	0.28559333064934733	0.26672	False
ENSG00000151116	UEVLD	False	0.6290429267240456	0.47624	False
ENSG00000151117	TMEM86A	False	0.019145139741484855	0.51137	False
ENSG00000151148	UBE3B	False	0.06388009822652065	0.42451	False
ENSG00000151150	ANK3	True	0.0077035436429123486	0.18078	False
ENSG00000151151	IPMK	False	0.5200149091418942	0.16359	False
ENSG00000151164	RAD9B	False	0.0390252185708948	0.28686	False
ENSG00000151176	PLBD2	False	0.03470046471886215	0.18095	False
ENSG00000151208	DLG5	False	0.40152171583280416	0.029418	False
ENSG00000151224	MAT1A	False	0.3267551980591414	0.22049	False
ENSG00000151229	SLC2A13	False	0.1618296286686039	0.16666	False
ENSG00000151233	GXYLT1	False	0.2733977038835503	0.50471	False
ENSG00000151239	TWF1	False	0.41192336492525805	0.31176	False
ENSG00000151240	DIP2C	False	0.09719929144281066	0.044225	False
ENSG00000151247	EIF4E	False	0.5612068491289878	0.36728	False
ENSG00000151276	MAGI1	False	0.1250454700875309	0.12659	False
ENSG00000151287	TEX30	False	0.047114562479583844	0.24436	False
ENSG00000151292	CSNK1G3	False	0.2546424918032903	0.31526	False
ENSG00000151304	SRFBP1	False	0.29820053348730646	0.25875	False
ENSG00000151320	AKAP6	False	0.012878043939644613	0.17831	False
ENSG00000151322	NPAS3	False	0.4461294914596958	0.067802	False
ENSG00000151327	FAM177A1	True	0.0001657218193158404	0.39432	False
ENSG00000151332	MBIP	False	0.6247799476195958	0.36266	False
ENSG00000151338	MIPOL1	False	0.22888572166703106	0.27809	False
ENSG00000151348	EXT2	True	0.10897302794686967	0.037911	False
ENSG00000151353	TMEM18	False	0.35159496754914543	0.072206	False
ENSG00000151360	ALLC	False	0.16240414854507426	0.12088	False
ENSG00000151364	KCTD14	False	0.17198686470993102		False
ENSG00000151365	THRSP	False	0.6602299986864997	0.57819	False
ENSG00000151366	NDUFC2	False	0.16383004376264032	0.32699	False
ENSG00000151376	ME3	False	0.08334059755663425	0.39054	False
ENSG00000151379	MSGN1	False	0.5835466054952851	0.67021	False
ENSG00000151388	ADAMTS12	False	0.1056295111537669	0.17903	False
ENSG00000151413	NUBPL	True	0.19303184761735828	0.057187	False
ENSG00000151414	NEK7	False	0.07691124530061917	0.12588	False
ENSG00000151422	FER	False	0.3348445574286667	0.40526	False
ENSG00000151445	VIPAS39	False	0.2222768126345572	0.15999	False
ENSG00000151458	ANKRD50	False	0.31419847932011186	0.39996	False
ENSG00000151461	UPF2	False	0.06996816059150639	0.56752	False
ENSG00000151465	CDC123	False	0.2646122063751513	0.014218	False
ENSG00000151466	SCLT1	False	0.006364355640381255	0.21539	False
ENSG00000151468	CCDC3	False	0.4652814472922696	0.2849	False
ENSG00000151470	C4orf33	False	0.11754512262626353	0.097619	False
ENSG00000151474	FRMD4A	False	0.26268090405376515	0.36331	False
ENSG00000151475	SLC25A31	False	0.5192838689519855	0.43708	False
ENSG00000151490	PTPRO	False	0.0027099820750880288	0.0031986	False
ENSG00000151491	EPS8	False	0.3533654827536564	0.10707	False
ENSG00000151498	ACAD8	False	0.18462958606353813	0.10408	False
ENSG00000151500	THYN1	False	0.055176345184941446	0.45185	False
ENSG00000151502	VPS26B	False	0.3191339132584202	0.097543	False
ENSG00000151503	NCAPD3	False	0.40604733584336533	0.037634	False
ENSG00000151532	VTI1A	False	0.27314486303492314	0.040825	False
ENSG00000151552	QDPR	True	0.23459505077541926	0.021947	False
ENSG00000151572	ANO4	True	0.004751081674727671	0.097847	False
ENSG00000151575	TEX9	False	0.4177308463334308	0.35393	False
ENSG00000151576	QTRT2	False	0.5474615104190839	0.16483	False
ENSG00000151577	DRD3	False	0.0003127518907847632	0.3249	False
ENSG00000151611	MMAA	False	0.07109351619006479	0.13453	False
ENSG00000151612	ZNF827	False	0.31696009366444383	0.03042	False
ENSG00000151615	POU4F2	False	0.36358931969661124		False
ENSG00000151617	EDNRA	False	0.032504186478867166	0.14267	False
ENSG00000151623	NR3C2	False	0.06997024998944114	0.01144	False
ENSG00000151632	AKR1C2	False	0.16151964852196307	0.098138	False
ENSG00000151640	DPYSL4	False	0.05454336424317866	0.39392	False
ENSG00000151650	VENTX	False	0.2789463578114061	0.57188	False
ENSG00000151651	ADAM8	False	0.07823719499207415	0.42656	False
ENSG00000151655	ITIH2	False	0.044564925571464256	0.20641	False
ENSG00000151657	KIN	False	0.11631074517321112	0.62688	False
ENSG00000151687	ANKAR	False	0.059426399158492425	0.0016155	False
ENSG00000151689	INPP1	False	0.03516743435771437	0.12697	False
ENSG00000151690	MFSD6	False	0.22338951024002487	0.32523	False
ENSG00000151692	RNF144A	False	0.022657100479637367	0.099313	False
ENSG00000151693	ASAP2	False	0.11507055727077442	0.25426	False
ENSG00000151694	ADAM17	False	0.09686358587987795	0.58958	False
ENSG00000151702	FLI1	False	0.17663113278083198	0.072552	False
ENSG00000151704	KCNJ1	False	0.08343934515566193	0.14184	False
ENSG00000151715	TMEM45B	False	0.010723818267387606	0.51343	False
ENSG00000151718	WWC2	False	0.3203572983486391	0.18685	False
ENSG00000151725	CENPU	False	0.0925873239074539	0.19908	False
ENSG00000151726	ACSL1	False	0.5496130566670011	0.16419	False
ENSG00000151729	SLC25A4	False	0.24099291387141047	0.059685	False
ENSG00000151743	AMN1	False	0.028348976276245014	0.43439	False
ENSG00000151746	BICD1	False	0.09627259128067804	0.011568	False
ENSG00000151748	SAV1	False	0.5358485985265588	0.37697	False
ENSG00000151773	CCDC122	False	0.6488925192547497	0.32029	False
ENSG00000151779	NBAS	False	0.0400366602120514	0.01091	False
ENSG00000151789	ZNF385D	False	0.16894434475844453	0.42301	False
ENSG00000151790	TDO2	False	0.006957037348740591	0.13532	False
ENSG00000151806	GUF1	False	0.19171452423772678	0.049475	False
ENSG00000151812	SLC35F4	False	0.4491578970023501	0.41453	False
ENSG00000151834	GABRA2	True	0.005669682266227255	0.0076044	False
ENSG00000151835	SACS	True	0.04726451645744479	0.11952	False
ENSG00000151838	CCDC175	False	0.11746191483071276	0.31261	False
ENSG00000151846	PABPC3	False	0.53767293695802	0.60947	False
ENSG00000151849	CENPJ	False	9.244001747114884e-05	0.12006	False
ENSG00000151876	FBXO4	False	0.15072999570482928	0.035279	False
ENSG00000151881	TMEM267	False	0.08877307402525618	0.58387	False
ENSG00000151882	CCL28	False	0.5592295228127362		False
ENSG00000151883	PARP8	False	0.2737764669612433	0.018455	False
ENSG00000151892	GFRA1	False	0.23885978105685793	0.5784	False
ENSG00000151893	CACUL1	False	0.4857281592945232	0.37236	False
ENSG00000151914	DST	False	0.047968735227029775	0.47649	False
ENSG00000151917	BEND6	False	0.21854601264080753	0.0087518	False
ENSG00000151923	TIAL1	False	0.2414027549688103	0.032939	False
ENSG00000151929	BAG3	False	0.06542743868514342	0.26097	False
ENSG00000151948	GLT1D1	False	0.8085166337962346	0.23367	False
ENSG00000151952	TMEM132D	False	0.21976005429616147	0.12064	False
ENSG00000151962	RBM46	False	0.12039383587968402	0.216	False
ENSG00000152034	MCHR2	False	0.034015821289093334	0.32861	False
ENSG00000152056	AP1S3	False	0.13580585099872658	0.44171	False
ENSG00000152061	RABGAP1L	False	0.35404833215437115	0.062573	False
ENSG00000152076	CCDC74B	False	0.3778269597579089	0.19904	False
ENSG00000152082	MZT2B	False	0.3117676944168143	0.14766	False
ENSG00000152086	TUBA3E	False	0.6206029921838612	0.78898	False
ENSG00000152092	ASTN1	True	0.40722550874962393	0.12094	False
ENSG00000152102	FAM168B	False	0.5262841677684829	0.23179	False
ENSG00000152104	PTPN14	False	0.11743687568403978	0.26529	False
ENSG00000152127	MGAT5	False	0.015401442282228627	0.020893	False
ENSG00000152128	TMEM163	False	0.23132277961535735	0.32312	False
ENSG00000152133	GPATCH11	False	0.0945019531304974	0.38197	False
ENSG00000152137	HSPB8	False	0.31670595253892614	0.43766	False
ENSG00000152147	GEMIN6	False	0.17900528473316635	0.023009	False
ENSG00000152154	TMEM178A	False	0.679196618779887	0.27919	False
ENSG00000152192	POU4F1	False	0.023109078024426587	0.27666	False
ENSG00000152207	CYSLTR2	False	0.0030865294771118133		False
ENSG00000152208	GRID2	False	0.3751968978572686	0.35331	False
ENSG00000152213	ARL11	False	0.21218638955923633		False
ENSG00000152214	RIT2	False	0.053211167263622516	0.31189	False
ENSG00000152217	SETBP1	True	0.6585344857791946	0.17206	False
ENSG00000152219	ARL14EP	False	0.12404421758539029	0.39627	False
ENSG00000152223	EPG5	True	0.07533055446863643	0.12342	False
ENSG00000152229	PSTPIP2	False	0.10407328722437577	0.26487	False
ENSG00000152234	ATP5F1A	True	0.3405197844202216	0.038268	False
ENSG00000152240	HAUS1	False	0.7917648369532	0.54334	False
ENSG00000152242	C18orf25	False	0.28825814809423234	0.31937	False
ENSG00000152253	SPC25	False	0.3567333831721638	0.20873	False
ENSG00000152254	G6PC2	False	0.4149413571112748	0.3837	False
ENSG00000152256	PDK1	False	0.41816735728171295	0.56865	False
ENSG00000152266	PTH	False	0.09904354855972317	0.25108	False
ENSG00000152270	PDE3B	False	0.22166292026745096	0.13559	False
ENSG00000152284	TCF7L1	False	0.4590726531135956	0.076351	False
ENSG00000152291	TGOLN2	False	0.19117522831648187	0.32375	False
ENSG00000152315	KCNK13	False	0.17510502814518838	0.15139	False
ENSG00000152332	UHMK1	False	0.06445451345469287	0.10597	False
ENSG00000152348	ATG10	False	0.45136860205721974	0.086667	False
ENSG00000152359	POC5	False	0.18180439971500886	0.079697	False
ENSG00000152377	SPOCK1	False	0.14750562570861048	0.64952	False
ENSG00000152380	FAM151B	False	0.09038652806166876	0.033235	False
ENSG00000152382	TADA1	False	0.004020644631982294	0.36963	False
ENSG00000152402	GUCY1A2	False	0.08061528554498891	0.56429	False
ENSG00000152404	CWF19L2	False	0.08774598605254255	0.19093	False
ENSG00000152409	JMY	False	0.062236914571245534	0.438	False
ENSG00000152413	HOMER1	False	0.524671390498713	0.45939	False
ENSG00000152422	XRCC4	False	0.8061532310892604	0.35665	False
ENSG00000152430	BOLL	False	0.16366183578876403	0.2266	False
ENSG00000152433	ZNF547	False	0.0036391264292454104		False
ENSG00000152439	ZNF773	False	0.13615008622170938	0.46588	False
ENSG00000152443	ZNF776	False	0.07165757450541771	0.18245	False
ENSG00000152454	ZNF256	False	0.257142589931015		False
ENSG00000152455	SUV39H2	False	0.0011812559387821273	0.0024535	False
ENSG00000152457	DCLRE1C	False	0.014139573133491122	0.033627	False
ENSG00000152463	OLAH	False	0.6158756707313663	0.33326	False
ENSG00000152464	RPP38	False	0.46237119622974987	0.31337	False
ENSG00000152465	NMT2	False	0.047707464918319134	0.41886	False
ENSG00000152467	ZSCAN1	False	0.14601437126946593	0.40321	False
ENSG00000152475	ZNF837	False	0.18585212224621767	0.2504	False
ENSG00000152484	USP12	False	0.09221374687918814	0.01895	False
ENSG00000152492	CCDC50	False	0.4897281699353656	0.16972	False
ENSG00000152495	CAMK4	False	0.07133878594475661	0.2871	False
ENSG00000152503	TRIM36	False	0.11917382510225531	0.078825	False
ENSG00000152518	ZFP36L2	False	0.2195608486731915	0.18671	False
ENSG00000152520	PAN3	False	0.02072936589312005	0.12135	False
ENSG00000152527	PLEKHH2	False	0.04915166173379962	0.3616	False
ENSG00000152556	PFKM	False	0.011204759446155305	0.36461	False
ENSG00000152558	TMEM123	False	0.2619749552608026	0.71055	False
ENSG00000152578	GRIA4	True	0.49197446341315054	0.12976	False
ENSG00000152580	IGSF10	False	0.1573699920464587	0.094513	False
ENSG00000152582	SPEF2	False	0.13071550037559282	0.1125	False
ENSG00000152583	SPARCL1	False	0.45325652240145187	0.3623	False
ENSG00000152591	DSPP	False	0.3691479561241848	0.33299	False
ENSG00000152592	DMP1	False	0.18082088329295207	0.14074	False
ENSG00000152595	MEPE	False	0.2669508273958808	0.21767	False
ENSG00000152601	MBNL1	False	0.4627543615757742	0.088914	False
ENSG00000152611	CAPSL	False	0.6274041015018751	0.23994	False
ENSG00000152620	NADK2	False	0.006811882720977185	0.27471	False
ENSG00000152642	GPD1L	False	0.03543706548393073	0.22387	False
ENSG00000152661	GJA1	False	0.06024065586750439	0.13135	False
ENSG00000152669	CCNO	False	0.2925904387358491	0.49097	False
ENSG00000152670	DDX4	False	0.12096731476436286	0.34425	False
ENSG00000152672	CLEC4F	False	0.19580531908318766	0.23747	False
ENSG00000152683	SLC30A6	False	0.22665461735470607	0.20311	False
ENSG00000152684	PELO	False	0.1487260748876144	0.63703	False
ENSG00000152689	RASGRP3	False	0.03596372548593291	0.3378	False
ENSG00000152700	SAR1B	False	0.13965758052210153	0.44398	False
ENSG00000152705	CATSPER3	False	0.5597691134416363	0.44892	False
ENSG00000152749	GPR180	False	0.12019756979044934	0.20248	False
ENSG00000152766	ANKRD22	False	0.4819571033082303	0.49729	False
ENSG00000152767	FARP1	False	0.06491685815692425	0.13843	False
ENSG00000152778	IFIT5	False	0.17223022464571555		False
ENSG00000152779	SLC16A12	False	0.19623945103289384	0.20468	False
ENSG00000152782	PANK1	False	0.2980099748187481	0.10013	False
ENSG00000152784	PRDM8	True	0.15076955181400642	0.24379	False
ENSG00000152785	BMP3	False	0.12254258576702183	0.51192	False
ENSG00000152795	HNRNPDL	False	0.0004528131019247708	0.077044	False
ENSG00000152804	HHEX	False	0.5554253671105613	0.061531	False
ENSG00000152818	UTRN	False	0.022990648367099194	0.34289	False
ENSG00000152822	GRM1	False	0.0447353934904844	0.34912	False
ENSG00000152894	PTPRK	False	0.006950455031194556	0.021287	False
ENSG00000152904	GGPS1	False	0.44926573924749047	0.11159	False
ENSG00000152910	CNTNAP4	False	0.06038530276972364	0.56385	False
ENSG00000152932	RAB3C	False	0.09228732057712394	0.23021	False
ENSG00000152936	LMNTD1	False	0.3692528028248625	0.037549	False
ENSG00000152939	MARVELD2	False	0.10467642331263706	0.17064	False
ENSG00000152942	RAD17	False	0.31932552813910425	0.53725	False
ENSG00000152944	MED21	False	0.2111764080056554	0.2117	False
ENSG00000152952	PLOD2	False	0.2842911086069052	0.28049	False
ENSG00000152953	STK32B	False	0.12036620797952986	0.47122	False
ENSG00000152954	NRSN1	False	0.6747216739233566	0.45514	False
ENSG00000152969	JAKMIP1	False	0.050936326544797385	0.013434	False
ENSG00000152977	ZIC1	False	0.21870434179307585		False
ENSG00000152990	ADGRA3	False	0.06452198989264463	0.14857	False
ENSG00000153002	CPB1	False	0.060799367463526356	0.76147	False
ENSG00000153006	SREK1IP1	False	0.5016318121897415	0.41839	False
ENSG00000153012	LGI2	False	0.2168154614475339	0.075017	False
ENSG00000153015	CWC27	False	0.3976514781546148	0.0746	False
ENSG00000153029	MR1	False	0.20001590527517896	0.3655	False
ENSG00000153037	SRP19	False	0.07707386598850827	0.25162	False
ENSG00000153046	CDYL	False	0.09669785202161867	0.066736	False
ENSG00000153048	CARHSP1	False	0.12096240842504244	0.14034	False
ENSG00000153060	TEKT5	False	0.004265244799915877	0.009899	False
ENSG00000153064	BANK1	False	0.27983038642494756	0.053724	False
ENSG00000153066	TXNDC11	False	0.130863807597499	0.44596	False
ENSG00000153071	DAB2	False	0.18577716465522723	0.32881	False
ENSG00000153086	ACMSD	False	0.40388037561176815	0.077838	False
ENSG00000153093	ACOXL	False	0.4308698478928151	0.66866	False
ENSG00000153094	BCL2L11	False	0.25501350117846194	0.075747	False
ENSG00000153107	ANAPC1	False	0.40830856341492183	0.18027	False
ENSG00000153113	CAST	False	0.22412134468993344	0.13931	False
ENSG00000153132	CLGN	False	0.1812720314103965	0.086774	False
ENSG00000153140	CETN3	False	0.7464106625523986	0.23817	False
ENSG00000153147	SMARCA5	False	0.6499600393023095	0.031275	False
ENSG00000153157	SYCP2L	False	0.012994988784491745	0.30783	False
ENSG00000153162	BMP6	False	0.16626615838840716	0.22097	False
ENSG00000153165	RGPD3	False	0.32636165945993684	0.06837	False
ENSG00000153179	RASSF3	False	0.08871064210558814	0.05851	False
ENSG00000153187	HNRNPU	True	0.06838510580211297	0.060521	False
ENSG00000153201	RANBP2	True	0.2796070253593311	0.32131	False
ENSG00000153207	AHCTF1	False	0.2542980411895015	0.46201	False
ENSG00000153208	MERTK	False	0.1838806952033053	0.27303	False
ENSG00000153214	TMEM87B	False	0.10240479294783965	0.014556	False
ENSG00000153233	PTPRR	False	0.0859394113051344	0.032836	False
ENSG00000153234	NR4A2	True	0.04518606117179631	0.24375	False
ENSG00000153237	CCDC148	False	0.16599582825244383	0.17878	False
ENSG00000153246	PLA2R1	False	0.4126368160967283	0.18822	False
ENSG00000153250	RBMS1	False	0.2385066342745228	0.057563	False
ENSG00000153253	SCN3A	True	0.7070484754877522	0.37811	False
ENSG00000153266	FEZF2	False	0.10306361739981552	0.14859	False
ENSG00000153283	CD96	False	0.1432329331497685	0.090102	False
ENSG00000153291	SLC25A27	False	0.025956654574999793	0.074486	False
ENSG00000153292	ADGRF1	False	0.23517000572147667	0.022742	False
ENSG00000153294	ADGRF4	False	0.44200006550842363	0.21607	False
ENSG00000153303	FRMD1	False	0.3417158703534303	0.09781	False
ENSG00000153317	ASAP1	False	0.2001160960167985	0.0011381	False
ENSG00000153339	TRAPPC8	False	0.006642680095711846	0.010764	False
ENSG00000153347	FAM81B	False	0.004046449888776321	0.067804	False
ENSG00000153391	INO80C	False	0.022143049862111217	0.092331	False
ENSG00000153395	LPCAT1	False	0.6329505079248153	0.24926	False
ENSG00000153404	PLEKHG4B	False	0.1899922171841359	0.041635	False
ENSG00000153406	NMRAL1	False	0.2172036955499025	0.32394	False
ENSG00000153446	C16orf89	False	0.5651581444762062	0.58699	False
ENSG00000153487	ING1	False	0.28439456369772753	0.095199	False
ENSG00000153495	TEX29	False	0.13863214786443961	0.34855	False
ENSG00000153498	SPACA7	False	0.42763348270787904	0.050193	False
ENSG00000153531	ADPRHL1	False	0.2705451151514626	0.38556	False
ENSG00000153551	CMTM7	False	0.07976040584928752	0.44966	False
ENSG00000153558	FBXL2	False	0.5418597779950269	0.15891	False
ENSG00000153560	UBP1	False	0.15207891702217874	0.2531	False
ENSG00000153561	RMND5A	False	0.04972258503508383	0.36619	False
ENSG00000153563	CD8A	False	0.12090161527108606	0.047512	False
ENSG00000153574	RPIA	True	0.24365763152522563	0.28856	False
ENSG00000153707	PTPRD	False	0.03879561202696643	0.081712	False
ENSG00000153714	LURAP1L	False	0.0937044706057765	0.35647	False
ENSG00000153721	CNKSR3	False	0.045082655514699865	0.0058088	False
ENSG00000153767	GTF2E1	False	0.06099599177967476	0.016132	False
ENSG00000153774	CFDP1	False	0.23740609407451874	0.029533	False
ENSG00000153786	ZDHHC7	False	0.006320665160033486	0.080271	False
ENSG00000153790	C7orf31	False	0.28267042372500706	0.0099592	False
ENSG00000153802	TMPRSS11D	False	0.3056313469232689	0.37905	False
ENSG00000153814	JAZF1	False	0.44022777365710486	0.011565	False
ENSG00000153815	CMIP	False	0.0107929483693758	0.027555	False
ENSG00000153820	SPHKAP	False	0.14846895763283977	0.10571	False
ENSG00000153822	KCNJ16	False	0.055367448273931336	0.092127	False
ENSG00000153823	PID1	False	0.018866793533046534	0.36149	False
ENSG00000153827	TRIP12	True	0.6705772230483211	0.0077244	False
ENSG00000153832	FBXO36	False	0.15560981549377784	0.30958	False
ENSG00000153879	CEBPG	False	0.19807186539572177	0.13788	False
ENSG00000153885	KCTD15	False	0.20135442090730918	0.19097	False
ENSG00000153896	ZNF599	False	0.07396033443319792	0.22278	False
ENSG00000153898	MCOLN2	False	0.4691523370001144	0.79232	False
ENSG00000153902	LGI4	False	0.18585151508814932	0.069428	False
ENSG00000153904	DDAH1	False	0.6148640166372346	0.34073	False
ENSG00000153914	SREK1	False	0.07571564138167314	0.07856	False
ENSG00000153922	CHD1	True	1.0099654474438453e-05	0.030081	False
ENSG00000153930	ANKFN1	False	0.5051279267219719	0.37901	False
ENSG00000153933	DGKE	False	0.12016608538194996	0.16308	False
ENSG00000153936	HS2ST1	False	0.8528388489262879	0.25502	False
ENSG00000153944	MSI2	False	0.30008686912021226	0.13982	False
ENSG00000153956	CACNA2D1	True	0.1975564863135298	0.014013	False
ENSG00000153975	ZUP1	False	0.1942028046545069	0.36588	False
ENSG00000153976	HS3ST3A1	False	0.1539526832668365	0.056432	False
ENSG00000153982	GDPD1	False	0.4752427038838637	0.060099	False
ENSG00000153989	NUS1	True	0.019294587240132006	0.09901	False
ENSG00000153993	SEMA3D	False	0.4417951822035515	0.22398	False
ENSG00000154001	PPP2R5E	False	0.09772635138032443	0.091996	False
ENSG00000154007	ASB17	False	0.04060878292100553	0.017176	False
ENSG00000154016	GRAP	False	0.08860889544136948	0.16222	False
ENSG00000154025	SLC5A10	False	0.047513627784695645	0.048766	False
ENSG00000154027	AK5	False	0.2236932886901002	0.23781	False
ENSG00000154040	CABYR	False	0.3709222871169009	0.57396	False
ENSG00000154059	IMPACT	False	0.4220844745794009	0.20769	False
ENSG00000154065	ANKRD29	False	0.5379653010463828	0.050572	False
ENSG00000154079	SDHAF4	False	0.5200446275697952	0.77491	False
ENSG00000154080	CHST9	False	0.23744866683145716	0.32139	False
ENSG00000154096	THY1	False	0.7275746510888077	0.49213	False
ENSG00000154099	DNAAF1	False	0.0017985887772167522	0.24617	False
ENSG00000154118	JPH3	False	0.040387966436125314	0.204	False
ENSG00000154122	ANKH	True	0.2860133424534003	0.21242	False
ENSG00000154124	OTULIN	False	0.152050867885107	0.042092	False
ENSG00000154127	UBASH3B	False	0.31948090010863545	0.11395	False
ENSG00000154133	ROBO4	False	0.43696767472644027	0.028878	False
ENSG00000154134	ROBO3	False	0.04218272462917381	0.35229	False
ENSG00000154143	PANX3	False	0.014202925831758133	0.030102	False
ENSG00000154144	TBRG1	False	0.00256627090307415	0.20384	False
ENSG00000154153	RETREG1	False	0.03796867579760524	0.59236	False
ENSG00000154162	CDH12	False	0.08455472841747103	0.027995	False
ENSG00000154165	GPR15	False	0.6019474358439096	0.13253	False
ENSG00000154174	TOMM70	False	0.6066974084456391	0.41672	False
ENSG00000154188	ANGPT1	False	0.40828054894937665	0.41628	False
ENSG00000154217	PITPNC1	False	0.04209620372537379	0.036918	False
ENSG00000154222	CC2D1B	False	0.026060303637676457	0.34432	False
ENSG00000154227	CERS3	False	0.12232708947082288	0.019691	False
ENSG00000154229	PRKCA	False	0.07257993327840455	0.070232	False
ENSG00000154237	LRRK1	False	0.16236012965505459	0.53562	False
ENSG00000154240	CEP112	False	0.6296328992227191	0.41828	False
ENSG00000154252	GAL3ST2	False	0.7208577280128579	0.3581	False
ENSG00000154258	ABCA9	False	0.06532232477150689	0.051148	False
ENSG00000154262	ABCA6	False	0.2660802645653875	0.34885	False
ENSG00000154263	ABCA10	False	0.01583183827084127	0.084616	False
ENSG00000154265	ABCA5	False	0.1378713894847171	0.19768	False
ENSG00000154269	ENPP3	False	0.06430968309331354	0.082257	False
ENSG00000154274	C4orf19	False	0.20261958932880259		False
ENSG00000154277	UCHL1	False	0.4228070260798328	0.23679	False
ENSG00000154305	MIA3	False	0.0478581594683957	0.1368	False
ENSG00000154309	DISP1	False	0.5232131193066301	0.66576	False
ENSG00000154310	TNIK	False	0.18148386660963747	0.16119	False
ENSG00000154319	FAM167A	False	0.32019464041157186	0.27828	False
ENSG00000154328	NEIL2	False	0.23514725836539588	0.056966	False
ENSG00000154330	PGM5	False	0.39162665273139463	0.1035	False
ENSG00000154342	WNT3A	False	0.6723394198428863	0.29886	False
ENSG00000154358	OBSCN	False	0.0012131911713359601	0.15122	False
ENSG00000154359	LONRF1	False	0.6545932181721136	0.073573	False
ENSG00000154370	TRIM11	False	0.21587320456064807	0.19297	False
ENSG00000154380	ENAH	False	5.349531263280884e-05	0.013675	False
ENSG00000154415	PPP1R3A	False	0.43199433229612716	0.13525	False
ENSG00000154429	CCSAP	False	0.010645344246751412	0.057865	False
ENSG00000154438	ASZ1	False	0.06614326110320129	0.04599	False
ENSG00000154447	SH3RF1	False	0.03520968746004405	0.01265	False
ENSG00000154451	GBP5	False	0.09769368946905696	0.63829	False
ENSG00000154473	BUB3	False	0.2627871017302142	0.14757	False
ENSG00000154478	GPR26	False	0.3091915891934091	0.10515	False
ENSG00000154485	MMP21	False	0.00910268752308125	0.18357	False
ENSG00000154493	C10orf90	False	0.027517519691041815	0.40151	False
ENSG00000154511	DIPK1A	False	0.014077548780214676	0.04788	False
ENSG00000154518	ATP5MC3	True	0.1413484502290917	0.26818	False
ENSG00000154548	SRSF12	False	0.05805778090932871	0.22865	False
ENSG00000154553	PDLIM3	False	0.0007346047900336248	0.18287	False
ENSG00000154556	SORBS2	False	0.1043694132144398	0.65833	False
ENSG00000154611	PSMA8	False	0.1428689370007905	0.16012	False
ENSG00000154639	CXADR	False	0.17513774007012306	0.3019	False
ENSG00000154640	BTG3	False	0.46689169972756317	0.28541	False
ENSG00000154642	C21orf91	False	0.0782059586024645	0.46013	False
ENSG00000154645	CHODL	False	0.1552043359365391	0.36543	False
ENSG00000154646	TMPRSS15	False	0.04604254061789627	0.021199	False
ENSG00000154654	NCAM2	False	0.07570680031277967	0.25037	False
ENSG00000154655	L3MBTL4	False	0.023628325900708326	0.42131	False
ENSG00000154678	PDE1C	False	0.25173964028417556	0.025823	False
ENSG00000154710	RABGEF1	False	0.6171048087002644	0.18098	False
ENSG00000154719	MRPL39	False	0.08217425042868588	0.32259	False
ENSG00000154721	JAM2	False	0.009519699321963261	0.20755	False
ENSG00000154723	ATP5PF	False	0.6161485538488616	0.10438	False
ENSG00000154727	GABPA	False	0.03920695798479721	0.22457	False
ENSG00000154734	ADAMTS1	False	0.01746707717164677	0.38098	False
ENSG00000154736	ADAMTS5	False	0.10888226933656134	0.23164	False
ENSG00000154743	TSEN2	True	0.05842220440100333	0.70755	False
ENSG00000154760	SLFN13	False	0.0725925239244026	0.035272	False
ENSG00000154764	WNT7A	False	0.08486328648288573	0.097056	False
ENSG00000154767	XPC	False	0.2812132381565212	0.1163	False
ENSG00000154781	CCDC174	False	0.6851724321685315	0.11387	False
ENSG00000154783	FGD5	False	0.06551054968673906	0.30475	False
ENSG00000154803	FLCN	False	0.42535892485827886	0.18735	False
ENSG00000154813	DPH3	False	0.5933087973018947	0.29173	False
ENSG00000154814	OXNAD1	False	0.5624491936711746	0.37352	False
ENSG00000154822	PLCL2	False	0.29658352404589533	0.29393	False
ENSG00000154832	CXXC1	False	0.5812583573179033	0.30225	False
ENSG00000154839	SKA1	False	0.632615734120358	0.7396	False
ENSG00000154845	PPP4R1	False	0.24443705565453105	0.12226	False
ENSG00000154856	APCDD1	False	0.0038701299297346095	0.049194	False
ENSG00000154864	PIEZO2	False	0.11460621096639854	0.31716	False
ENSG00000154889	MPPE1	False	0.002696621308394016	0.11979	False
ENSG00000154914	USP43	False	0.09777351468771638	0.054513	False
ENSG00000154917	RAB6B	False	0.24473602180049958	0.064655	False
ENSG00000154920	EME1	False	0.0859258500466255	0.21779	False
ENSG00000154928	EPHB1	False	0.044495009640048266	0.030162	False
ENSG00000154930	ACSS1	False	0.3229951380826136	0.071656	False
ENSG00000154945	ANKRD40	False	0.5659410894717716	0.031011	False
ENSG00000154957	ZNF18	False	0.058303908567825524	0.044917	False
ENSG00000154975	CA10	False	0.2858020641876247		False
ENSG00000154978	VOPP1	False	0.0009145651720355466	0.22713	False
ENSG00000155011	DKK2	False	0.11948430200246793	0.093336	False
ENSG00000155016	CYP2U1	False	0.11791545300390427	0.25138	False
ENSG00000155034	FBXL18	False	0.06380698843764256	0.23517	False
ENSG00000155052	CNTNAP5	False	0.0006617780280261808	0.063471	False
ENSG00000155066	PROM2	False	0.16522941158967439	0.14138	False
ENSG00000155085	AK9	False	0.7606308966655217	0.14438	False
ENSG00000155087	ODF1	False	0.14169545450422222	0.29617	False
ENSG00000155090	KLF10	False	0.5399632381785548	0.0014272	False
ENSG00000155093	PTPRN2	False	0.00516534698975353	0.31451	False
ENSG00000155096	AZIN1	False	0.5340776994714456	0.54867	False
ENSG00000155097	ATP6V1C1	False	0.43011640677675167	0.14987	False
ENSG00000155099	PIP4P2	False	0.009429284036632683	0.25205	False
ENSG00000155100	OTUD6B	True	0.07815303012304288	0.50032	False
ENSG00000155111	CDK19	True	0.334834576817508	0.22156	False
ENSG00000155115	GTF3C6	False	0.21089579396290078	0.28444	False
ENSG00000155158	TTC39B	False	3.502346415964554e-05	0.29119	False
ENSG00000155189	AGPAT5	False	0.10487148552877884	0.13364	False
ENSG00000155229	MMS19	False	0.3953334556284283	0.54314	False
ENSG00000155256	ZFYVE27	False	0.5247630231911389	0.35751	False
ENSG00000155265	GOLGA7B	False	0.49960592075281307	0.186	False
ENSG00000155269	GPR78	False	0.03978299323920846	0.32626	False
ENSG00000155275	TRMT44	False	0.22224436118619342	0.40454	False
ENSG00000155287	SLC25A28	False	0.006149176010896175	0.18453	False
ENSG00000155304	HSPA13	False	0.14968312178404622	0.083508	False
ENSG00000155307	SAMSN1	False	0.10013001548477315	0.39989	False
ENSG00000155313	USP25	False	0.16772309003394412	0.25056	False
ENSG00000155324	GRAMD2B	False	0.10258267102631519	0.048737	False
ENSG00000155329	ZCCHC10	False	0.3191219193499285	0.13947	False
ENSG00000155363	MOV10	False	0.004278424634415669	0.054964	False
ENSG00000155366	RHOC	False	0.5754283195569955	0.35986	False
ENSG00000155367	PPM1J	False	0.14926028613704484	0.019266	False
ENSG00000155368	DBI	False	0.043390903350420666	0.14328	False
ENSG00000155380	SLC16A1	False	0.24429445100651556	0.047325	False
ENSG00000155393	HEATR3	False	0.19198109682994632	0.14281	False
ENSG00000155428	TRIM74	False	0.07949763602989891	0.088246	False
ENSG00000155438	NIFK	False	0.2712389360077242	0.34267	False
ENSG00000155465	SLC7A7	False	0.1581860220716893	0.015895	False
ENSG00000155506	LARP1	False	0.4713418616249805	0.28266	False
ENSG00000155508	CNOT8	False	0.22851856176813848	0.2971	False
ENSG00000155511	GRIA1	True	0.4791062474501425	0.26791	False
ENSG00000155530	LRGUK	False	0.14154670330825447	0.06113	False
ENSG00000155542	SETD9	False	0.08442591723575668	0.02545	False
ENSG00000155545	MIER3	False	0.5153802912865229	0.28836	False
ENSG00000155561	NUP205	False	0.05249895223626168	0.10666	False
ENSG00000155592	ZKSCAN2	False	0.3570141702925912	0.076988	False
ENSG00000155621	C9orf85	False	0.014268311353027209	0.30146	False
ENSG00000155629	PIK3AP1	False	0.0012889667076142741	0.13864	False
ENSG00000155636	RBM45	False	0.6702396831800118	0.11667	False
ENSG00000155657	TTN	False	1.2266504312402983e-06	0.29163	False
ENSG00000155660	PDIA4	False	0.009103022388552129	0.075389	False
ENSG00000155666	KDM8	False	0.07047190629978689	0.0021208	False
ENSG00000155714	PDZD9	False	0.8040977235597853	0.096878	False
ENSG00000155719	OTOA	False	0.23281251804970185	0.21307	False
ENSG00000155729	KCTD18	False	0.48765862670355364	0.08481	False
ENSG00000155754	C2CD6	False	0.4167342109157104	0.34133	False
ENSG00000155755	TMEM237	False	0.02107299799612507	0.17017	False
ENSG00000155760	FZD7	False	0.5494720187705837	0.30113	False
ENSG00000155761	SPAG17	False	0.08304668178144393	0.36237	False
ENSG00000155792	DEPTOR	False	0.2811693374311011	0.17179	False
ENSG00000155816	FMN2	False	0.09518199546824431	0.11354	False
ENSG00000155827	RNF20	False	0.5700927262675501	0.26131	False
ENSG00000155833	CYLC2	False	0.10139911354901782	0.00089155	False
ENSG00000155846	PPARGC1B	False	0.19768236277675932	0.078114	False
ENSG00000155849	ELMO1	False	0.07689558578721188	0.0051855	False
ENSG00000155850	SLC26A2	False	0.028157947220305915	0.33586	False
ENSG00000155858	LSM11	False	0.21063307027197858	0.1169	False
ENSG00000155868	MED7	False	0.4423608681693081	0.12575	False
ENSG00000155875	SAXO1	False	0.01696491998893728	0.20222	False
ENSG00000155876	RRAGA	False	6.523763296172517e-06	0.28951	False
ENSG00000155886	SLC24A2	False	0.030454421835892066	0.01931	False
ENSG00000155890	TRIM42	False	0.2187317822281386	0.38424	False
ENSG00000155893	PXYLP1	False	0.16426302781755195	0.56772	False
ENSG00000155897	ADCY8	False	0.22876120086197702	0.27653	False
ENSG00000155903	RASA2	False	0.013961124497099506	0.11288	False
ENSG00000155906	RMND1	True	0.08145677002534933	0.48763	False
ENSG00000155918	RAET1L	False	0.3235073263469457	0.19492	False
ENSG00000155926	SLA	False	0.01617172263406539	0.16394	False
ENSG00000155970	MICU3	False	0.2582027783035574	0.10443	False
ENSG00000155974	GRIP1	False	0.3242668845002137	0.032915	False
ENSG00000155975	VPS37A	False	0.14001919592333995	0.47608	False
ENSG00000155980	KIF5A	True	0.2788318291695279	0.018577	False
ENSG00000156006	NAT2	False	0.005686551857423696		False
ENSG00000156011	PSD3	False	0.4156286494036654	0.45294	False
ENSG00000156017	CARNMT1	False	0.3482384220698843	0.1443	False
ENSG00000156026	MCU	False	0.0025104717488978892	0.025947	False
ENSG00000156049	GNA14	False	0.05096236933675848	0.057718	False
ENSG00000156076	WIF1	False	0.0579056208491854	0.39449	False
ENSG00000156096	UGT2B4	False	0.11091215633216218	0.22443	False
ENSG00000156097	GPR61	False	0.6621332839470806	0.14006	False
ENSG00000156103	MMP16	False	0.05332351064325019	0.075427	False
ENSG00000156110	ADK	False	0.292353711573253	0.11199	False
ENSG00000156113	KCNMA1	True	0.6635488627246845	0.25091	False
ENSG00000156136	DCK	False	0.17094310976447297	0.43861	False
ENSG00000156140	ADAMTS3	False	0.2040702178140533	0.38302	False
ENSG00000156150	ALX3	False	0.13816966995210112	0.2628	False
ENSG00000156162	DPY19L4	False	0.05799244076590652	0.044693	False
ENSG00000156170	NDUFAF6	False	0.022730780880264114	0.0019649	False
ENSG00000156171	DRAM2	False	0.2139320135651444	0.19658	False
ENSG00000156194	PPEF2	False	0.03821956002269167	0.52846	False
ENSG00000156206	CFAP161	False	0.30229512505825823	0.057947	False
ENSG00000156218	ADAMTSL3	False	0.26749370484505175	0.29141	False
ENSG00000156219	ART3	False	0.017170895407939465	0.52211	False
ENSG00000156222	SLC28A1	False	0.02394624969350108	0.35324	False
ENSG00000156232	WHAMM	False	0.5130999062786161	0.36001	False
ENSG00000156239	N6AMT1	False	0.03304159773680867	0.00802	False
ENSG00000156253	RWDD2B	False	0.12508185383735712	0.046214	False
ENSG00000156256	USP16	False	0.002338065681327944	0.0057876	False
ENSG00000156261	CCT8	True	0.5732497280558416	0.28668	False
ENSG00000156265	MAP3K7CL	False	0.0774183095015839	0.086003	False
ENSG00000156269	NAA11	False	0.6122343198975342	0.43936	False
ENSG00000156273	BACH1	False	0.4412001529698244	0.25261	False
ENSG00000156282	CLDN17	False	0.20690567850418876		False
ENSG00000156284	CLDN8	False	0.21226938601874323	0.37916	False
ENSG00000156299	TIAM1	True	0.01507158767800736	0.51836	False
ENSG00000156304	SCAF4	True	0.009344662863730473	0.048304	False
ENSG00000156345	CDK20	False	0.01442063720764952	0.021204	False
ENSG00000156374	PCGF6	False	0.5526920148521277	0.48615	False
ENSG00000156384	SFR1	False	0.36798140472706387	0.081776	False
ENSG00000156395	SORCS3	False	0.016251698896301896	0.018274	False
ENSG00000156398	SFXN2	False	0.20022509097957994	0.052065	False
ENSG00000156413	FUT6	False	0.31145166502617083	0.25863	False
ENSG00000156414	TDRD9	False	0.06673539744846597	0.029598	False
ENSG00000156427	FGF18	False	0.08006248534830564	0.13714	False
ENSG00000156453	PCDH1	False	0.20020220982954184	0.18444	False
ENSG00000156463	SH3RF2	False	0.09177381805990735	0.31682	False
ENSG00000156466	GDF6	False	0.38738259332223424	0.014759	False
ENSG00000156467	UQCRB	False	0.03222561155251767	0.011217	False
ENSG00000156469	MTERF3	False	0.43150985517513774	0.21622	False
ENSG00000156471	PTDSS1	False	0.2126767742834366	0.03353	False
ENSG00000156475	PPP2R2B	False	0.8822437928916944	0.61879	False
ENSG00000156486	KCNS2	False	0.013981427030437938	0.097899	False
ENSG00000156502	SUPV3L1	False	0.32249829690195186	0.31397	False
ENSG00000156508	EEF1A1	False	0.7854660034360024	0.21649	False
ENSG00000156509	FBXO43	False	0.10858893775401977	0.052484	False
ENSG00000156510	HKDC1	False	0.460815627815644	0.32715	False
ENSG00000156515	HK1	True	0.012194249658658776	0.0068971	False
ENSG00000156521	TYSND1	False	0.7027780235709535	0.49649	False
ENSG00000156535	CD109	False	0.4486666335896894	0.3092	False
ENSG00000156564	LRFN2	False	0.006910531593277755	0.2706	False
ENSG00000156574	NODAL	False	0.0009823475171768122	0.22062	False
ENSG00000156575	PRG3	False	0.2867437693752552	0.032962	False
ENSG00000156587	UBE2L6	False	0.18031778125332773	0.20502	False
ENSG00000156599	ZDHHC5	False	0.048576343495633806	0.31178	False
ENSG00000156639	ZFAND3	False	0.3240436564763029	0.16194	False
ENSG00000156642	NPTN	False	0.03523158597754402	0.058278	False
ENSG00000156650	KAT6B	False	0.364688659789127	0.22688	False
ENSG00000156671	SAMD8	False	0.14312672239212237	0.070209	False
ENSG00000156675	RAB11FIP1	False	0.556385080190147	0.039173	False
ENSG00000156687	UNC5D	False	0.6356248064646774	0.1801	False
ENSG00000156689	GLYATL2	False	0.5555633748237241	0.18834	False
ENSG00000156711	MAPK13	False	0.06069475499122857	0.57743	False
ENSG00000156735	BAG4	False	0.03060140073672722	0.20965	False
ENSG00000156738	MS4A1	False	0.35544912016271385	0.38611	False
ENSG00000156787	TBC1D31	False	0.4392168962580486	0.58775	False
ENSG00000156802	ATAD2	False	2.84701743297476e-06	0.47713	False
ENSG00000156804	FBXO32	False	0.281028653488168	0.45377	False
ENSG00000156831	NSMCE2	False	0.006093864449823886	0.018768	False
ENSG00000156853	ZNF689	False	0.022924204322509162	0.12539	False
ENSG00000156858	PRR14	False	0.412604684240094	0.26522	False
ENSG00000156860	FBRS	False	0.053235069723094205	0.0382	False
ENSG00000156869	FRRS1	False	0.5089228231969294	0.60545	False
ENSG00000156873	PHKG2	False	0.2308665776882433	0.58765	False
ENSG00000156876	SASS6	False	0.49984875524814887	0.13604	False
ENSG00000156886	ITGAD	False	0.5345897897443808	0.20469	False
ENSG00000156928	MALSU1	False	0.3493371951474192	0.023275	False
ENSG00000156931	VPS8	False	0.018618920265559055	0.31232	False
ENSG00000156958	GALK2	False	0.40769921324978586	0.52153	False
ENSG00000156959	LHFPL4	False	0.137371928069042	0.045906	False
ENSG00000156966	B3GNT7	False	0.5530031516067907	0.2325	False
ENSG00000156968	MPV17L	False	0.6209292893795697	0.69937	False
ENSG00000156970	BUB1B	False	0.00266270020025	0.21697	False
ENSG00000156976	EIF4A2	True	0.4577950930764235	0.25548	False
ENSG00000156983	BRPF1	False	0.30132411186855507	0.19658	False
ENSG00000156990	RPUSD3	False	0.39946778137323197	0.46654	False
ENSG00000157005	SST	False	0.6528558869705079	0.24012	False
ENSG00000157014	TATDN2	False	0.021680101864937122	0.21987	False
ENSG00000157017	GHRL	False	0.2943561962951489	0.041221	False
ENSG00000157020	SEC13	False	0.23456280961291492	0.63643	False
ENSG00000157036	EXOG	False	0.35330791384762916	0.20788	False
ENSG00000157045	NTAN1	False	0.11968584451706403	0.18963	False
ENSG00000157060	SHCBP1L	False	0.16365036570169433	0.27937	False
ENSG00000157064	NMNAT2	False	0.2747254890469275	0.28558	False
ENSG00000157077	ZFYVE9	False	0.2855976056322002	0.41976	False
ENSG00000157087	ATP2B2	True	1.0838587532233597e-06	0.0062183	False
ENSG00000157093	LYZL4	False	0.18081595981249007	0.058315	False
ENSG00000157103	SLC6A1	True	8.393358837109663e-11	3.0095e-06	True
ENSG00000157106	SMG1	False	0.009056900395957326	0.0042204	False
ENSG00000157107	FCHO2	False	0.07034490391960627	0.030364	False
ENSG00000157110	RBPMS	False	0.34498669923466896	0.52763	False
ENSG00000157111	TMEM171	False	0.046802818973374606	0.39819	False
ENSG00000157119	KLHL40	False	0.23367279572860974	0.16168	False
ENSG00000157131	C8A	False	0.6004293882568292	0.21482	False
ENSG00000157150	TIMP4	False	0.005796544803296059	0.8617	False
ENSG00000157152	SYN2	False	0.4643480250637234	0.16792	False
ENSG00000157168	NRG1	False	0.3479995002388882	0.17887	False
ENSG00000157181	ODR4	False	0.03486005157645838	0.3838	False
ENSG00000157184	CPT2	True	0.24715975566503723	0.26479	False
ENSG00000157191	NECAP2	False	0.5776328701362565	0.39244	False
ENSG00000157193	LRP8	False	0.25454650232943	0.34477	False
ENSG00000157211	CDCP2	False	0.0944525147106535	0.092554	False
ENSG00000157212	PAXIP1	False	0.09131078363841007	0.30538	False
ENSG00000157214	STEAP2	False	0.5223533137391871	0.18636	False
ENSG00000157216	SSBP3	False	0.008928787111733194	0.025784	False
ENSG00000157219	HTR5A	False	0.0031024807396861235	0.10864	False
ENSG00000157224	CLDN12	False	0.040957203841618516	0.21315	False
ENSG00000157227	MMP14	False	0.07259895519181989	0.11337	False
ENSG00000157240	FZD1	False	0.26517114784325574	0.11942	False
ENSG00000157259	GATAD1	False	0.5104667508907206	0.088446	False
ENSG00000157303	SUSD3	False	0.2997419476702818	0.39371	False
ENSG00000157315	TMED6	False	0.6883235107424603	0.43604	False
ENSG00000157322	CLEC18A	False	0.20878175819824404	0.32078	False
ENSG00000157326	DHRS4	False	0.3223592962424435	0.049245	False
ENSG00000157343	ARMC12	False	0.006516736659063958	0.47946	False
ENSG00000157349	DDX19B	False	0.470595658302128	0.25027	False
ENSG00000157350	ST3GAL2	False	0.00019219220233839798	0.15499	False
ENSG00000157368	IL34	False	0.015958155972572323	0.11333	False
ENSG00000157379	DHRS1	False	0.040635951899534145	0.20186	False
ENSG00000157388	CACNA1D	True	0.05983216886508147	0.042461	False
ENSG00000157404	KIT	False	0.5697795356064308	0.066795	False
ENSG00000157423	HYDIN	False	0.12368657863684493	0.19942	False
ENSG00000157426	AASDH	False	0.00015412874270720312	0.006765	False
ENSG00000157429	ZNF19	False	0.5123573922865803	0.14889	False
ENSG00000157445	CACNA2D3	False	0.03438673281398675	0.42434	False
ENSG00000157450	RNF111	False	0.3294436985797473	0.1185	False
ENSG00000157456	CCNB2	False	0.18187867428054388	0.50364	False
ENSG00000157470	FAM81A	False	0.30265772392479	0.19421	False
ENSG00000157483	MYO1E	False	0.22276884335840175	0.033791	False
ENSG00000157500	APPL1	False	0.23528529403532444	0.10418	False
ENSG00000157510	AFAP1L1	False	0.10097431489389437	0.0021152	False
ENSG00000157538	VPS26C	False	0.10998930964918682	0.047347	False
ENSG00000157540	DYRK1A	True	1.74659413065257e-07	0.00034887	True
ENSG00000157542	KCNJ6	False	0.32321048422875265	0.054228	False
ENSG00000157551	KCNJ15	False	0.2497999895624488	0.18486	False
ENSG00000157554	ERG	False	0.2514687231164233	0.11109	False
ENSG00000157557	ETS2	False	0.2603135277234217	0.28716	False
ENSG00000157570	TSPAN18	False	0.32709889910391854	0.13301	False
ENSG00000157578	LCA5L	False	0.4424680400400961	0.043656	False
ENSG00000157593	SLC35B2	False	0.45362183194132644	0.39827	False
ENSG00000157601	MX1	False	0.09915172088247479	0.24662	False
ENSG00000157613	CREB3L1	False	0.036303226832275354	0.24579	False
ENSG00000157617	C2CD2	False	0.03823274093915753	0.13483	False
ENSG00000157637	SLC38A10	False	0.09007064881672916	0.22445	False
ENSG00000157653	C9orf43	False	0.8517503611543765	0.36881	False
ENSG00000157657	ZNF618	False	0.2046673436957402	0.17276	False
ENSG00000157680	DGKI	False	0.28502663021561175	0.0014555	False
ENSG00000157693	TMEM268	False	0.01766573694718421	0.32281	False
ENSG00000157703	SVOPL	False	0.21360956215422425	0.23835	False
ENSG00000157734	SNX22	False	0.04915057457078333	0.19864	False
ENSG00000157741	UBN2	False	0.28103849046000984	0.14131	False
ENSG00000157764	BRAF	True	0.40882580449149314	0.041023	False
ENSG00000157765	SLC34A2	False	0.061367759795907126	0.1497	False
ENSG00000157766	ACAN	False	0.05200548397185433	0.52604	False
ENSG00000157778	PSMG3	False	0.4281340769712958	0.61082	False
ENSG00000157796	WDR19	False	0.01781768218540765	0.72361	False
ENSG00000157800	SLC37A3	False	0.6297861229777404	0.27983	False
ENSG00000157823	AP3S2	False	0.03502328942852255	8.3554e-05	False
ENSG00000157827	FMNL2	False	0.00021008614222188765	0.05222	False
ENSG00000157833	GAREM2	False	0.3255466056750139	0.29368	False
ENSG00000157837	SPPL3	False	0.33191766993209404	0.054229	False
ENSG00000157851	DPYSL5	False	0.2921755552760961	0.072396	False
ENSG00000157856	DRC1	False	0.36524693169596556	0.25271	False
ENSG00000157869	RAB28	False	0.14861154775164281	0.086024	False
ENSG00000157873	TNFRSF14	False	0.31312285966488806	0.16789	False
ENSG00000157884	CIB4	False	0.006347071365682734	0.41714	False
ENSG00000157890	MEGF11	False	0.0068676337199605345	0.091734	False
ENSG00000157895	C12orf43	False	0.3808319847948559	0.38827	False
ENSG00000157911	PEX10	True	0.004410038536370802	0.031372	False
ENSG00000157916	RER1	False	0.5791683491252229	0.23817	False
ENSG00000157927	RADIL	False	0.27270645122460635	0.10432	False
ENSG00000157933	SKI	False	0.03791641854421241	0.028506	False
ENSG00000157954	WIPI2	False	0.05305389819991512	0.037473	False
ENSG00000157978	LDLRAP1	False	0.09400114383221733	0.09573	False
ENSG00000157985	AGAP1	False	0.048749640431400974	0.091949	False
ENSG00000157992	KRTCAP3	False	0.30434394613528365	0.017711	False
ENSG00000157999	ANKRD61	False	0.08294592547763406	0.18901	False
ENSG00000158006	PAFAH2	False	0.049233112513370585	0.26811	False
ENSG00000158008	EXTL1	False	0.2487469355182268	0.29737	False
ENSG00000158014	SLC30A2	False	0.3294250631230048	0.3089	False
ENSG00000158019	BABAM2	False	0.30414669251620247	0.20333	False
ENSG00000158022	TRIM63	False	0.08851659739448031	0.072735	False
ENSG00000158042	MRPL17	False	0.015296362262991827	0.44275	False
ENSG00000158050	DUSP2	False	0.26426151739330095	0.035811	False
ENSG00000158055	GRHL3	False	0.2121233059560855	0.1303	False
ENSG00000158062	UBXN11	False	0.021102957450352466	0.1182	False
ENSG00000158077	NLRP14	False	0.2985233068721445	0.21912	False
ENSG00000158079	PTPDC1	False	0.42045975443186157	0.56768	False
ENSG00000158089	GALNT14	False	0.2375777806670874	0.42468	False
ENSG00000158092	NCK1	False	0.2244930597687977	0.46147	False
ENSG00000158104	HPD	False	0.3067011258560892	0.13737	False
ENSG00000158106	RHPN1	False	0.46589672932250437	0.31737	False
ENSG00000158109	TPRG1L	False	0.04930048507587135	0.54232	False
ENSG00000158113	LRRC43	False	0.1934818570434072	0.33188	False
ENSG00000158122	PRXL2C	False	0.32036093474609695	0.15394	False
ENSG00000158125	XDH	False	0.6194109655654052	0.65853	False
ENSG00000158156	XKR8	False	0.03479462180217241	0.1746	False
ENSG00000158158	CNNM4	False	0.014001590986046746	0.13636	False
ENSG00000158161	EYA3	False	0.233268361167421	0.14115	False
ENSG00000158163	DZIP1L	False	7.144166021323674e-05	0.22423	False
ENSG00000158169	FANCC	False	0.16186356266706883	0.41967	False
ENSG00000158186	MRAS	False	0.4193638549083054	0.152	False
ENSG00000158195	WASF2	False	0.5665650358190254	0.29029	False
ENSG00000158201	ABHD3	False	0.06787043556100229	0.51972	False
ENSG00000158220	ESYT3	False	0.007141435514789612	0.15087	False
ENSG00000158234	FAIM	False	0.14899250092848768	0.29774	False
ENSG00000158246	TENT5B	False	0.31231671167251135	0.24757	False
ENSG00000158258	CLSTN2	False	0.06243579281564789	0.37638	False
ENSG00000158270	COLEC12	False	0.19005195358734117	0.076403	False
ENSG00000158286	RNF207	False	0.19020997130682651	0.47313	False
ENSG00000158292	GPR153	False	0.3611556459975551	0.10278	False
ENSG00000158296	SLC13A3	False	0.13572824504712044	0.082623	False
ENSG00000158315	RHBDL2	False	0.031587480068258685	0.26592	False
ENSG00000158321	AUTS2	True	0.04471365661364831	0.26847	False
ENSG00000158402	CDC25C	False	0.25785989954236893	0.032851	False
ENSG00000158411	MITD1	False	0.28475354906484	0.42098	False
ENSG00000158417	EIF5B	False	0.11174942433747329	0.021036	False
ENSG00000158428	CATIP	False	0.31991529626633863	0.22025	False
ENSG00000158435	CNOT11	False	0.6697902161731015	0.12402	False
ENSG00000158445	KCNB1	True	1.4886446253345583e-08	0.00046125	True
ENSG00000158457	TSPAN33	False	0.03895046589826553	0.036696	False
ENSG00000158458	NRG2	False	0.3453342791008793	0.42575	False
ENSG00000158467	AHCYL2	False	0.043496522800493806	0.0443	False
ENSG00000158470	B4GALT5	False	0.03924227449010465	0.0027053	False
ENSG00000158473	CD1D	False	0.4661206342156454	0.29072	False
ENSG00000158477	CD1A	False	0.01710463988267099	0.21778	False
ENSG00000158480	SPATA2	False	0.33173545175959945	0.26356	False
ENSG00000158481	CD1C	False	0.37960227808545743	0.37253	False
ENSG00000158485	CD1B	False	0.021259767816207	0.16167	False
ENSG00000158486	DNAH3	False	0.0880252373892566	0.0024779	False
ENSG00000158488	CD1E	False	0.32048444344195887	0.53088	False
ENSG00000158516	CPA2	False	0.6579692072985966	0.45362	False
ENSG00000158517	NCF1	False	0.8062765590086579	0.57146	False
ENSG00000158525	CPA5	False	0.01376770134975805	0.0033089	False
ENSG00000158528	PPP1R9A	False	0.00024851667035774604	0.027345	False
ENSG00000158545	ZC3H18	False	0.4028897176584762	0.28047	False
ENSG00000158552	ZFAND2B	False	0.20670711120552238	0.36374	False
ENSG00000158553	POM121L2	False	0.6340750533629473	0.49302	False
ENSG00000158555	GDPD5	False	0.07703058740268233	0.45436	False
ENSG00000158560	DYNC1I1	False	0.6928493379591529	0.058313	False
ENSG00000158604	TMED4	False	0.17143366513294825	0.18444	False
ENSG00000158615	PPP1R15B	False	0.00022339798294924263	0.01403	False
ENSG00000158623	COPG2	False	0.152029125267696	0.63483	False
ENSG00000158636	EMSY	False	0.20393118043707315	0.29681	False
ENSG00000158669	GPAT4	False	0.6214893941351305	0.37005	False
ENSG00000158683	PKD1L1	False	0.004873494383357673	0.033885	False
ENSG00000158710	TAGLN2	False	0.18045612794165145	0.24216	False
ENSG00000158711	ELK4	False	0.03419834912112294	0.34714	False
ENSG00000158714	SLAMF8	False	0.19516020036252105	0.50333	False
ENSG00000158715	SLC45A3	False	0.2178395527898518	0.58026	False
ENSG00000158716	DUSP23	False	0.3823576731926175	0.023842	False
ENSG00000158717	RNF166	False	0.018312905611405778	0.2183	False
ENSG00000158747	NBL1	False	0.2695514787354616	0.40002	False
ENSG00000158748	HTR6	False	0.16576928009064187	0.019325	False
ENSG00000158764	ITLN2	False	0.30101335008099955	0.20635	False
ENSG00000158769	F11R	False	0.7130944518448843	0.42866	False
ENSG00000158773	USF1	False	0.7724902797360775	0.17475	False
ENSG00000158786	PLA2G2F	False	0.2922245927108334	0.065875	False
ENSG00000158792	SPATA2L	False	0.16116659351269919	0.33791	False
ENSG00000158793	NIT1	False	0.5757608557464938	0.12893	False
ENSG00000158796	DEDD	False	0.036265825875116585	0.068861	False
ENSG00000158805	ZNF276	False	0.4402101329824809	0.5935	False
ENSG00000158806	NPM2	False	0.3017104475549207	0.78977	False
ENSG00000158815	FGF17	False	0.3064447098900899	0.098759	False
ENSG00000158825	CDA	False	0.5865300686096685	0.23826	False
ENSG00000158828	PINK1	True	0.43252248189632747	0.32553	False
ENSG00000158850	B4GALT3	False	0.36533344908089044	0.38849	False
ENSG00000158856	DMTN	False	0.2012109709661478	0.061443	False
ENSG00000158859	ADAMTS4	False	0.1084766697761929	0.47022	False
ENSG00000158864	NDUFS2	True	0.14467870193295346	0.30766	False
ENSG00000158865	SLC5A11	False	0.03365575822204623	0.19719	False
ENSG00000158869	FCER1G	False	0.9842343971015113	0.94397	False
ENSG00000158874	APOA2	False	0.008257370604483845	0.12013	False
ENSG00000158882	TOMM40L	False	0.044709533722612334	0.024333	False
ENSG00000158887	MPZ	False	0.2507694000103239	0.28931	False
ENSG00000158901	WFDC8	False	0.3742099534419074	0.068619	False
ENSG00000158941	CCAR2	False	0.019959567176481577	0.042294	False
ENSG00000158955	WNT9B	False	0.17465392432336044	0.33315	False
ENSG00000159023	EPB41	False	0.493183471352448	0.26751	False
ENSG00000159055	MIS18A	False	0.4543341486358322	0.2217	False
ENSG00000159063	ALG8	True	0.09192333617189927	0.61542	False
ENSG00000159069	FBXW5	False	0.07636097152697054	0.19795	False
ENSG00000159082	SYNJ1	True	0.022824675184281395	0.092592	False
ENSG00000159086	PAXBP1	False	0.012037340829250719	0.030658	False
ENSG00000159111	MRPL10	False	0.057087487888344814	0.049713	False
ENSG00000159128	IFNGR2	False	0.2837146894722931	0.23257	False
ENSG00000159131	GART	False	0.19413518459405407	0.04221	False
ENSG00000159140	SON	True	0.001962687412160518	0.10313	False
ENSG00000159147	DONSON	False	0.464382296140165	0.39027	False
ENSG00000159164	SV2A	False	0.023082391408009273	0.014376	False
ENSG00000159166	LAD1	False	0.2454880967526405	0.49185	False
ENSG00000159167	STC1	False	0.44723130351843443	0.25816	False
ENSG00000159173	TNNI1	False	0.7183075520813493	0.34376	False
ENSG00000159176	CSRP1	False	0.2879126616251282	0.36075	False
ENSG00000159184	HOXB13	False	0.1735804296047541	0.65305	False
ENSG00000159189	C1QC	False	0.47212568363394924		False
ENSG00000159197	KCNE2	False	0.03945250396168423	0.011371	False
ENSG00000159199	ATP5MC1	False	0.0471837440288415	0.31435	False
ENSG00000159200	RCAN1	False	0.0785625760283873	0.054708	False
ENSG00000159202	UBE2Z	False	0.2516488244299162	0.026438	False
ENSG00000159208	CIART	False	0.0010567183557371052	0.065546	False
ENSG00000159210	SNF8	True	0.0015652669740668739	0.0086827	False
ENSG00000159212	CLIC6	False	0.06446603673966374	0.18985	False
ENSG00000159214	CCDC24	False	0.3167451210313804	0.04336	False
ENSG00000159216	RUNX1	False	0.023102348962103596	0.14897	False
ENSG00000159217	IGF2BP1	False	0.40637136895661546	0.21691	False
ENSG00000159224	GIP	False	0.2401471251360808	0.50826	False
ENSG00000159228	CBR1	False	0.20503039346315535	0.51341	False
ENSG00000159231	CBR3	False	0.19631558550067765	0.25332	False
ENSG00000159248	GJD2	False	0.5246970896300573	0.40557	False
ENSG00000159251	ACTC1	False	0.881733948258486	0.012909	False
ENSG00000159256	MORC3	False	0.24067090733287258	0.071212	False
ENSG00000159259	CHAF1B	False	0.20554881206346873	0.033585	False
ENSG00000159261	CLDN14	False	0.04582429272823409	0.13677	False
ENSG00000159263	SIM2	False	0.12489114916608408	0.02151	False
ENSG00000159267	HLCS	True	0.12667451638257796	0.098095	False
ENSG00000159307	SCUBE1	False	0.4997082041870464	0.22999	False
ENSG00000159314	ARHGAP27	False	0.13126715394029906	0.027855	False
ENSG00000159322	ADPGK	False	0.44593058848403266	0.16017	False
ENSG00000159337	PLA2G4D	False	0.19445771234322465	0.35683	False
ENSG00000159339	PADI4	False	0.02855460915187782	0.011444	False
ENSG00000159346	ADIPOR1	False	0.24629259246815427	0.062937	False
ENSG00000159348	CYB5R1	False	0.10012516462645818	0.14811	False
ENSG00000159352	PSMD4	False	0.0208196901358791	0.011766	False
ENSG00000159363	ATP13A2	True	0.12692722640964108	0.19727	False
ENSG00000159374	M1AP	False	0.05970157437928215	0.40266	False
ENSG00000159377	PSMB4	False	0.12223740341788383	0.18178	False
ENSG00000159387	IRX6	False	0.05952981928269159	0.099769	False
ENSG00000159388	BTG2	False	0.018104545456578643	0.0030753	False
ENSG00000159398	CES5A	False	0.6949766851513464	0.23866	False
ENSG00000159399	HK2	False	0.1661123935122125	0.18336	False
ENSG00000159403	C1R	False	0.35206593806598935	0.37256	False
ENSG00000159409	CELF3	False	0.4831326954886649	0.21057	False
ENSG00000159423	ALDH4A1	False	0.008733241162656318	0.00084679	False
ENSG00000159433	STARD9	False	0.12031622291852095	0.56866	False
ENSG00000159445	THEM4	False	0.20622378691066892	0.28228	False
ENSG00000159450	TCHH	False	0.06034350025100123	0.51207	False
ENSG00000159455	LCE2B	False	0.01090418096639426		False
ENSG00000159459	UBR1	False	0.26866255845243875	0.39302	False
ENSG00000159461	AMFR	False	0.036588179291058225	0.014921	False
ENSG00000159479	MED8	False	0.7928664538992551	0.5067	False
ENSG00000159495	TGM7	False	0.5168360691018845	0.39182	False
ENSG00000159496	RGL4	False	0.6245617104730872	0.26645	False
ENSG00000159516	SPRR2G	False	0.3720018814562815	0.2848	False
ENSG00000159527	PGLYRP3	False	0.3065627621105038	0.35364	False
ENSG00000159556	ISL2	False	0.026019116292181	0.0068844	False
ENSG00000159579	RSPRY1	False	0.1200201258854814	0.23104	False
ENSG00000159588	CCDC17	False	0.08358990643807356	0.016226	False
ENSG00000159592	GPBP1L1	False	0.32091671328998367	0.42823	False
ENSG00000159593	NAE1	False	0.16071372931882444	0.008546	False
ENSG00000159596	TMEM69	False	0.2105945405896144	0.28983	False
ENSG00000159618	ADGRG5	False	0.3952842993929996	0.22582	False
ENSG00000159625	DRC7	False	0.3162360524656186	0.10954	False
ENSG00000159640	ACE	False	0.013336171395542695	0.35442	False
ENSG00000159650	UROC1	False	0.6719911097960116	0.52007	False
ENSG00000159658	EFCAB14	False	0.5738598237758643	0.19229	False
ENSG00000159685	CHCHD6	False	0.012465136975734457	0.59158	False
ENSG00000159692	CTBP1	False	0.27345394301266523	0.47569	False
ENSG00000159708	LRRC36	False	0.30730179372849803	0.057735	False
ENSG00000159713	TPPP3	False	0.10331864612250051	0.03601	False
ENSG00000159714	ZDHHC1	False	0.5188349003238681	0.51473	False
ENSG00000159720	ATP6V0D1	False	0.2037798149427612	0.29537	False
ENSG00000159723	AGRP	False	0.04138715395875717	0.055989	False
ENSG00000159733	ZFYVE28	False	0.2086075434670576	0.034775	False
ENSG00000159753	CARMIL2	False	0.05733718565782743	0.0061567	False
ENSG00000159761	C16orf86	False	0.1711215534341426	0.1908	False
ENSG00000159784	FAM131B	False	0.012082756005037314	0.060331	False
ENSG00000159788	RGS12	False	0.4052615145425272	0.28041	False
ENSG00000159792	PSKH1	False	0.05669298986174454	0.0029037	False
ENSG00000159840	ZYX	False	0.5988237656457966	0.34195	False
ENSG00000159842	ABR	False	0.0030797232498156885	0.23705	False
ENSG00000159871	LYPD5	False	0.2755179489608855	0.7222	False
ENSG00000159873	CCDC117	False	0.5329176523300705	0.29703	False
ENSG00000159882	ZNF230	False	0.29481592930977957	0.31044	False
ENSG00000159884	CCDC107	False	0.21218473904613203	0.050258	False
ENSG00000159885	ZNF222	False	0.0018699910893279006		False
ENSG00000159899	NPR2	False	0.05076843632580797	0.034634	False
ENSG00000159905	ZNF221	False	0.37514682864375165	0.28118	False
ENSG00000159915	ZNF233	False	0.023897422972467802	0.17641	False
ENSG00000159917	ZNF235	False	0.02426329347890387	0.2049	False
ENSG00000159921	GNE	False	0.15617200967814104	0.06037	False
ENSG00000159958	TNFRSF13C	False	0.18655107908162702	0.076663	False
ENSG00000160007	ARHGAP35	False	0.05624818378579108	0.082555	False
ENSG00000160013	PTGIR	False	0.0053447191016373205	0.46756	False
ENSG00000160049	DFFA	False	0.1872645306701316	0.27938	False
ENSG00000160050	CCDC28B	False	0.2187029732080075	0.23073	False
ENSG00000160051	IQCC	False	0.11108146621170024	0.45133	False
ENSG00000160055	TMEM234	False	0.15491933244980577	0.15788	False
ENSG00000160058	BSDC1	False	0.27030210451387415	0.38989	False
ENSG00000160062	ZBTB8A	False	0.19340840830698924	0.70104	False
ENSG00000160072	ATAD3B	False	0.040032073477037085	0.028992	False
ENSG00000160075	SSU72	False	0.0977606673981975	0.013167	False
ENSG00000160087	UBE2J2	False	0.1155001634821891	0.003598	False
ENSG00000160094	ZNF362	False	0.08591810557048324	0.0068823	False
ENSG00000160097	FNDC5	False	0.675143990398676	0.42817	False
ENSG00000160113	NR2F6	False	0.16681091862580097	0.13645	False
ENSG00000160145	KALRN	False	0.13791415050537212	0.1409	False
ENSG00000160161	CILP2	False	0.3841261615665163	0.10389	False
ENSG00000160179	ABCG1	False	0.17253971758196054	0.57103	False
ENSG00000160181	TFF2	False	0.060851212395954625	0.0098702	False
ENSG00000160182	TFF1	False	0.669069309673145		False
ENSG00000160183	TMPRSS3	False	0.3725549996441496	0.20084	False
ENSG00000160185	UBASH3A	False	0.042521059828295904	0.069274	False
ENSG00000160188	RSPH1	False	0.0803134453310529	0.34305	False
ENSG00000160190	SLC37A1	False	0.026197392256450996	0.052201	False
ENSG00000160191	PDE9A	False	0.37692481596937805	0.077907	False
ENSG00000160193	WDR4	False	0.010530494599719343	0.36342	False
ENSG00000160194	NDUFV3	False	0.021750147799414133	0.64362	False
ENSG00000160199	PKNOX1	False	0.17969231705925337	0.22209	False
ENSG00000160207	HSF2BP	False	0.0012418787273632537	0.21887	False
ENSG00000160208	RRP1B	False	0.11156063329595961	0.66472	False
ENSG00000160209	PDXK	False	0.5625555892060972	0.077433	False
ENSG00000160213	CSTB	True	0.01562624370403044		False
ENSG00000160214	RRP1	False	0.38355160117660675	0.2176	False
ENSG00000160216	AGPAT3	False	0.09232431867531579	0.035024	False
ENSG00000160218	TRAPPC10	True	0.1698716238843978	0.2217	False
ENSG00000160224	AIRE	False	0.02891290722362159	0.14045	False
ENSG00000160226	CFAP410	False	0.11713688413461122	0.020285	False
ENSG00000160233	LRRC3	False	0.13933152785332595	0.06522	False
ENSG00000160255	ITGB2	False	0.2589662781066228	0.24718	False
ENSG00000160271	RALGDS	False	0.16167468566733928		False
ENSG00000160282	FTCD	False	0.28076941019496254	0.38713	False
ENSG00000160284	SPATC1L	False	0.0041149890231734175	0.1511	False
ENSG00000160285	LSS	True	0.08744986998872267	0.072053	False
ENSG00000160293	VAV2	False	0.08705303919426813	0.20851	False
ENSG00000160294	MCM3AP	True	0.027881228782132495	0.040076	False
ENSG00000160298	C21orf58	False	0.42631234752386893	0.33806	False
ENSG00000160299	PCNT	False	0.3950866508030984	0.27962	False
ENSG00000160305	DIP2A	False	0.05096574224224448	0.022956	False
ENSG00000160310	PRMT2	False	0.5417621757740153	0.25738	False
ENSG00000160318	CLDND2	False	0.2340356142009809	0.42546	False
ENSG00000160321	ZNF208	False	0.028772579610323312	0.1236	False
ENSG00000160323	ADAMTS13	False	0.04661128629231067	0.090695	False
ENSG00000160325	CACFD1	False	0.2098404249074215	0.46705	False
ENSG00000160326	SLC2A6	False	0.22472508888785406	0.13694	False
ENSG00000160339	FCN2	False	0.028512369268641074	0.098553	False
ENSG00000160349	LCN1	False	0.06887222609422916	0.29316	False
ENSG00000160352	ZNF714	False	0.6174229162368807	0.51078	False
ENSG00000160360	GPSM1	False	0.1656721250945396	0.15957	False
ENSG00000160392	C19orf47	False	0.018072364404837178	0.18964	False
ENSG00000160396	HIPK4	False	0.1796507407708314	0.23049	False
ENSG00000160401	CFAP157	False	0.2789934961339492	0.25204	False
ENSG00000160404	TOR2A	False	0.6109978666915084	0.42565	False
ENSG00000160408	ST6GALNAC6	False	0.39077195646553725	0.29098	False
ENSG00000160410	SHKBP1	False	0.07841123759012333	0.14217	False
ENSG00000160439	RDH13	False	0.4884416000293381	0.37069	False
ENSG00000160445	ZER1	False	0.7933461525496437	0.088104	False
ENSG00000160446	ZDHHC12	False	0.33326337059091293	0.14481	False
ENSG00000160447	PKN3	False	0.19605847177156785	0.27534	False
ENSG00000160460	SPTBN4	True	0.24524483685010637	0.187	False
ENSG00000160469	BRSK1	False	0.04275706536961053	0.030291	False
ENSG00000160471	COX6B2	False	0.14433066237840944	0.20999	False
ENSG00000160472	TMEM190	False	0.5531985262076133	0.38392	False
ENSG00000160505	NLRP4	False	0.29703719443792226	0.30768	False
ENSG00000160539	PLPP7	False	0.09567822649470367	0.036119	False
ENSG00000160551	TAOK1	True	0.0058367975445876635	0.0041676	False
ENSG00000160563	MED27	True	0.01599770088922535	0.028091	False
ENSG00000160570	DEDD2	False	0.0023663527881284687	0.1826	False
ENSG00000160584	SIK3	False	0.010700672852778302	0.13593	False
ENSG00000160588	MPZL3	False	0.2500227492751412	0.091851	False
ENSG00000160593	JAML	False	0.24371326843396432	0.27763	False
ENSG00000160602	NEK8	False	0.15288417323387143	0.47176	False
ENSG00000160606	TLCD1	False	0.15424045024557373	0.14102	False
ENSG00000160613	PCSK7	False	0.010945381684455234	0.021608	False
ENSG00000160633	SAFB	False	0.11114417568570559	0.14872	False
ENSG00000160654	CD3G	False	0.0233252482891834	0.23816	False
ENSG00000160678	S100A1	False	0.06291710626665198	0.22714	False
ENSG00000160679	CHTOP	False	0.12075238778263676		False
ENSG00000160683	CXCR5	False	0.10439814480732376	0.23345	False
ENSG00000160685	ZBTB7B	False	0.43952126620383414	0.11714	False
ENSG00000160688	FLAD1	False	0.09417396334764247	0.09448	False
ENSG00000160691	SHC1	False	0.011752621764410371	0.043223	False
ENSG00000160695	VPS11	True	0.006000033268612675	0.063144	False
ENSG00000160703	NLRX1	False	0.008884400617448248	0.0032062	False
ENSG00000160710	ADAR	True	0.05780188531742868	0.053713	False
ENSG00000160712	IL6R	False	0.0017048737571567557	0.33107	False
ENSG00000160714	UBE2Q1	False	0.31469351698016096	0.19235	False
ENSG00000160716	CHRNB2	True	0.12493195037000891	0.071197	False
ENSG00000160741	CRTC2	False	0.275077486336892	0.69519	False
ENSG00000160746	ANO10	False	0.4188983095874196	0.15952	False
ENSG00000160752	FDPS	False	0.2489943448952958	0.11178	False
ENSG00000160753	RUSC1	False	0.08211105655735329	0.20595	False
ENSG00000160781	PAQR6	False	0.18841263416610948	0.22926	False
ENSG00000160783	PMF1	False	0.12061701508461106	0.31776	False
ENSG00000160785	SLC25A44	False	0.23660876112532933	0.43242	False
ENSG00000160789	LMNA	False	0.4181335229776699	0.28096	False
ENSG00000160791	CCR5	False	0.46577067634571867	0.15778	False
ENSG00000160796	NBEAL2	False	0.6557158870331716	0.39241	False
ENSG00000160799	CCDC12	False	0.10296911933450162	0.03254	False
ENSG00000160801	PTH1R	False	0.45714061179567056	0.16464	False
ENSG00000160803	UBQLN4	False	0.019891265114924693	0.0011923	False
ENSG00000160808	MYL3	False	0.001239601578176319	0.0009837	False
ENSG00000160813	PPP1R35	False	0.06024746853185926	0.032273	False
ENSG00000160818	GPATCH4	False	0.34748907825028313	0.029957	False
ENSG00000160838	LRRC71	False	0.18836894085775432	0.45278	False
ENSG00000160856	FCRL3	False	0.3837185903396291	0.25267	False
ENSG00000160862	AZGP1	False	5.614218912062707e-05	0.13872	False
ENSG00000160867	FGFR4	False	0.1860247487597337	0.025019	False
ENSG00000160868	CYP3A4	False	0.05434579000155746	0.049604	False
ENSG00000160870	CYP3A7	False	0.03243696736707533	0.47251	False
ENSG00000160877	NACC1	True	0.1245731556629798	0.19855	False
ENSG00000160882	CYP11B1	False	0.03780776603163937	0.11608	False
ENSG00000160883	HK3	False	0.09832859624293327	0.16169	False
ENSG00000160886	LY6K	False	0.070021473111495	0.50151	False
ENSG00000160888	IER2	False	0.1529611910567512		False
ENSG00000160908	ZNF394	False	0.13809835742894183	0.4762	False
ENSG00000160917	CPSF4	False	0.49833221315787635	0.19766	False
ENSG00000160932	LY6E	False	0.3274242153511487	0.09001	False
ENSG00000160948	VPS28	False	0.5783356978196508	0.28591	False
ENSG00000160949	TONSL	False	0.2797561014260243	0.63752	False
ENSG00000160951	PTGER1	False	0.6440115585087053	0.066408	False
ENSG00000160957	RECQL4	False	0.4271155307644888	0.18576	False
ENSG00000160959	LRRC14	False	0.5672762690150832	0.27094	False
ENSG00000160961	ZNF333	False	0.06311321443901045	0.10149	False
ENSG00000160963	COL26A1	False	0.2784483110531495	0.17691	False
ENSG00000160972	PPP1R16A	False	0.3763809115562317	0.48732	False
ENSG00000160973	FOXH1	False	0.5277535848168873	0.048228	False
ENSG00000160991	ORAI2	False	0.08247421422104764	0.033243	False
ENSG00000160993	ALKBH4	False	0.20321797343930822		False
ENSG00000160994	CCDC105	False	0.0832396264003167	0.11926	False
ENSG00000161010	MRNIP	False	0.6661616973679994	0.51129	False
ENSG00000161011	SQSTM1	False	0.13985058348547527	0.0205	False
ENSG00000161013	MGAT4B	False	0.1531081554312344	0.16379	False
ENSG00000161016	RPL8	False	0.3500513095080472	0.26252	False
ENSG00000161021	MAML1	False	0.6184855151556646	0.14768	False
ENSG00000161031	PGLYRP2	False	0.38428652188043566	0.15851	False
ENSG00000161036	LRWD1	False	0.1880663066313532	0.046065	False
ENSG00000161040	FBXL13	False	0.0788572049800982	0.14744	False
ENSG00000161048	NAPEPLD	False	0.07105618124978613	0.37053	False
ENSG00000161055	SCGB3A1	False	0.003587757333816773	0.43723	False
ENSG00000161057	PSMC2	False	0.0007932740076013381	0.24619	False
ENSG00000161082	CELF5	False	0.018748171295605808	0.021542	False
ENSG00000161091	MFSD12	False	0.23071939446147066	0.1383	False
ENSG00000161179	YDJC	False	0.04835624200542687	0.0052883	False
ENSG00000161180	CCDC116	False	0.018206158270666104	0.0096024	False
ENSG00000161202	DVL3	False	0.03260289879364814	0.31014	False
ENSG00000161203	AP2M1	True	0.09241933385270305	0.048723	False
ENSG00000161204	ABCF3	False	0.20994943706287908	0.31289	False
ENSG00000161217	PCYT1A	False	0.7799284640071735	0.27649	False
ENSG00000161243	FBXO27	False	0.15413539551786726	0.1414	False
ENSG00000161249	DMKN	False	0.11756701983747306	0.50392	False
ENSG00000161265	U2AF1L4	False	0.26316468427578626	0.26489	False
ENSG00000161267	BDH1	False	0.5871566103457315	0.10394	False
ENSG00000161270	NPHS1	False	0.2605866622883836	0.30398	False
ENSG00000161277	THAP8	False	0.14693659381157853	0.0086893	False
ENSG00000161298	ZNF382	False	0.07218518246250698	0.074217	False
ENSG00000161328	LRRC56	False	0.07173826660645709	0.030025	False
ENSG00000161381	PLXDC1	False	0.0053162466234536005	0.31922	False
ENSG00000161395	PGAP3	True	0.02879249857134954	0.078028	False
ENSG00000161405	IKZF3	False	0.5718362598705521	0.33828	False
ENSG00000161509	GRIN2C	False	0.022576258502301882	0.15152	False
ENSG00000161513	FDXR	False	0.2748153010468028	0.19654	False
ENSG00000161526	SAP30BP	False	0.0077889847039403146	0.089513	False
ENSG00000161533	ACOX1	True	0.015704011095654745	0.1644	False
ENSG00000161542	PRPSAP1	False	0.002134788103451369	0.55491	False
ENSG00000161544	CYGB	False	0.01654190330987587		False
ENSG00000161547	SRSF2	False	0.0388273241078331	0.12354	False
ENSG00000161551	ZNF577	False	0.2632475925556826	0.037374	False
ENSG00000161558	TMEM143	False	0.07569209164511921	0.145	False
ENSG00000161594	KLHL10	False	0.09210135098984114	0.10361	False
ENSG00000161618	ALDH16A1	False	0.0677552198396827	0.020868	False
ENSG00000161634	DCD	False	0.020606137273297475		False
ENSG00000161638	ITGA5	False	0.0002217991951790961	0.0056276	False
ENSG00000161640	SIGLEC11	False	0.3869216859545052	0.003121	False
ENSG00000161642	ZNF385A	False	0.003672042262513263	0.14605	False
ENSG00000161647	MPP3	False	0.023806165457440596	0.27083	False
ENSG00000161649	CD300LG	False	0.15091524804994116	0.12254	False
ENSG00000161652	IZUMO2	False	0.016897987159313548	0.026833	False
ENSG00000161653	NAGS	False	0.14466673989349552	0.051983	False
ENSG00000161664	ASB16	False	0.49773083697269904	0.34539	False
ENSG00000161671	EMC10	True	0.24901981781841107	0.33907	False
ENSG00000161677	JOSD2	False	0.34171325936211383	0.18372	False
ENSG00000161681	SHANK1	False	0.6942986726022958	0.086367	False
ENSG00000161682	FAM171A2	False	0.4697392660361921	0.31159	False
ENSG00000161692	DBF4B	False	0.13738005611843834	0.46469	False
ENSG00000161714	PLCD3	False	0.00448959705813611	0.26396	False
ENSG00000161791	FMNL3	False	0.17905210318619255	0.12781	False
ENSG00000161798	AQP5	False	0.1967673999046535	0.36848	False
ENSG00000161800	RACGAP1	False	0.28605090539370404	0.097579	False
ENSG00000161807	OR7G1	False	0.11752574075257194		False
ENSG00000161813	LARP4	False	0.05501758651840863	0.16799	False
ENSG00000161849	KRT84	False	0.022289828514517454	0.47961	False
ENSG00000161850	KRT82	False	0.15658888379045927	0.35527	False
ENSG00000161860	SYCE2	False	0.09217707603264619	0.46612	False
ENSG00000161888	SPC24	False	0.30102770358216036	0.33139	False
ENSG00000161896	IP6K3	False	0.5188099415290346	0.54128	False
ENSG00000161904	LEMD2	False	0.005600579926007914	0.027867	False
ENSG00000161905	ALOX15	False	0.13842717777914076	0.030927	False
ENSG00000161911	TREML1	False	0.13448144767918588	0.6457	False
ENSG00000161914	ZNF653	False	0.019534266098388903	0.14082	False
ENSG00000161920	MED11	True	0.11135278859588825	0.30843	False
ENSG00000161929	SCIMP	False	0.3191916175777301	0.21382	False
ENSG00000161944	ASGR2	False	0.08848707858441122	0.44435	False
ENSG00000161955	TNFSF13	False	0.26561448196259	0.8309	False
ENSG00000161956	SENP3	False	0.048372318578756686	0.031349	False
ENSG00000161958	FGF11	False	0.6222213861884205	0.081322	False
ENSG00000161960	EIF4A1	False	0.19159581896938774	0.20681	False
ENSG00000161973	CCDC42	False	0.3029092147479693	0.67115	False
ENSG00000161980	POLR3K	False	0.07721187363405499	0.44717	False
ENSG00000161992	PRR35	False	0.00018099258973489364	0.077444	False
ENSG00000161996	WDR90	False	0.5552688432854832	0.28013	False
ENSG00000162004	CCDC78	False	0.14441689037497565	0.19626	False
ENSG00000162009	SSTR5	False	0.17382606793542288	0.23737	False
ENSG00000162032	SPSB3	False	0.5251038378691089	0.52105	False
ENSG00000162039	MEIOB	False	0.776722174430456	0.12013	False
ENSG00000162040	HS3ST6	False	0.10072947019490265	0.019007	False
ENSG00000162062	TEDC2	False	0.5418740198884904	0.1311	False
ENSG00000162063	CCNF	False	0.04724645703855727	0.038267	False
ENSG00000162065	TBC1D24	True	0.5599509542811144	0.36125	False
ENSG00000162066	AMDHD2	False	0.29900746153371816	0.5491	False
ENSG00000162068	NTN3	False	0.01477422194060317	0.55211	False
ENSG00000162069	BICDL2	False	0.00872273289110876	0.060718	False
ENSG00000162073	PAQR4	False	0.0416988833238488	0.24252	False
ENSG00000162076	FLYWCH2	False	0.03341839923481709	0.12418	False
ENSG00000162086	ZNF75A	False	0.10911878245635595	0.29496	False
ENSG00000162104	ADCY9	False	0.17756144771550608	0.41502	False
ENSG00000162105	SHANK2	False	0.5078977476058613	0.30148	False
ENSG00000162129	CLPB	True	0.30619415668804717	0.7363	False
ENSG00000162139	NEU3	False	0.8485737724302447	0.51061	False
ENSG00000162144	CYB561A3	False	0.012591672947808248	0.034771	False
ENSG00000162148	PPP1R32	False	0.0189578614376221	0.35042	False
ENSG00000162174	ASRGL1	False	0.12592020104972565	0.21287	False
ENSG00000162191	UBXN1	False	0.012169433387612859	0.18791	False
ENSG00000162194	LBHD1	False	0.23307181554033013	0.46391	False
ENSG00000162222	TTC9C	False	0.6011923824893779	0.14114	False
ENSG00000162227	TAF6L	False	0.042866268156270156	0.085356	False
ENSG00000162231	NXF1	False	0.4614435808559173	0.34861	False
ENSG00000162236	STX5	False	0.0009881578904051762	0.3321	False
ENSG00000162241	SLC25A45	False	0.11296652960409036	0.18921	False
ENSG00000162244	RPL29	False	0.666709491799153	0.22955	False
ENSG00000162267	ITIH3	False	0.17133972086953955	0.086734	False
ENSG00000162298	SYVN1	False	0.5076629313377783	0.22425	False
ENSG00000162300	ZFPL1	False	0.10162753638577604	0.4678	False
ENSG00000162302	RPS6KA4	False	0.05578654268882694	0.15452	False
ENSG00000162337	LRP5	False	0.4030835561882838	0.67589	False
ENSG00000162341	TPCN2	False	0.12573968788807702	0.053549	False
ENSG00000162344	FGF19	False	0.25063807741166094		False
ENSG00000162365	CYP4A22	False	0.34988331134726597	0.22233	False
ENSG00000162366	PDZK1IP1	False	0.07579285316219647	0.33957	False
ENSG00000162367	TAL1	False	0.020190722720736264	0.17765	False
ENSG00000162373	BEND5	False	0.08530318598323451	0.40142	False
ENSG00000162374	ELAVL4	False	0.0023183579250051064	0.019604	False
ENSG00000162377	COA7	False	0.1590518560704795	0.13791	False
ENSG00000162378	ZYG11B	False	0.46084649625439356	0.069061	False
ENSG00000162383	SLC1A7	False	0.09730942141439893	0.41944	False
ENSG00000162390	ACOT11	False	0.29145484663018323	0.62335	False
ENSG00000162391	FAM151A	False	0.09780685147398087	0.16025	False
ENSG00000162396	PARS2	True	0.0015488060421752058	0.33436	False
ENSG00000162398	LEXM	False	0.20310530154621037	0.030606	False
ENSG00000162399	BSND	False	0.0032427543890600537	0.19865	False
ENSG00000162402	USP24	False	0.07447602750310986	0.02081	False
ENSG00000162407	PLPP3	False	0.8099352096777984		False
ENSG00000162408	NOL9	False	0.1486752760138598	0.16538	False
ENSG00000162409	PRKAA2	False	0.1483844894646445	0.44348	False
ENSG00000162413	KLHL21	False	0.20805485697915968	0.043616	False
ENSG00000162415	ZSWIM5	False	0.3041086325064602	0.24659	False
ENSG00000162419	GMEB1	False	0.07469944001675098	0.044917	False
ENSG00000162430	SELENON	False	0.005278828183246478	0.64467	False
ENSG00000162433	AK4	False	0.5696280920560586	0.10727	False
ENSG00000162434	JAK1	False	0.01492077119027087	0.23302	False
ENSG00000162437	RAVER2	False	0.00484613137229054	0.12793	False
ENSG00000162438	CTRC	False	0.00626014080220297	0.048401	False
ENSG00000162441	LZIC	False	0.6114833563179056	0.26793	False
ENSG00000162444	RBP7	False	0.09899255880370769	0.011681	False
ENSG00000162456	KNCN	False	0.17691801475427343	0.083539	False
ENSG00000162458	FBLIM1	False	0.23162773520131846	0.36505	False
ENSG00000162460	TMEM82	False	0.04043191666086595	0.1323	False
ENSG00000162461	SLC25A34	False	0.3300506875470617	0.13111	False
ENSG00000162482	AKR7A3	False	0.08123640554413405	0.07332	False
ENSG00000162490	DRAXIN	False	0.28729897700306406	0.31947	False
ENSG00000162493	PDPN	False	0.03779304739150541	0.0042631	False
ENSG00000162494	LRRC38	False	0.5751599450790694	0.24497	False
ENSG00000162496	DHRS3	False	0.2705472057227235	0.21879	False
ENSG00000162510	MATN1	False	0.47299254895650433	0.27629	False
ENSG00000162511	LAPTM5	False	0.06464044571272423	0.11772	False
ENSG00000162512	SDC3	False	0.001319093312802142		False
ENSG00000162517	PEF1	False	0.1718766524834428	0.30644	False
ENSG00000162520	SYNC	False	0.23493068348109014	0.11733	False
ENSG00000162522	KIAA1522	False	0.08609326917117645	0.038476	False
ENSG00000162526	TSSK3	False	0.4855823539236245	0.77373	False
ENSG00000162542	TMCO4	False	0.11028369020233691	0.30064	False
ENSG00000162543	UBXN10	False	0.07471949349794348	0.30074	False
ENSG00000162551	ALPL	True	0.07523150792319087	0.092639	False
ENSG00000162552	WNT4	False	0.30690404953799344	0.15157	False
ENSG00000162571	TTLL10	False	0.08219479806593019	0.48296	False
ENSG00000162572	SCNN1D	False	0.03431427968827125	0.12152	False
ENSG00000162576	MXRA8	False	0.8578862263082829	0.2807	False
ENSG00000162585	FAAP20	False	0.06488084365386239	0.37902	False
ENSG00000162591	MEGF6	False	0.008748443868433077	0.17343	False
ENSG00000162592	CCDC27	False	0.01861656797525898	0.2044	False
ENSG00000162594	IL23R	False	0.09565468784405888	0.16158	False
ENSG00000162595	DIRAS3	False	0.8552337761695612	0.5147	False
ENSG00000162598	C1orf87	False	0.008204794261356466	0.15286	False
ENSG00000162599	NFIA	False	0.618625298760508	0.14475	False
ENSG00000162601	MYSM1	False	0.7726414316852532	0.2138	False
ENSG00000162604	TM2D1	False	0.07979089127352904	0.019174	False
ENSG00000162607	USP1	False	0.06965721703461876	0.058372	False
ENSG00000162613	FUBP1	False	0.1648403242099427	0.15617	False
ENSG00000162614	NEXN	False	0.21742239065627933	0.056345	False
ENSG00000162616	DNAJB4	False	0.15811273073029117	0.3083	False
ENSG00000162618	ADGRL4	False	0.05433874621897206	0.3752	False
ENSG00000162620	LRRIQ3	False	0.0030021444827862077	0.13988	False
ENSG00000162623	TYW3	False	0.21106152328249683	0.29172	False
ENSG00000162624	LHX8	False	0.2747582006404296	0.44772	False
ENSG00000162627	SNX7	False	0.22817366718673984	0.69514	False
ENSG00000162630	B3GALT2	False	0.5024509390174122	0.28805	False
ENSG00000162631	NTNG1	False	0.2359299222382652	0.093997	False
ENSG00000162639	HENMT1	False	0.12476400228734819	0.58546	False
ENSG00000162641	AKNAD1	False	0.4032440288792502	0.17499	False
ENSG00000162642	C1orf52	False	2.140709176792257e-05	0.12291	False
ENSG00000162645	GBP2	False	0.0017996838967364718	0.027109	False
ENSG00000162650	ATXN7L2	False	0.4169912701076808		False
ENSG00000162654	GBP4	False	0.08566370007219042	0.010062	False
ENSG00000162664	ZNF326	False	0.11531136423172508	0.37864	False
ENSG00000162669	HFM1	False	0.1078493931808826	0.12403	False
ENSG00000162670	BRINP3	False	0.05817870489101495	0.41433	False
ENSG00000162676	GFI1	False	0.23315732739768977	0.15946	False
ENSG00000162687	KCNT2	True	0.20056634868044346	0.10859	False
ENSG00000162688	AGL	False	0.007273562454192526	0.12063	False
ENSG00000162692	VCAM1	False	0.23446275334918054	0.48089	False
ENSG00000162694	EXTL2	False	0.42561774307366285	0.22174	False
ENSG00000162695	SLC30A7	False	0.7066622669165437	0.46455	False
ENSG00000162702	ZNF281	False	0.877645902198426	0.36547	False
ENSG00000162704	ARPC5	False	0.46854148439687116	0.1733	False
ENSG00000162706	CADM3	False	0.1346895051512297	0.28325	False
ENSG00000162711	NLRP3	False	0.2643271129466288	0.25399	False
ENSG00000162714	ZNF496	False	0.09658838291371771	0.25782	False
ENSG00000162722	TRIM58	False	0.33523571768560395	0.26495	False
ENSG00000162723	SLAMF9	False	0.1418345055113798	0.32392	False
ENSG00000162727	OR2M5	False	0.08647716578602838		False
ENSG00000162728	KCNJ9	False	0.25444553216988375	0.086483	False
ENSG00000162729	IGSF8	False	0.03872086384050443	0.10019	False
ENSG00000162733	DDR2	False	0.5612183870373249	0.21457	False
ENSG00000162735	PEX19	True	0.04187820898520174	0.28757	False
ENSG00000162736	NCSTN	False	0.20462679733241132	0.10886	False
ENSG00000162738	VANGL2	False	8.530869617565965e-05	0.094087	False
ENSG00000162739	SLAMF6	False	0.058815920797659516	0.056581	False
ENSG00000162745	OLFML2B	False	0.27971715980338063	0.012324	False
ENSG00000162746	FCRLB	False	0.3074597506902006	0.097494	False
ENSG00000162747	FCGR3B	False	0.06288494595643628	0.061795	False
ENSG00000162753	SLC9C2	False	0.6938319454332434	0.41646	False
ENSG00000162755	KLHDC9	False	0.0038917630350266508	0.18899	False
ENSG00000162757	C1orf74	False	0.09168115498633023	0.16144	False
ENSG00000162761	LMX1A	False	0.02334054510987094	0.153	False
ENSG00000162763	LRRC52	False	0.21626693862173954	0.16132	False
ENSG00000162769	FLVCR1	True	0.016053452961060956	0.095514	False
ENSG00000162772	ATF3	False	0.271097093730723	0.11071	False
ENSG00000162775	RBM15	False	0.21416386867130283	0.17272	False
ENSG00000162777	DENND2D	False	0.5525943725298758	0.26013	False
ENSG00000162779	AXDND1	False	0.17671873470897764	0.45614	False
ENSG00000162782	TDRD5	False	0.11322952497533811	0.043468	False
ENSG00000162783	IER5	False	0.6894309224906655	0.24137	False
ENSG00000162804	SNED1	False	0.01526389243964988	0.17264	False
ENSG00000162813	BPNT1	False	0.7485389999530887	0.63125	False
ENSG00000162814	SPATA17	False	0.003051411852131355	0.41331	False
ENSG00000162819	BROX	False	0.01572501982443863	0.61623	False
ENSG00000162836	ACP6	False	0.022026107697815114	0.41738	False
ENSG00000162849	KIF26B	False	5.398821318400049e-06	0.00017721	False
ENSG00000162851	TFB2M	False	0.3557263814408355	0.078543	False
ENSG00000162852	CNST	False	0.0020463098147511286	0.243	False
ENSG00000162869	PPP1R21	False	0.22224890624634774	0.20237	False
ENSG00000162873	KLHDC8A	False	0.19055913807689895	0.072424	False
ENSG00000162877	PM20D1	False	0.0921815664117397	0.0023942	False
ENSG00000162878	PKDCC	False	0.06765308839771082	0.1869	False
ENSG00000162882	HAAO	False	0.014274374177339472	0.051924	False
ENSG00000162885	B3GALNT2	True	0.035477516673929975	0.012648	False
ENSG00000162889	MAPKAPK2	False	0.4613508908487983	0.33005	False
ENSG00000162891	IL20	False	0.07936965212032472	0.55757	False
ENSG00000162892	IL24	False	0.16490155943617052	0.60222	False
ENSG00000162894	FCMR	False	0.4357598753725659	0.29744	False
ENSG00000162896	PIGR	False	0.16459177144212683	0.47793	False
ENSG00000162897	FCAMR	False	0.7564823528520243	0.26336	False
ENSG00000162909	CAPN2	False	0.012851233560871228	0.06557	False
ENSG00000162910	MRPL55	False	0.551883815533873	0.19562	False
ENSG00000162923	WDR26	True	0.1748992353934434	0.13195	False
ENSG00000162924	REL	False	0.026490022237549416	0.075334	False
ENSG00000162927	PUS10	False	0.1459161397152782	0.24742	False
ENSG00000162928	PEX13	True	0.1472090449495736	0.12325	False
ENSG00000162931	TRIM17	False	0.5988605286097227	0.3216	False
ENSG00000162944	RFTN2	False	0.5151199838950722	0.0062091	False
ENSG00000162946	DISC1	False	0.10232720647671202	0.36033	False
ENSG00000162949	CAPN13	False	0.3139623870559149	0.30261	False
ENSG00000162951	LRRTM1	False	0.0013947495782040689	0.030401	False
ENSG00000162971	TYW5	False	0.15401962128399085	0.42167	False
ENSG00000162972	MAIP1	False	0.7537270547689215	0.28695	False
ENSG00000162975	KCNF1	False	0.27265178946703	0.093516	False
ENSG00000162980	ARL5A	False	0.032416098387713595	0.23622	False
ENSG00000162989	KCNJ3	False	0.10448354349090365	0.095918	False
ENSG00000162992	NEUROD1	False	0.2685167591249289	0.22628	False
ENSG00000162994	CLHC1	False	0.002582043371513295	0.21593	False
ENSG00000162998	FRZB	False	0.07255645412501262	0.48266	False
ENSG00000162999	DUSP19	False	0.1212728966318135	0.12987	False
ENSG00000163001	CFAP36	False	0.15008646102473	0.077723	False
ENSG00000163002	NUP35	False	0.16866194556647024	0.21954	False
ENSG00000163006	CCDC138	False	0.04687252410077108	0.18168	False
ENSG00000163012	ZSWIM2	False	0.4436336133107578	0.37698	False
ENSG00000163013	FBXO41	False	0.08009986424002413	0.46356	False
ENSG00000163017	ACTG2	False	0.02529224438630865	0.13156	False
ENSG00000163026	WDCP	False	0.016128423502814446	0.22269	False
ENSG00000163029	SMC6	False	0.07521888283370995	0.036306	False
ENSG00000163040	CCDC74A	False	0.13089585660782124	0.027332	False
ENSG00000163050	COQ8A	True	0.3250566141124367	0.17172	False
ENSG00000163053	SLC16A14	False	0.6740337362356671	0.10734	False
ENSG00000163060	TEKT4	False	0.24013892935979506	0.037282	False
ENSG00000163064	EN1	False	0.2579383682550649	0.35957	False
ENSG00000163069	SGCB	False	0.23509525002805512	0.042734	False
ENSG00000163071	SPATA18	False	0.464478995437999	0.12564	False
ENSG00000163072	NOSTRIN	False	0.1069287044590577	0.21454	False
ENSG00000163075	CFAP221	False	0.6141279413490306	0.26724	False
ENSG00000163082	SGPP2	False	0.009140347249244275	0.4532	False
ENSG00000163083	INHBB	False	0.07001862080208258	0.17454	False
ENSG00000163092	XIRP2	False	0.16302704084687225	0.28142	False
ENSG00000163104	SMARCAD1	False	0.13881367766197036	0.25472	False
ENSG00000163106	HPGDS	False	0.611220835990963	0.21611	False
ENSG00000163110	PDLIM5	False	0.2148749196079797	0.27874	False
ENSG00000163114	PDHA2	False	0.1180953171217611	0.18458	False
ENSG00000163116	STPG2	False	0.19151541465127975	0.33029	False
ENSG00000163121	NEURL3	False	0.7571774400144363	0.048303	False
ENSG00000163125	RPRD2	False	0.3439217896077503	0.36901	False
ENSG00000163126	ANKRD23	False	0.24725284954117058	0.010804	False
ENSG00000163131	CTSS	False	0.617018240750692	0.16878	False
ENSG00000163132	MSX1	False	0.09050164124567166	0.22914	False
ENSG00000163138	PACRGL	False	0.047114835625260414	0.54522	False
ENSG00000163141	BNIPL	False	0.3522463259270861	0.17009	False
ENSG00000163145	C1QTNF7	False	0.6653385982696679	0.5122	False
ENSG00000163154	TNFAIP8L2	False	0.44916243352400975	0.39238	False
ENSG00000163155	LYSMD1	False	0.1507012307324593	0.060499	False
ENSG00000163156	SCNM1	False	0.3989957020585143	0.018258	False
ENSG00000163157	TMOD4	False	0.1820405853310755	0.078923	False
ENSG00000163159	VPS72	False	0.5991108007788092	0.64944	False
ENSG00000163161	ERCC3	False	0.46542222730433414	0.098702	False
ENSG00000163162	RNF149	False	0.1269999651229635	0.19889	False
ENSG00000163166	IWS1	False	0.5113830999	0.060245	False
ENSG00000163171	CDC42EP3	False	0.06743152091808821		False
ENSG00000163202	LCE3D	False	0.1453734525490554	0.057789	False
ENSG00000163206	SMCP	False	0.7396506474698041		False
ENSG00000163207	IVL	False	0.6303949871516117		False
ENSG00000163209	SPRR3	False	0.19335535244417673		False
ENSG00000163214	DHX57	False	0.00930144188917959	0.00023762	False
ENSG00000163217	BMP10	False	0.29725346436639255	0.19282	False
ENSG00000163218	PGLYRP4	False	0.2427425527240378	0.22757	False
ENSG00000163219	ARHGAP25	False	0.5566185511885041	0.24313	False
ENSG00000163220	S100A9	False	0.4179067862721658		False
ENSG00000163221	S100A12	False	0.0042909724952517195	0.066513	False
ENSG00000163235	TGFA	False	0.5634118647966343	0.39839	False
ENSG00000163239	TDRD10	False	0.3255993756396051	0.02957	False
ENSG00000163249	CCNYL1	False	0.7776522527763243	0.11637	False
ENSG00000163251	FZD5	False	0.6405629758861817	0.41807	False
ENSG00000163254	CRYGC	False	0.008090976351649886	0.31714	False
ENSG00000163257	DCAF16	False	0.04131536448639478	0.094509	False
ENSG00000163273	NPPC	False	0.2913587096241502	0.64838	False
ENSG00000163281	GNPDA2	False	0.10960881219659033	0.29247	False
ENSG00000163283	ALPP	False	0.4972009493131311	0.20804	False
ENSG00000163285	GABRG1	False	0.004685106251821942	0.1886	False
ENSG00000163286	ALPG	False	0.21731044693034474	0.21686	False
ENSG00000163288	GABRB1	True	0.15575915744403482	0.0095146	False
ENSG00000163291	PAQR3	False	0.05728753296058276	0.15917	False
ENSG00000163293	NIPAL1	False	0.39159524047008354	0.71443	False
ENSG00000163295	ALPI	False	0.21915073362527018	0.0023398	False
ENSG00000163297	ANTXR2	False	0.16356967738037476	0.096983	False
ENSG00000163312	HELQ	False	0.21075330320371424	0.13916	False
ENSG00000163319	MRPS18C	False	0.12024429795244404	0.27278	False
ENSG00000163320	CGGBP1	False	0.34358551964837825	0.7629	False
ENSG00000163322	ABRAXAS1	False	0.06427925760410118	0.0042351	False
ENSG00000163328	GPR155	False	0.014578076490911824	0.14952	False
ENSG00000163331	DAPL1	False	0.2160722564148404	0.34959	False
ENSG00000163344	PMVK	False	0.057450199726709034	0.50921	False
ENSG00000163346	PBXIP1	False	0.3903608780448196	0.045974	False
ENSG00000163347	CLDN1	False	0.3123507139101885	0.538	False
ENSG00000163348	PYGO2	False	0.010276165819978738	0.090435	False
ENSG00000163349	HIPK1	False	0.012902882360073956	0.070055	False
ENSG00000163354	DCST2	False	0.11692646992174308	0.047213	False
ENSG00000163357	DCST1	False	0.19368027634888604	0.067058	False
ENSG00000163359	COL6A3	False	0.10356339844966059	0.15638	False
ENSG00000163362	INAVA	False	0.14946115299818644	0.23433	False
ENSG00000163374	YY1AP1	False	0.0011796740806638156	0.030104	False
ENSG00000163376	KBTBD8	False	9.989731787491123e-07	0.53843	False
ENSG00000163378	EOGT	False	0.30842580447781326	0.64428	False
ENSG00000163380	LMOD3	False	0.2964489225908817	0.20276	False
ENSG00000163382	NAXE	True	0.22298926201965952	0.13888	False
ENSG00000163389	POGLUT1	False	0.3930167255597623	0.39885	False
ENSG00000163393	SLC22A15	False	0.20979537046932215	0.32684	False
ENSG00000163394	CCKAR	False	0.09487363665279402	0.15862	False
ENSG00000163395	IGFN1	False	0.2965047537183767	0.23041	False
ENSG00000163399	ATP1A1	True	0.4696404257373358	0.16448	False
ENSG00000163406	SLC15A2	False	0.08845609319413777	0.082972	False
ENSG00000163412	EIF4E3	False	0.06247284719163757	0.093167	False
ENSG00000163421	PROK2	False	0.0034430611871920764	0.008736	False
ENSG00000163428	LRRC58	False	0.5829660012233341	0.22388	False
ENSG00000163430	FSTL1	False	0.2481237569253784	0.18208	False
ENSG00000163431	LMOD1	False	0.4704246830493176	0.12998	False
ENSG00000163435	ELF3	False	0.4078816289610953	0.13679	False
ENSG00000163440	PDCL2	False	0.6048610621162599	0.52201	False
ENSG00000163444	TMEM183A	False	0.46603442561305886	0.1562	False
ENSG00000163449	TMEM169	False	0.010071031413045325	0.55214	False
ENSG00000163453	IGFBP7	False	0.22329175241824656	0.37286	False
ENSG00000163462	TRIM46	False	0.012327985099242317	0.20666	False
ENSG00000163464	CXCR1	False	0.004598016825260894		False
ENSG00000163466	ARPC2	False	0.2564451534087268	0.15079	False
ENSG00000163467	TSACC	False	0.1732186662196381		False
ENSG00000163468	CCT3	True	0.18767862972350613		False
ENSG00000163472	TMEM79	False	0.00863249768604173	0.16605	False
ENSG00000163479	SSR2	False	0.22876149025299136	0.4144	False
ENSG00000163481	RNF25	False	0.5136128486428562	0.12909	False
ENSG00000163482	STK36	False	0.09773068550105186	0.58075	False
ENSG00000163485	ADORA1	False	0.10391726084008056	0.086523	False
ENSG00000163491	NEK10	False	0.10522962940010706	0.24169	False
ENSG00000163492	CCDC141	False	0.015241684268257094	0.24688	False
ENSG00000163497	FEV	False	0.6980383667927373	0.36197	False
ENSG00000163499	CRYBA2	False	0.1450238760112849	0.35727	False
ENSG00000163501	IHH	False	0.09959812102159513	0.042533	False
ENSG00000163507	CIP2A	False	0.07372607889379897	0.034865	False
ENSG00000163508	EOMES	True	0.17022223238708534	0.22571	False
ENSG00000163510	CWC22	False	0.21259240671377502	0.28612	False
ENSG00000163512	AZI2	False	0.1063313029554375	0.16359	False
ENSG00000163513	TGFBR2	False	0.040445243442608185	0.15148	False
ENSG00000163515	RETNLB	False	0.014991353548763646	0.18018	False
ENSG00000163516	ANKZF1	False	0.04944136293496691	0.41497	False
ENSG00000163517	HDAC11	False	0.10403153335949075	0.51427	False
ENSG00000163518	FCRL4	False	0.03477895236807574	0.22731	False
ENSG00000163519	TRAT1	False	0.10232363878762228	0.36811	False
ENSG00000163520	FBLN2	False	0.12917871862871125	0.31058	False
ENSG00000163521	GLB1L	False	0.2837406436277338	0.21461	False
ENSG00000163527	STT3B	False	0.23230784154942818	0.28264	False
ENSG00000163528	CHCHD4	False	0.018927810623214577	0.64361	False
ENSG00000163530	DPPA2	False	0.7720905206312102	0.1984	False
ENSG00000163531	NFASC	False	0.0021381433720720324	0.042417	False
ENSG00000163534	FCRL1	False	0.23002762976371965	0.16624	False
ENSG00000163535	SGO2	False	0.30170948159799554	0.65106	False
ENSG00000163536	SERPINI1	True	0.21712349243526757	0.15869	False
ENSG00000163541	SUCLG1	True	0.32102360194024965	0.36557	False
ENSG00000163554	SPTA1	False	0.2476332250462358	0.02654	False
ENSG00000163558	PRKCI	False	0.03972409200111931	0.10183	False
ENSG00000163563	MNDA	False	0.306327352559108	0.3909	False
ENSG00000163564	PYHIN1	False	0.17798973100328994	0.0045223	False
ENSG00000163565	IFI16	False	0.2454783909349911	0.079721	False
ENSG00000163568	AIM2	False	0.16824913610982534	0.0056387	False
ENSG00000163576	EFHB	False	0.04454359637552229	0.093004	False
ENSG00000163581	SLC2A2	False	0.4199967344461927	0.40683	False
ENSG00000163584	RPL22L1	False	0.012863492960167996	0.35488	False
ENSG00000163586	FABP1	False	0.11249029135374157	0.024284	False
ENSG00000163590	PPM1L	False	0.017415164508547253	0.023815	False
ENSG00000163596	ICA1L	False	0.0028926387274546164	0.24616	False
ENSG00000163599	CTLA4	False	0.28691933859072993	0.03063	False
ENSG00000163600	ICOS	False	0.0824709375935923	0.31707	False
ENSG00000163605	PPP4R2	False	0.14372345650990623	0.2933	False
ENSG00000163606	CD200R1	False	0.5155837977742659	0.066075	False
ENSG00000163607	GTPBP8	False	0.13354696325551213	0.38634	False
ENSG00000163608	NEPRO	False	0.029051580042163423	0.62229	False
ENSG00000163617	CCDC191	False	0.249917669642212	0.2953	False
ENSG00000163618	CADPS	False	0.0925873445371053	0.58371	False
ENSG00000163623	NKX6-1	False	0.002201688860381279		False
ENSG00000163624	CDS1	False	0.48460453750964483	0.35146	False
ENSG00000163625	WDFY3	True	0.09224009744399947	0.12765	False
ENSG00000163626	COX18	False	0.04804311358653327	0.091571	False
ENSG00000163629	PTPN13	False	0.6579217019479995	0.38729	False
ENSG00000163630	SYNPR	False	0.4103062154298895	0.47895	False
ENSG00000163631	ALB	False	0.5416024389273166	0.38263	False
ENSG00000163634	THOC7	False	0.47379244761553063	0.072533	False
ENSG00000163635	ATXN7	False	0.16242662513416142	0.011505	False
ENSG00000163636	PSMD6	False	0.3316590153391869	0.05048	False
ENSG00000163637	PRICKLE2	False	0.04504689105129171		False
ENSG00000163638	ADAMTS9	False	0.23516893719590856	0.086799	False
ENSG00000163644	PPM1K	False	0.2871072075988766	0.32323	False
ENSG00000163645	ERICH6	False	0.33168258731677897	0.12475	False
ENSG00000163646	CLRN1	False	0.22435808884302053	0.55012	False
ENSG00000163655	GMPS	False	0.06525264369103724	0.35805	False
ENSG00000163659	TIPARP	False	0.1698761477144135	0.32203	False
ENSG00000163660	CCNL1	False	0.8247609949700835	0.14344	False
ENSG00000163661	PTX3	False	0.35778084127674503	0.12179	False
ENSG00000163666	HESX1	False	0.20840387314691378	0.041663	False
ENSG00000163673	DCLK3	False	0.10180505610624091	0.25554	False
ENSG00000163681	SLMAP	False	0.15247984701752285	0.11959	False
ENSG00000163682	RPL9	False	0.3965293211631818	0.33798	False
ENSG00000163684	RPP14	False	0.5308294089163497	0.099921	False
ENSG00000163686	ABHD6	False	0.2354748970442534	0.26309	False
ENSG00000163687	DNASE1L3	False	0.03723490357266078	0.62558	False
ENSG00000163694	RBM47	False	0.0028867833319484266	0.067275	False
ENSG00000163697	APBB2	False	0.3114681901996355	0.51807	False
ENSG00000163701	IL17RE	False	0.19708348503675852	0.13171	False
ENSG00000163702	IL17RC	False	0.023856144422789896	0.030582	False
ENSG00000163703	CRELD1	True	0.00019481982161873487	0.046758	False
ENSG00000163704	PRRT3	False	0.10105747196625303	0.025693	False
ENSG00000163705	FANCD2OS	False	0.2222958802843813	0.2501	False
ENSG00000163710	PCOLCE2	False	0.09565388729531299	0.20612	False
ENSG00000163714	U2SURP	False	0.24271942025924637	0.010511	False
ENSG00000163719	MTMR14	False	0.007361870999061958	0.22132	False
ENSG00000163728	TTC14	False	0.007210783256630425	0.2862	False
ENSG00000163734	CXCL3	False	0.20098754907189498	0.26002	False
ENSG00000163735	CXCL5	False	0.05550203305075768	0.38376	False
ENSG00000163736	PPBP	False	0.04744078696931771	0.054181	False
ENSG00000163737	PF4	False	0.06631495986148012	0.2033	False
ENSG00000163738	MTHFD2L	False	0.07884316854116703	0.38543	False
ENSG00000163739	CXCL1	False	0.5068852599173114	0.17541	False
ENSG00000163743	RCHY1	False	0.018539645106224127	0.21849	False
ENSG00000163746	PLSCR2	False	0.09084392964830061	0.39529	False
ENSG00000163749	CCDC158	False	0.12149947130925035	0.50589	False
ENSG00000163751	CPA3	False	0.1455881935785179	0.27292	False
ENSG00000163754	GYG1	False	0.31675000534245323	0.36047	False
ENSG00000163755	HPS3	False	0.2174182796290818	0.20264	False
ENSG00000163762	TM4SF18	False	0.370118918644002	0.53378	False
ENSG00000163781	TOPBP1	False	0.0001682092781915119	0.1206	False
ENSG00000163785	RYK	False	0.1775233393388644		False
ENSG00000163788	SNRK	False	0.11431586956158482	0.17679	False
ENSG00000163792	TCF23	False	0.5713544161495584	0.22939	False
ENSG00000163793	DNAJC5G	False	0.3973508256401597	0.19656	False
ENSG00000163795	ZNF513	False	0.030509020630790803	0.46794	False
ENSG00000163803	PLB1	False	0.02114940301263821	0.066115	False
ENSG00000163806	SPDYA	False	0.32100886195323386	0.26302	False
ENSG00000163807	KIAA1143	False	0.17357098243186028	0.073983	False
ENSG00000163808	KIF15	False	0.028153894343430123	0.0052149	False
ENSG00000163810	TGM4	False	0.08557231717273045	0.079791	False
ENSG00000163811	WDR43	False	0.46139606727634586	0.61143	False
ENSG00000163812	ZDHHC3	False	0.06316186318835822	0.062112	False
ENSG00000163814	CDCP1	False	0.006212287670509406	0.11989	False
ENSG00000163815	CLEC3B	False	0.5050106470221991	0.14171	False
ENSG00000163817	SLC6A20	False	0.0773368250776292	0.045879	False
ENSG00000163818	LZTFL1	False	0.3971961511962416	0.41594	False
ENSG00000163820	FYCO1	False	0.05511492655645471	0.090227	False
ENSG00000163823	CCR1	False	0.0008232559919765746		False
ENSG00000163825	RTP3	False	0.015495414777507974	0.15266	False
ENSG00000163827	LRRC2	False	0.27880940475388444	0.13215	False
ENSG00000163832	ELP6	False	0.05744843707678176	0.75727	False
ENSG00000163833	FBXO40	False	0.3000100244176098	0.33172	False
ENSG00000163840	DTX3L	False	0.1852212280835156	0.1501	False
ENSG00000163848	ZNF148	True	0.7387373979069697	0.094833	False
ENSG00000163864	NMNAT3	False	0.037820888577058454	0.20342	False
ENSG00000163866	SMIM12	False	0.2736085475173848	0.70977	False
ENSG00000163867	ZMYM6	False	0.25240449811665644	0.27204	False
ENSG00000163870	TPRA1	False	0.07136463613627235	0.29318	False
ENSG00000163872	YEATS2	True	0.11459907668492228	0.043784	False
ENSG00000163873	GRIK3	False	0.13900843008564812	0.18948	False
ENSG00000163874	ZC3H12A	False	0.8812269655270522	0.17776	False
ENSG00000163877	SNIP1	True	0.539371376132433	0.10532	False
ENSG00000163882	POLR2H	False	0.402906543139521	0.51635	False
ENSG00000163884	KLF15	False	0.17404742699289893	0.040589	False
ENSG00000163885	CFAP100	False	0.04705294800774827	0.061717	False
ENSG00000163898	LIPH	False	0.3550043597357783	0.22613	False
ENSG00000163900	TMEM41A	False	0.11843112575215575	0.055822	False
ENSG00000163902	RPN1	False	0.24411462674394643	0.51988	False
ENSG00000163904	SENP2	False	0.13008479493443445	0.12695	False
ENSG00000163909	HEYL	False	0.3315553702374519	0.029048	False
ENSG00000163913	IFT122	False	0.0893330552562002	0.070596	False
ENSG00000163914	RHO	False	0.4264813214816504	0.33732	False
ENSG00000163918	RFC4	False	0.6640810710335472	0.39187	False
ENSG00000163930	BAP1	True	0.03148445950791723	0.092495	False
ENSG00000163931	TKT	False	0.005385376996140947	0.017672	False
ENSG00000163932	PRKCD	False	0.6101709942286155	0.17065	False
ENSG00000163933	RFT1	True	0.00442683937713731	0.17844	False
ENSG00000163935	SFMBT1	False	0.04757782572424142	0.05496	False
ENSG00000163938	GNL3	False	0.521507349436395	0.16676	False
ENSG00000163939	PBRM1	False	0.5121909464153162	0.404	False
ENSG00000163945	UVSSA	False	0.18378824167555052	0.31585	False
ENSG00000163947	ARHGEF3	False	0.1406981986605999	0.091377	False
ENSG00000163950	SLBP	False	0.2749828735792198	0.29273	False
ENSG00000163956	LRPAP1	False	0.01022091433948278	0.2865	False
ENSG00000163958	ZDHHC19	False	0.06841719305226328	0.13538	False
ENSG00000163959	SLC51A	False	0.07826493182036065	0.28732	False
ENSG00000163960	UBXN7	False	0.6218256290296476	0.30377	False
ENSG00000163961	RNF168	False	0.03811419980955653	0.088188	False
ENSG00000163964	PIGX	False	0.34003118236687374	0.28004	False
ENSG00000163975	MELTF	False	0.807294410558311	0.47609	False
ENSG00000163982	OTOP1	False	0.14457337937087258	0.11652	False
ENSG00000163993	S100P	False	0.046778295256359036	0.37751	False
ENSG00000163995	ABLIM2	False	0.11034335175397282	0.16241	False
ENSG00000164002	EXO5	False	0.12086805373357012	0.29162	False
ENSG00000164007	CLDN19	False	0.09834932060381875	0.28337	False
ENSG00000164008	C1orf50	False	0.3161352101654938	0.27977	False
ENSG00000164010	ERMAP	False	0.06119596791223685	0.37392	False
ENSG00000164011	ZNF691	False	0.38071700212845067	0.087561	False
ENSG00000164022	AIMP1	True	0.5081493875213774	0.15132	False
ENSG00000164023	SGMS2	False	0.3720478185778646	0.12165	False
ENSG00000164024	METAP1	False	0.4062387697233425	0.069958	False
ENSG00000164031	DNAJB14	False	0.45274284724388303		False
ENSG00000164035	EMCN	False	0.01753103888458758	0.36912	False
ENSG00000164037	SLC9B1	False	0.02824693933036679	0.16793	False
ENSG00000164038	SLC9B2	False	0.02802833622291924	0.071613	False
ENSG00000164039	BDH2	False	0.7886503181517719	0.38102	False
ENSG00000164045	CDC25A	False	0.04263391527370687	0.039397	False
ENSG00000164048	ZNF589	False	0.03293303676404849	0.19837	False
ENSG00000164049	FBXW12	False	0.42180776835428324	0.13408	False
ENSG00000164050	PLXNB1	False	0.051580482049029854	0.028474	False
ENSG00000164051	CCDC51	False	0.3281274923390705	0.37994	False
ENSG00000164053	ATRIP	False	0.15445538443327295	0.042265	False
ENSG00000164054	SHISA5	False	0.018864714721361156	0.20724	False
ENSG00000164056	SPRY1	False	0.40009766420566967	0.46362	False
ENSG00000164061	BSN	True	0.027254707703098353	0.064459	False
ENSG00000164062	APEH	False	0.18428798033853339	0.88455	False
ENSG00000164066	INTU	False	0.10127756214629999	0.035491	False
ENSG00000164068	RNF123	False	0.22598736980423909	0.15163	False
ENSG00000164070	HSPA4L	False	0.13217186745992157	0.0019401	False
ENSG00000164073	MFSD8	True	0.0769592667392373	0.34984	False
ENSG00000164074	ABHD18	False	0.19529148789736375	0.061996	False
ENSG00000164076	CAMKV	False	0.32992196551205494	0.17884	False
ENSG00000164078	MST1R	False	0.08648003516282202	0.0080567	False
ENSG00000164080	RAD54L2	False	0.1843922758863249	0.24865	False
ENSG00000164081	TEX264	False	0.19990662529392977	0.016949	False
ENSG00000164082	GRM2	False	0.06531988288563327	0.022245	False
ENSG00000164086	DUSP7	False	0.20930949739142676	0.1622	False
ENSG00000164087	POC1A	False	0.029979123630045432	0.051353	False
ENSG00000164088	PPM1M	False	0.000228879152136487	0.32776	False
ENSG00000164089	ETNPPL	False	0.5100819559399425	0.11131	False
ENSG00000164091	WDR82	False	0.5820852327293798	0.02751	False
ENSG00000164093	PITX2	False	0.4498043109864629	0.12454	False
ENSG00000164096	C4orf3	False	0.0878501427557406	0.031025	False
ENSG00000164099	PRSS12	False	0.04288798775668988	0.09259	False
ENSG00000164100	NDST3	False	0.017419655373559245	0.27618	False
ENSG00000164104	HMGB2	False	0.4074598540043963	0.021066	False
ENSG00000164106	SCRG1	False	0.14918792313987145	0.10193	False
ENSG00000164107	HAND2	False	0.060529792439458385	0.73084	False
ENSG00000164109	MAD2L1	False	0.005157480624323563	0.15801	False
ENSG00000164111	ANXA5	False	0.6869286266427693	0.36942	False
ENSG00000164113	ADAD1	False	0.00982417110886356	0.4866	False
ENSG00000164114	MAP9	False	0.6794841244670322	0.27345	False
ENSG00000164116	GUCY1A1	False	0.17219525490898074	0.010641	False
ENSG00000164117	FBXO8	False	0.3387181124681106	0.06071	False
ENSG00000164118	CEP44	False	0.47610540464266193	0.31351	False
ENSG00000164120	HPGD	False	0.2842136033488936	0.06228	False
ENSG00000164122	ASB5	False	0.3017628286858174	0.27576	False
ENSG00000164123	C4orf45	False	0.28409254120802474	0.03522	False
ENSG00000164124	TMEM144	False	0.2183792450234898	0.67362	False
ENSG00000164128	NPY1R	False	0.7012663844899052	0.32582	False
ENSG00000164129	NPY5R	False	0.0008859352073113502	0.24354	False
ENSG00000164134	NAA15	True	0.4675578319500393	0.33769	False
ENSG00000164144	ARFIP1	False	0.00044921191135806603	0.44209	False
ENSG00000164151	ICE1	False	0.029172551337525526	0.091714	False
ENSG00000164161	HHIP	False	0.9370110494049269	0.29408	False
ENSG00000164162	ANAPC10	False	0.8734890626701896	0.72878	False
ENSG00000164163	ABCE1	False	0.11269622638607639	0.14563	False
ENSG00000164164	OTUD4	False	0.009165795567287163	0.034215	False
ENSG00000164168	TMEM184C	False	0.2417671767122523	0.15406	False
ENSG00000164169	PRMT9	False	0.015094186153247414	0.010087	False
ENSG00000164171	ITGA2	False	0.144069499790852	0.12078	False
ENSG00000164172	MOCS2	True	0.2752372322214475	0.12589	False
ENSG00000164175	SLC45A2	False	0.0008314149776293277	0.11055	False
ENSG00000164176	EDIL3	False	0.03564113226907676	0.12389	False
ENSG00000164180	TMEM161B	False	0.5172431262003708	0.31045	False
ENSG00000164181	ELOVL7	False	0.13946109610700305	0.14415	False
ENSG00000164182	NDUFAF2	True	0.011233698705855735	0.27917	False
ENSG00000164185	ZNF474	False	0.0030619372541557757		False
ENSG00000164187	LMBRD2	True	0.42408709039759174	0.28904	False
ENSG00000164188	RANBP3L	False	0.4649731867777188	0.38186	False
ENSG00000164190	NIPBL	False	0.03700993955420829	0.10305	False
ENSG00000164197	RNF180	False	0.40619375681818276	0.12382	False
ENSG00000164199	ADGRV1	False	0.015620790204615882	0.042215	False
ENSG00000164209	SLC25A46	False	0.37358823532385	0.20473	False
ENSG00000164211	STARD4	False	0.2423440569062643	0.047391	False
ENSG00000164219	PGGT1B	False	0.07327223235433677	0.24833	False
ENSG00000164220	F2RL2	False	0.3421674014861809	0.044234	False
ENSG00000164221	CCDC112	False	0.1425762314330706	0.61872	False
ENSG00000164236	ANKRD33B	False	0.2730587757500733	0.45515	False
ENSG00000164237	CMBL	False	0.08966572549005883	0.1998	False
ENSG00000164244	PRRC1	False	0.08611263077883326	0.62305	False
ENSG00000164251	F2RL1	False	0.5530476967440856	0.33045	False
ENSG00000164252	AGGF1	False	0.007934009203312768	0.00093007	False
ENSG00000164253	WDR41	False	0.3184867735506803	0.36276	False
ENSG00000164256	PRDM9	False	0.5398516852609745	0.15182	False
ENSG00000164258	NDUFS4	True	0.2849136438733385	0.051362	False
ENSG00000164265	SCGB3A2	False	0.7049469683015311	0.83108	False
ENSG00000164266	SPINK1	False	0.5641839581156001	0.92637	False
ENSG00000164270	HTR4	False	0.3147635800844818	0.062651	False
ENSG00000164283	ESM1	False	0.38956297254088035	0.30747	False
ENSG00000164284	GRPEL2	False	0.6252797754532196	0.49944	False
ENSG00000164287	CDC20B	False	0.14976755546207823	0.26731	False
ENSG00000164291	ARSK	False	0.23977359153002376	0.28674	False
ENSG00000164292	RHOBTB3	False	0.145475256489046	0.61168	False
ENSG00000164294	GPX8	False	0.09380519482013779	0.26921	False
ENSG00000164296	TIGD6	False	0.1230832137812457	0.0018364	False
ENSG00000164299	SPZ1	False	0.20817289740772238	0.27877	False
ENSG00000164300	SERINC5	False	0.14166148686899174	0.39566	False
ENSG00000164303	ENPP6	False	0.31947426821789654	0.38456	False
ENSG00000164304	CAGE1	False	0.015542806193742084	0.10663	False
ENSG00000164305	CASP3	False	0.302684263071399	0.24278	False
ENSG00000164306	PRIMPOL	False	0.5931019942257296	0.13312	False
ENSG00000164307	ERAP1	False	0.3639654336721968	0.20175	False
ENSG00000164308	ERAP2	False	0.18004241990286482	0.10284	False
ENSG00000164309	CMYA5	False	0.22859372507083367	0.30082	False
ENSG00000164318	EGFLAM	False	0.19865483822309862	0.014644	False
ENSG00000164323	CFAP97	False	0.24075613768618867	0.39727	False
ENSG00000164325	TMEM174	False	0.4207250753892644	0.45968	False
ENSG00000164326	CARTPT	False	0.956666651135312	0.51865	False
ENSG00000164327	RICTOR	False	0.08576446718615392	0.16382	False
ENSG00000164329	TENT2	False	0.02561567436494641	0.0002051	False
ENSG00000164330	EBF1	False	0.19768513085496295	0.36547	False
ENSG00000164331	ANKRA2	False	0.4709097658235669	0.13402	False
ENSG00000164332	UBLCP1	False	0.26144799885926795	0.061074	False
ENSG00000164334	FAM170A	False	0.023052539085194258	0.59038	False
ENSG00000164338	UTP15	False	0.17450661519149804	0.0045769	False
ENSG00000164342	TLR3	False	0.16469694120923442	0.33779	False
ENSG00000164344	KLKB1	False	0.26888324609791947	0.20951	False
ENSG00000164346	NSA2	False	0.6206662794386774	0.045646	False
ENSG00000164347	GFM2	False	0.22868637760990174	0.20158	False
ENSG00000164362	TERT	False	0.27894927331931424	0.096282	False
ENSG00000164363	SLC6A18	False	0.5719438057600688	0.40433	False
ENSG00000164366	CCDC127	False	0.10671372291487279	0.018096	False
ENSG00000164379	FOXQ1	False	0.15413428515020808		False
ENSG00000164398	ACSL6	False	0.476664071560427	0.18652	False
ENSG00000164399	IL3	False	0.07776511290363472	0.29238	False
ENSG00000164400	CSF2	False	0.5619121863504835	0.74094	False
ENSG00000164403	SHROOM1	False	0.5310633204282958	0.28488	False
ENSG00000164404	GDF9	False	0.6876826482607943	0.18502	False
ENSG00000164405	UQCRQ	False	0.021279608265189737	0.077993	False
ENSG00000164406	LEAP2	False	0.21662068089696454	0.59142	False
ENSG00000164411	GJB7	False	0.39335575905093856	0.35673	False
ENSG00000164414	SLC35A1	True	0.06829945735742972	0.49413	False
ENSG00000164418	GRIK2	True	4.741971472193134e-05	0.050525	False
ENSG00000164430	CGAS	False	0.1314532830315177	0.40629	False
ENSG00000164434	FABP7	False	0.17379791653462376	0.19747	False
ENSG00000164438	TLX3	False	0.17324946843456723	0.054242	False
ENSG00000164440	TXLNB	False	0.7218720022845679	0.062867	False
ENSG00000164442	CITED2	False	0.04344829304624429	0.18417	False
ENSG00000164451	CALHM4	False	0.5622022649342081	0.16049	False
ENSG00000164458	TBXT	False	0.45734360214161096	0.52781	False
ENSG00000164463	CREBRF	False	0.09709767350465288	0.086612	False
ENSG00000164465	DCBLD1	False	0.05424987956636289	0.0081758	False
ENSG00000164466	SFXN1	False	0.3336687829897661	0.53243	False
ENSG00000164483	SAMD3	False	0.20390900340672116	0.43178	False
ENSG00000164484	TMEM200A	False	0.0021872981548227773	0.32921	False
ENSG00000164485	IL22RA2	False	0.5788985473238846	0.068889	False
ENSG00000164488	DACT2	False	0.1903193459791428	0.32518	False
ENSG00000164494	PDSS2	True	0.5038170990042129	0.12826	False
ENSG00000164500	SPATA48	False	0.3482247154760622	0.59809	False
ENSG00000164506	STXBP5	False	0.59040480039988	0.072052	False
ENSG00000164509	IL31RA	False	0.008919433810607537	0.39545	False
ENSG00000164512	ANKRD55	False	0.18459215825105915	0.25215	False
ENSG00000164530	PI16	False	0.05070203550120093	0.45623	False
ENSG00000164532	TBX20	False	0.0205132082480783	0.16619	False
ENSG00000164535	DAGLB	False	0.5231512246257588	0.3123	False
ENSG00000164543	STK17A	False	0.3032597949835857	0.12525	False
ENSG00000164548	TRA2A	False	0.03248527414904948	0.015598	False
ENSG00000164574	GALNT10	False	0.0017012109547735296	0.013081	False
ENSG00000164576	SAP30L	False	0.5823580377609845	0.21094	False
ENSG00000164588	HCN1	True	0.0034852242637885395	0.037077	False
ENSG00000164591	MYOZ3	False	0.49662661733426106	0.070745	False
ENSG00000164600	NEUROD6	False	0.3064190090598634	0.001161	False
ENSG00000164603	BMT2	False	0.29521218108445024	0.32107	False
ENSG00000164604	GPR85	False	0.5022611586300485	0.29731	False
ENSG00000164609	SLU7	False	0.0015089358580513022	0.0042341	False
ENSG00000164610	RP9	False	0.08938324562198899	0.030957	False
ENSG00000164611	PTTG1	False	0.510964977356197	0.16233	False
ENSG00000164615	CAMLG	False	0.007293610828231085	0.011463	False
ENSG00000164619	BMPER	False	0.24848934377670123	0.16615	False
ENSG00000164620	RELL2	False	0.0283153757227263	0.37256	False
ENSG00000164626	KCNK5	False	0.1866525373171343	0.097324	False
ENSG00000164627	KIF6	False	0.020018952924837286	0.12395	False
ENSG00000164631	ZNF12	False	0.2587753980939526	0.0913	False
ENSG00000164638	SLC29A4	False	0.005913687248342194	0.024552	False
ENSG00000164645	TEX47	False	0.31896724568055146	0.049362	False
ENSG00000164647	STEAP1	False	0.6438150427599558	0.13245	False
ENSG00000164649	CDCA7L	False	0.10792119842144467	0.027897	False
ENSG00000164651	SP8	False	0.24298458710461907		False
ENSG00000164654	MIOS	False	0.45744230085361937	0.70136	False
ENSG00000164663	USP49	False	0.10391525155627676	0.0094038	False
ENSG00000164674	SYTL3	False	0.2529557613330239	0.11514	False
ENSG00000164675	IQUB	False	0.15186572426831813	0.058976	False
ENSG00000164683	HEY1	False	0.17395974207086973	0.066487	False
ENSG00000164684	ZNF704	False	0.49104044295632454	0.27746	False
ENSG00000164687	FABP5	False	0.23032609961920245	0.39374	False
ENSG00000164690	SHH	True	0.6137447242283638		False
ENSG00000164691	TAGAP	False	0.06812343940049792	0.47278	False
ENSG00000164692	COL1A2	False	0.13065762760019367	0.32759	False
ENSG00000164694	FNDC1	False	0.001699025886523192	0.031822	False
ENSG00000164695	CHMP4C	False	0.2405068699470033	0.010039	False
ENSG00000164707	SLC13A4	False	0.0009407601952836587	0.78124	False
ENSG00000164708	PGAM2	False	0.45824357583936615	0.45556	False
ENSG00000164713	BRI3	False	0.8206752771500148	0.5571	False
ENSG00000164715	LMTK2	False	0.2352749330908536	0.010988	False
ENSG00000164729	SLC35G3	False	0.0955631226991448	0.38189	False
ENSG00000164733	CTSB	False	0.25477095948178996	0.14475	False
ENSG00000164736	SOX17	False	0.5757421249629943	0.077799	False
ENSG00000164741	DLC1	False	0.035772946778534015	0.021639	False
ENSG00000164742	ADCY1	False	0.2696969923893848	0.16391	False
ENSG00000164743	C8orf48	False	0.07936148848019554		False
ENSG00000164744	SUN3	False	0.3147548850578225	0.32018	False
ENSG00000164746	C7orf57	False	0.006940559235571496	0.2196	False
ENSG00000164749	HNF4G	False	0.009540799843866219	0.11779	False
ENSG00000164751	PEX2	True	0.3406051905368644	0.28287	False
ENSG00000164754	RAD21	False	0.0028005165931504357	0.056722	False
ENSG00000164756	SLC30A8	False	0.380773160008243	0.30691	False
ENSG00000164758	MED30	False	0.021261087221357902	0.2333	False
ENSG00000164761	TNFRSF11B	False	0.06291210214176148	0.29934	False
ENSG00000164764	SBSPON	False	0.326670205452974	0.30123	False
ENSG00000164776	PHKG1	False	0.07522220894742485	0.055479	False
ENSG00000164778	EN2	False	0.21341554615374164	0.23666	False
ENSG00000164794	KCNV1	False	0.34547938569472747	0.0018911	False
ENSG00000164796	CSMD3	False	0.02623259258311648	0.19901	False
ENSG00000164808	SPIDR	False	0.12549172143940515	0.25893	False
ENSG00000164815	ORC5	False	0.039934813254977365	0.2487	False
ENSG00000164816	DEFA5	False	0.20750735332507897	0.21779	False
ENSG00000164818	DNAAF5	False	0.09699173518977104	0.090706	False
ENSG00000164821	DEFA4	False	0.06845450640252454		False
ENSG00000164822	DEFA6	False	0.15098967391851495	0.19593	False
ENSG00000164823	OSGIN2	False	0.17809455095045054	0.42195	False
ENSG00000164825	DEFB1	False	0.008423537680373827	0.62341	False
ENSG00000164828	SUN1	False	0.24237935925671736	0.30145	False
ENSG00000164830	OXR1	True	0.36748073826056754	0.35411	False
ENSG00000164841	TMEM74	False	0.0019951919139370253	0.0062511	False
ENSG00000164850	GPER1	False	0.5493342056276778	0.013798	False
ENSG00000164855	TMEM184A	False	0.05871967464115519	0.37975	False
ENSG00000164867	NOS3	False	0.18849308953536048	0.68078	False
ENSG00000164877	MICALL2	False	0.0339246853010677	0.02832	False
ENSG00000164879	CA3	False	0.1914782542362143	0.19028	False
ENSG00000164880	INTS1	False	0.029731843009840792	0.0093528	False
ENSG00000164885	CDK5	True	0.07772451772200613	0.17355	False
ENSG00000164889	SLC4A2	False	0.4425022354083281	0.031412	False
ENSG00000164893	SLC7A13	False	0.0018552778646878478	0.3353	False
ENSG00000164896	FASTK	False	0.09953760948709364	0.27763	False
ENSG00000164897	TMUB1	False	0.537753460340469	0.26879	False
ENSG00000164900	GBX1	False	0.10307330278440191	0.089369	False
ENSG00000164902	PHAX	False	0.24388476272699897	0.072577	False
ENSG00000164904	ALDH7A1	True	0.45819332155021064	0.21533	False
ENSG00000164916	FOXK1	False	0.3877649157194971	0.21578	False
ENSG00000164920	OSR2	False	0.10506381265486685	0.2037	False
ENSG00000164929	BAALC	False	0.0815173663963849	0.54166	False
ENSG00000164930	FZD6	False	0.3451212919574982	0.16138	False
ENSG00000164932	CTHRC1	False	0.4932111920088309	0.43068	False
ENSG00000164935	DCSTAMP	False	0.377090365105849	0.43897	False
ENSG00000164938	TP53INP1	False	0.0012780036891813366	0.31582	False
ENSG00000164941	INTS8	True	0.058737050572434765	0.18064	False
ENSG00000164944	VIRMA	False	0.13343958358301117	0.106	False
ENSG00000164946	FREM1	False	0.5146187879020775	0.12534	False
ENSG00000164949	GEM	False	0.2960558166339319	0.47959	False
ENSG00000164951	PDP1	False	0.16762216563952084	0.29229	False
ENSG00000164953	TMEM67	False	0.13367340228415955	0.29447	False
ENSG00000164961	WASHC5	False	0.15569113270607474	0.32983	False
ENSG00000164967	RPP25L	False	0.15998172732945773	0.14862	False
ENSG00000164970	FAM219A	False	0.07508042431084949	0.29817	False
ENSG00000164972	C9orf24	False	0.05086007686874342	0.41509	False
ENSG00000164975	SNAPC3	False	0.7438954603088189	0.056583	False
ENSG00000164976	MYORG	False	0.3002508648999883	0.33531	False
ENSG00000164978	NUDT2	False	0.19808519834362337	0.063923	False
ENSG00000164985	PSIP1	False	0.0042121694540267875	0.086804	False
ENSG00000164989	CCDC171	False	0.11006177115780275	0.057841	False
ENSG00000165006	UBAP1	False	0.01730811415082924	0.0095517	False
ENSG00000165023	DIRAS2	False	0.02376355873373141	0.25591	False
ENSG00000165025	SYK	False	0.6684475283309044	0.23272	False
ENSG00000165028	NIPSNAP3B	False	0.12425309011156294	0.27485	False
ENSG00000165029	ABCA1	False	0.012547257922678384	0.095943	False
ENSG00000165030	NFIL3	False	0.12092092394605292	0.13997	False
ENSG00000165046	LETM2	False	0.09555449271464973	0.086526	False
ENSG00000165055	METTL2B	False	0.12694650323283221	0.136	False
ENSG00000165059	PRKACG	False	0.1421530340685942	0.24925	False
ENSG00000165060	FXN	False	0.017269124870824347	0.21967	False
ENSG00000165061	ZMAT4	False	0.0016379421077086914	0.18914	False
ENSG00000165066	NKX6-3	False	0.4243929168114824	0.29001	False
ENSG00000165071	TMEM71	False	0.03512055569413334	0.60048	False
ENSG00000165072	MAMDC2	False	0.15381588596738818	0.10146	False
ENSG00000165076	PRSS37	False	0.00017270878799357226	0.20939	False
ENSG00000165078	CPA6	False	0.0016290599383743452	0.052986	False
ENSG00000165084	C8orf34	False	0.506137304064042	0.038377	False
ENSG00000165091	TMC1	False	0.47387824911430676	0.17609	False
ENSG00000165092	ALDH1A1	False	0.08950915249680634	0.36781	False
ENSG00000165097	KDM1B	False	0.5698267166482084	0.24001	False
ENSG00000165102	HGSNAT	False	0.23533630280518514	0.12272	False
ENSG00000165105	RASEF	False	0.16648696577261576	0.21585	False
ENSG00000165113	GKAP1	False	0.10632826452044655	0.33994	False
ENSG00000165115	KIF27	False	0.14641698186769395	0.049639	False
ENSG00000165118	C9orf64	False	0.011820021246542387	0.20501	False
ENSG00000165119	HNRNPK	True	0.07108713020193566	0.48562	False
ENSG00000165120	SSMEM1	False	0.011393744035590698	0.050711	False
ENSG00000165124	SVEP1	False	0.10792217268857211	0.087997	False
ENSG00000165125	TRPV6	False	0.07796236010911989	0.064658	False
ENSG00000165138	ANKS6	False	0.19167494012011918	0.14063	False
ENSG00000165140	FBP1	False	0.36420186839092566	0.041559	False
ENSG00000165156	ZHX1	False	0.07557121284463715	0.030196	False
ENSG00000165171	METTL27	False	0.0999514571194184	0.34448	False
ENSG00000165185	KIAA1958	False	0.39101848946759815	0.25294	False
ENSG00000165188	RNF183	False	0.2787658502635673	0.32244	False
ENSG00000165202	OR1Q1	False	0.2816160173618017		False
ENSG00000165204	OR1K1	False	0.1414215181617605		False
ENSG00000165209	STRBP	False	0.011085606240862566	0.017369	False
ENSG00000165215	CLDN3	False	0.039189517770541846	0.19133	False
ENSG00000165219	GAPVD1	False	0.14074418812381323	0.26865	False
ENSG00000165233	CARD19	False	0.33787844373155185	0.14786	False
ENSG00000165238	WNK2	False	0.00046425457004981057	0.0042909	False
ENSG00000165244	ZNF367	False	0.01940289372145542	0.28661	False
ENSG00000165269	AQP7	False	0.11317716596036981	0.05714	False
ENSG00000165271	NOL6	False	0.14578803657488512	0.22319	False
ENSG00000165272	AQP3	False	0.6373411726615525	0.25738	False
ENSG00000165275	TRMT10B	False	0.15226425725538886	0.3666	False
ENSG00000165280	VCP	False	0.5050658506392127	0.28287	False
ENSG00000165282	PIGO	True	0.4246901383643431	0.1129	False
ENSG00000165283	STOML2	False	0.43041294277865727	0.13135	False
ENSG00000165300	SLITRK5	False	0.2757364916719818	0.23326	False
ENSG00000165304	MELK	False	8.553575083699147e-05	0.76765	False
ENSG00000165309	ARMC3	False	0.2343168743199427	0.11548	False
ENSG00000165312	OTUD1	False	0.032141066926655776	0.08217	False
ENSG00000165322	ARHGAP12	False	0.07619855605150756	0.39305	False
ENSG00000165325	DEUP1	False	0.12164798425116198	0.35907	False
ENSG00000165338	HECTD2	False	0.04054618971450195	0.054364	False
ENSG00000165355	FBXO33	False	0.0032062703932379355	0.077274	False
ENSG00000165379	LRFN5	False	0.23543565341701994	0.17931	False
ENSG00000165383	LRRC18	False	0.06629914379304229	0.20545	False
ENSG00000165392	WRN	False	0.3527416607446276	0.67647	False
ENSG00000165409	TSHR	False	0.2773832729226658	0.096288	False
ENSG00000165410	CFL2	False	0.28565322434311186	0.25072	False
ENSG00000165416	SUGT1	False	0.0005985359244707704	0.0038155	False
ENSG00000165417	GTF2A1	False	0.003909361270444933	0.21068	False
ENSG00000165424	ZCCHC24	False	0.09883139361669833	0.80989	False
ENSG00000165434	PGM2L1	False	0.01378786682706055	0.20198	False
ENSG00000165443	PHYHIPL	False	0.028156862261422312	0.0121	False
ENSG00000165449	SLC16A9	False	0.16291819684559922	0.040684	False
ENSG00000165457	FOLR2	False	0.1222496819760839	0.333	False
ENSG00000165458	INPPL1	False	0.6772130610224028	0.19411	False
ENSG00000165471	MBL2	False	0.03702957849190496	0.10427	False
ENSG00000165474	GJB2	False	0.049525616302713536	0.1021	False
ENSG00000165475	CRYL1	False	0.219924331001661	0.29431	False
ENSG00000165476	REEP3	False	0.4179651137353382	0.39411	False
ENSG00000165478	HEPACAM	True	0.15253109726850597		False
ENSG00000165480	SKA3	False	0.3446180140267376	0.19805	False
ENSG00000165487	MICU2	False	0.5024103210558044	0.013021	False
ENSG00000165490	DDIAS	False	0.04925505361517016	0.23696	False
ENSG00000165494	PCF11	False	0.08856516174782059	0.032693	False
ENSG00000165495	PKNOX2	False	0.12290948645850827	0.77062	False
ENSG00000165496	RPL10L	False	0.7386357308718361	0.11507	False
ENSG00000165501	LRR1	False	0.09057828090152747	0.10236	False
ENSG00000165506	DNAAF2	False	0.200076787546757	0.54636	False
ENSG00000165507	DEPP1	False	0.5257003030627934	0.17585	False
ENSG00000165512	ZNF22	False	0.48740530137485105	0.26595	False
ENSG00000165516	KLHDC2	False	0.26814757173423626	0.58727	False
ENSG00000165521	EML5	False	0.3710243226917868	0.042789	False
ENSG00000165525	NEMF	False	0.3405873508448219	0.72412	False
ENSG00000165526	RPUSD4	False	0.16814704163610678	0.21896	False
ENSG00000165533	TTC8	False	0.061885011102694315	0.10954	False
ENSG00000165548	TMEM63C	False	0.06142403402106865	0.39255	False
ENSG00000165553	NGB	False	0.2955268260681562	0.33245	False
ENSG00000165555	NOXRED1	False	0.0987388768627724	0.0056369	False
ENSG00000165556	CDX2	False	0.5656730410023791	0.29891	False
ENSG00000165566	AMER2	False	0.48400845131158066	0.29794	False
ENSG00000165568	AKR1E2	False	0.1552644764700211	0.21443	False
ENSG00000165572	KBTBD6	False	0.5716240959382461	0.20482	False
ENSG00000165588	OTX2	True	0.313057275529057	0.45	False
ENSG00000165606	DRGX	False	0.40826766343787907	0.13614	False
ENSG00000165609	NUDT5	False	0.005829296571155186	0.25436	False
ENSG00000165617	DACT1	False	0.06919892084545883	0.16922	False
ENSG00000165621	OXGR1	False	0.47648797702705536	0.76645	False
ENSG00000165623	UCMA	False	0.3949289199368752	0.51335	False
ENSG00000165626	BEND7	False	0.07897074456222808	0.029575	False
ENSG00000165629	ATP5F1C	False	0.45351776587066694	0.12783	False
ENSG00000165630	PRPF18	False	0.10417969683050467	0.22682	False
ENSG00000165632	TAF3	False	0.017484756879187973	0.33995	False
ENSG00000165633	VSTM4	False	0.3015446531892685	0.18963	False
ENSG00000165637	VDAC2	False	0.04410095606933316	0.47763	False
ENSG00000165643	SOHLH1	False	0.05302793892277202	0.15786	False
ENSG00000165644	COMTD1	False	0.03522599991589152	0.46189	False
ENSG00000165646	SLC18A2	False	0.36318387912737815	0.36502	False
ENSG00000165650	PDZD8	False	0.2602310876300985	0.12755	False
ENSG00000165655	ZNF503	False	0.013301774560637901	0.19389	False
ENSG00000165660	ABRAXAS2	False	0.303646229824575	0.14947	False
ENSG00000165661	QSOX2	False	0.26242627387504575	0.085229	False
ENSG00000165669	FAM204A	False	0.07891112471921988	0.014738	False
ENSG00000165671	NSD1	True	0.0010321575905903127	0.00554	False
ENSG00000165672	PRDX3	False	0.2996984111350824	0.55138	False
ENSG00000165678	GHITM	False	0.1980818716840365	0.077962	False
ENSG00000165682	CLEC1B	False	0.27677696810464103	0.087178	False
ENSG00000165684	SNAPC4	False	0.006196717655431105	0.12916	False
ENSG00000165685	TMEM52B	False	0.15590560069016982	0.1638	False
ENSG00000165688	PMPCA	False	0.35455848821532593	0.38518	False
ENSG00000165689	ENTR1	False	0.23247235932073587	0.22706	False
ENSG00000165695	AK8	False	0.36096801514933513	0.087288	False
ENSG00000165698	SPACA9	False	0.03436167036786507	0.52256	False
ENSG00000165699	TSC1	True	0.00013139341556025924	0.0011139	False
ENSG00000165702	GFI1B	False	0.11065197436884502	0.078594	False
ENSG00000165714	BORCS5	True	0.16795902470550733	0.4142	False
ENSG00000165716	DIPK1B	False	0.051464934697489695	0.44923	False
ENSG00000165724	ZMYND19	False	0.16436382827723386	0.17385	False
ENSG00000165730	STOX1	False	0.35831737123337576	0.058909	False
ENSG00000165731	RET	False	0.031761338403190675	0.35457	False
ENSG00000165732	DDX21	False	0.18182171186631296	0.10157	False
ENSG00000165733	BMS1	False	0.1393179364107354	0.102	False
ENSG00000165752	STK32C	False	0.023788631182885753	0.083298	False
ENSG00000165757	JCAD	False	0.02143086634639799	0.14053	False
ENSG00000165782	PIP4P1	False	0.459041135489311	0.063891	False
ENSG00000165792	METTL17	False	0.7778807298521702	0.15296	False
ENSG00000165794	SLC39A2	False	0.00014770828392135366	0.33495	False
ENSG00000165795	NDRG2	False	0.09781699773697608	0.57154	False
ENSG00000165799	RNASE7	False	0.4090627667501015	0.45155	False
ENSG00000165801	ARHGEF40	False	0.0484836279034977	0.33565	False
ENSG00000165802	NSMF	False	0.0862695794689116	0.11018	False
ENSG00000165804	ZNF219	False	0.12382672935431102	0.15495	False
ENSG00000165805	C12orf50	False	0.26404614208629473	0.10156	False
ENSG00000165806	CASP7	False	0.13965668515583035	0.018692	False
ENSG00000165807	PPP1R36	False	0.17300975718689154	0.26285	False
ENSG00000165810	BTNL9	False	0.3959658584796951	0.063141	False
ENSG00000165813	CCDC186	True	0.010398800820391218	0.047837	False
ENSG00000165816	VWA2	False	0.30307115101460985	0.12655	False
ENSG00000165819	METTL3	False	0.4046611779358237	0.18108	False
ENSG00000165821	SALL2	False	0.4922937722903856	0.36729	False
ENSG00000165828	PRAP1	False	0.07503954286852937	0.31798	False
ENSG00000165832	TRUB1	False	0.04329462692403765	0.01328	False
ENSG00000165837	ERICH6B	False	0.2302647926160418	0.42927	False
ENSG00000165841	CYP2C19	False	0.10314249988125299	0.040665	False
ENSG00000165861	ZFYVE1	False	0.02982872313375407	0.12731	False
ENSG00000165863	C10orf82	False	0.6968261034773584	0.34945	False
ENSG00000165868	HSPA12A	False	0.37158647418698787	0.4838	False
ENSG00000165879	FRAT1	False	0.022449215370619384	0.035319	False
ENSG00000165886	UBTD1	False	0.7706279906214362	0.56478	False
ENSG00000165887	ANKRD2	False	0.6701263108937496	0.9248	False
ENSG00000165891	E2F7	False	0.0012289835040021986	0.2179	False
ENSG00000165898	ISCA2	False	0.13248676708807325	0.10638	False
ENSG00000165905	LARGE2	False	0.1915779284761794	0.017902	False
ENSG00000165912	PACSIN3	False	0.1343156648054324	0.50997	False
ENSG00000165914	TTC7B	False	0.19942271361372418	0.14316	False
ENSG00000165915	SLC39A13	False	0.14285330112937614	0.31812	False
ENSG00000165916	PSMC3	False	0.007509334465870402	0.11686	False
ENSG00000165917	RAPSN	False	0.45796965662902367	0.27185	False
ENSG00000165923	AGBL2	False	0.13413432531317734	0.46528	False
ENSG00000165929	TC2N	False	0.21185171583547968	0.15983	False
ENSG00000165934	CPSF2	False	0.24840726120007856	0.013496	False
ENSG00000165935	SMCO2	False	0.6745200948514282	0.64215	False
ENSG00000165943	MOAP1	False	0.13636829860393396	0.10695	False
ENSG00000165948	IFI27L1	False	0.11779450761130174	0.58737	False
ENSG00000165953	SERPINA12	False	0.13513700588408645	0.036023	False
ENSG00000165959	CLMN	False	0.19595260163599845	0.18742	False
ENSG00000165966	PDZRN4	False	0.4249251572630508	0.082412	False
ENSG00000165970	SLC6A5	False	0.2563348236857826	0.01912	False
ENSG00000165972	CCDC38	False	0.10828181681918861	0.081509	False
ENSG00000165973	NELL1	False	0.24012732895775907	0.21684	False
ENSG00000165983	PTER	False	0.06921323636880086	0.28898	False
ENSG00000165985	C1QL3	False	0.2898128338096743	0.39188	False
ENSG00000165995	CACNB2	False	0.08339155041119137	0.13947	False
ENSG00000165996	HACD1	False	0.5048708083026806	0.28048	False
ENSG00000165997	ARL5B	False	0.7735893951662968	0.7936	False
ENSG00000166004	CEP295	False	0.00735529080043221	0.64235	False
ENSG00000166006	KCNC2	True	0.07242756045735463	0.087606	False
ENSG00000166012	TAF1D	False	0.7046312672916477	0.11794	False
ENSG00000166016	ABTB2	False	0.2700598800721078	0.05275	False
ENSG00000166024	R3HCC1L	False	0.1679955276295416	0.48764	False
ENSG00000166025	AMOTL1	False	0.2447053132978611	0.45181	False
ENSG00000166033	HTRA1	False	0.09783932777211418	0.36083	False
ENSG00000166035	LIPC	False	0.23021955126618987	0.034173	False
ENSG00000166037	CEP57	False	0.3804192587609077	0.19129	False
ENSG00000166046	TCP11L2	False	0.4203251801520306	0.23458	False
ENSG00000166068	SPRED1	False	0.3945484880175855	0.18153	False
ENSG00000166069	TMCO5A	False	0.06245104807880246	0.14784	False
ENSG00000166073	GPR176	False	0.051495499298204066	0.22666	False
ENSG00000166086	JAM3	False	0.8067468393609225	0.51893	False
ENSG00000166090	IL25	False	0.22111081559780507	0.28087	False
ENSG00000166091	CMTM5	False	0.12987578694033788	0.022679	False
ENSG00000166105	GLB1L3	False	0.2549845705081685	0.20304	False
ENSG00000166106	ADAMTS15	False	0.3394700917800466	0.065924	False
ENSG00000166111	SVOP	False	0.32097526186876046	0.21563	False
ENSG00000166118	SPATA19	False	0.5871435944813832	0.11242	False
ENSG00000166123	GPT2	True	0.13770660811474203	0.074639	False
ENSG00000166126	AMN	False	0.06521629625644673	0.084109	False
ENSG00000166128	RAB8B	False	0.026256857963885556	0.080043	False
ENSG00000166130	IKBIP	False	0.1177378456084776	0.13918	False
ENSG00000166133	RPUSD2	False	0.5459455037710238	0.61685	False
ENSG00000166135	HIF1AN	False	0.3605905253464068	0.020736	False
ENSG00000166140	ZFYVE19	False	0.5138798360868863	0.34999	False
ENSG00000166143	PPP1R14D	False	0.04205995156293237	0.18999	False
ENSG00000166145	SPINT1	False	0.7319533351026667	0.26903	False
ENSG00000166147	FBN1	False	0.1122316112770036	0.028498	False
ENSG00000166148	AVPR1A	False	0.6985178930898724	0.25114	False
ENSG00000166152	C16orf78	False	0.09640056148203346	0.077817	False
ENSG00000166153	DEPDC4	False	0.08208319584482578	0.24775	False
ENSG00000166159	LRTM2	False	0.4345619557866953	0.4294	False
ENSG00000166164	BRD7	False	0.25707829367844487	0.6908	False
ENSG00000166165	CKB	False	0.6079058370045158	0.19433	False
ENSG00000166166	TRMT61A	False	0.05881166046337241	0.57244	False
ENSG00000166167	BTRC	False	0.0767794287501791	0.12963	False
ENSG00000166169	POLL	False	0.08420914446092483	0.0088674	False
ENSG00000166170	BAG5	False	0.02365104695093692	0.32349	False
ENSG00000166171	DPCD	False	0.1000990095294558	0.51045	False
ENSG00000166173	LARP6	False	0.16543945925387887	0.0371	False
ENSG00000166181	API5	False	0.18264445931359025	0.0845	False
ENSG00000166183	ASPG	False	0.5385560204221007	0.17548	False
ENSG00000166188	ZNF319	False	0.12365828485921179	0.20354	False
ENSG00000166189	HPS6	False	0.13786290029806963	0.18875	False
ENSG00000166192	SENP8	False	0.07606020983938942	0.50009	False
ENSG00000166197	NOLC1	False	0.07942885009474591	0.31252	False
ENSG00000166199	ALKBH3	False	0.31566754326318797	0.39562	False
ENSG00000166206	GABRB3	True	1.1860345417360066e-06	6.8436e-06	False
ENSG00000166211	SPIC	False	0.2267592476697741	0.018835	False
ENSG00000166220	TBATA	False	0.38255838942434683	0.23819	False
ENSG00000166224	SGPL1	False	0.4592597716225074	0.13895	False
ENSG00000166225	FRS2	False	0.12502852845191317		False
ENSG00000166226	CCT2	False	0.06147162003418529	0.33392	False
ENSG00000166228	PCBD1	False	0.9184754751613406	0.71698	False
ENSG00000166233	ARIH1	False	0.20264208378788418	0.083158	False
ENSG00000166250	CLMP	False	0.16512546307317055	0.56847	False
ENSG00000166257	SCN3B	False	0.007539067070048963		False
ENSG00000166260	COX11	False	0.0615744685773894	0.059766	False
ENSG00000166261	ZNF202	False	0.06119464584578633	0.19814	False
ENSG00000166262	FAM227B	False	0.19052584383015286	0.16924	False
ENSG00000166263	STXBP4	False	0.44909210258951626	0.37486	False
ENSG00000166266	CUL5	False	0.48267150090786326	0.099993	False
ENSG00000166268	MYRFL	False	0.032160572966960926	0.067101	False
ENSG00000166272	WBP1L	False	0.16918266653665026	0.21441	False
ENSG00000166275	BORCS7	False	0.40867805544430175	0.57233	False
ENSG00000166278	C2	False	0.0008804523167570305	0.099463	False
ENSG00000166289	PLEKHF1	False	0.6554680589982705	0.2539	False
ENSG00000166292	TMEM100	False	0.7198682939920931	0.64336	False
ENSG00000166311	SMPD1	False	0.0024993900991378925	0.020732	False
ENSG00000166313	APBB1	False	0.3378073566919162	0.11159	False
ENSG00000166317	SYNPO2L	False	0.16441526237803641	0.060553	False
ENSG00000166321	NUDT13	False	0.45712190977541556	0.2104	False
ENSG00000166323	C11orf65	False	0.3668246632343433	0.17506	False
ENSG00000166326	TRIM44	False	0.394331831433343	0.58401	False
ENSG00000166329	CCDC182	False	0.5434914231519561	0.047939	False
ENSG00000166333	ILK	False	0.2974680391301775	0.13095	False
ENSG00000166337	TAF10	False	0.030059235375388786		False
ENSG00000166340	TPP1	True	0.04552562100527734	0.2115	False
ENSG00000166341	DCHS1	True	0.10608469123588134	0.098398	False
ENSG00000166342	NETO1	False	0.08205274981684124	0.064758	False
ENSG00000166343	MSS51	False	0.18047315642004952	0.33989	False
ENSG00000166347	CYB5A	False	0.714275632288133	0.086055	False
ENSG00000166348	USP54	False	0.12738058709474437	0.022761	False
ENSG00000166349	RAG1	False	0.211753955366219	0.37634	False
ENSG00000166359	WDR88	False	0.11218424656186898	0.21018	False
ENSG00000166363	OR10A5	False	0.013534342142571914	0.17283	False
ENSG00000166368	OR2D2	False	0.18739273771342074	0.33805	False
ENSG00000166377	ATP9B	False	0.476490977370855	0.29305	False
ENSG00000166387	PPFIBP2	False	0.12472990528665133	0.075357	False
ENSG00000166391	MOGAT2	False	0.0026775754324221256	0.0025664	False
ENSG00000166394	CYB5R2	False	0.21790116524061043	0.50881	False
ENSG00000166396	SERPINB7	False	0.04432465722399705	0.10886	False
ENSG00000166401	SERPINB8	False	0.20690498211969735	0.052675	False
ENSG00000166402	TUB	False	0.31107098896824464	0.33587	False
ENSG00000166405	RIC3	False	0.3993513745015611	0.49787	False
ENSG00000166407	LMO1	False	5.853708384830428e-05	0.065298	False
ENSG00000166411	IDH3A	False	0.5320696649902479	0.098768	False
ENSG00000166415	WDR72	False	0.21529530724401058	0.24346	False
ENSG00000166426	CRABP1	False	0.9308020684861726	0.27647	False
ENSG00000166428	PLD4	False	0.11585095151383092	0.13332	False
ENSG00000166435	XRRA1	False	0.14778744940893704	0.57632	False
ENSG00000166439	RNF169	False	0.006982534485584936	0.44904	False
ENSG00000166441	RPL27A	False	0.10331499005769915	0.63042	False
ENSG00000166446	CDYL2	False	0.16970009007866227	0.26051	False
ENSG00000166448	TMEM130	False	0.0014009901205079137	0.15202	False
ENSG00000166450	PRTG	False	0.11615327656144935	0.016697	False
ENSG00000166451	CENPN	False	0.14971225828142415	0.54286	False
ENSG00000166452	AKIP1	False	0.0028569112043259543	0.32832	False
ENSG00000166454	ATMIN	False	0.41950853544802147	0.14911	False
ENSG00000166455	C16orf46	False	0.4788979970103481	0.0081088	False
ENSG00000166471	TMEM41B	False	0.2657653424505857	0.32408	False
ENSG00000166473	PKD1L2	False	0.1939491710685513	0.025807	False
ENSG00000166477	LEO1	False	0.0019143780513816713	0.22793	False
ENSG00000166478	ZNF143	False	0.10111159367190771	0.21331	False
ENSG00000166479	TMX3	False	0.0017245083947756692		False
ENSG00000166482	MFAP4	False	0.07259735613400976	0.14239	False
ENSG00000166483	WEE1	False	0.3849378570028478	0.33641	False
ENSG00000166484	MAPK7	False	0.2220269285413806	0.75053	False
ENSG00000166501	PRKCB	False	0.3388541973533344	0.045161	False
ENSG00000166503	HDGFL3	False	0.8937765012611776	0.36377	False
ENSG00000166507	NDST2	False	0.06622965576197594		False
ENSG00000166508	MCM7	False	0.15459711960932856	0.11238	False
ENSG00000166510	CCDC68	False	0.11082340907059754	0.24617	False
ENSG00000166523	CLEC4E	False	0.762919516942249	0.29193	False
ENSG00000166526	ZNF3	False	0.16135302857650433	0.21209	False
ENSG00000166527	CLEC4D	False	0.07173948578886372	0.043376	False
ENSG00000166529	ZSCAN21	False	0.17900822354104634	0.098179	False
ENSG00000166532	RIMKLB	False	0.013049919775579443	0.19753	False
ENSG00000166535	A2ML1	False	0.5117921970232431	0.11253	False
ENSG00000166546	BEAN1	False	0.15974082897098152	0.37216	False
ENSG00000166548	TK2	True	0.3007634485752419	0.12205	False
ENSG00000166557	TMED3	False	0.5272632213913462	0.085958	False
ENSG00000166558	SLC38A8	False	0.02251101985050352	0.42252	False
ENSG00000166562	SEC11C	False	0.06705049646425822	0.040366	False
ENSG00000166569	CPLX4	False	0.3169207835745895	0.44103	False
ENSG00000166573	GALR1	False	0.26519035903702115	0.11496	False
ENSG00000166575	TMEM135	False	0.3730751744226389	0.40446	False
ENSG00000166578	IQCD	False	0.02874293805332006	0.13823	False
ENSG00000166579	NDEL1	False	9.905849598960747e-05	0.28323	False
ENSG00000166589	CDH16	False	0.007639341249407542	0.077393	False
ENSG00000166592	RRAD	False	0.33225262419691526	0.064792	False
ENSG00000166595	CIAO2B	False	0.2879637096967025	0.26537	False
ENSG00000166596	CFAP52	False	0.5528868708003343	0.1973	False
ENSG00000166598	HSP90B1	False	0.06073722447957155	0.31632	False
ENSG00000166603	MC4R	False	0.008027477900070811	0.67746	False
ENSG00000166634	SERPINB12	False	0.17327488744728725	0.68567	False
ENSG00000166669	ATF7IP2	False	0.13087065439722037	0.30266	False
ENSG00000166670	MMP10	False	0.07421921626761974	0.092682	False
ENSG00000166676	TVP23A	False	0.7429515260637494	0.57835	False
ENSG00000166682	TMPRSS5	False	0.012931773024340258	0.59108	False
ENSG00000166685	COG1	False	0.4832805085466466	0.14842	False
ENSG00000166689	PLEKHA7	False	0.19080749086014873	0.1729	False
ENSG00000166704	ZNF606	False	0.0025443904347387876	0.12616	False
ENSG00000166716	ZNF592	False	0.05055464246462133	0.37679	False
ENSG00000166736	HTR3A	False	0.07718440337307415	0.19684	False
ENSG00000166741	NNMT	False	0.1414521582577411	0.27374	False
ENSG00000166743	ACSM1	False	0.2189867692464058	0.04875	False
ENSG00000166747	AP1G1	True	0.7137897279801342	0.098819	False
ENSG00000166750	SLFN5	False	0.04815696942315436	0.078331	False
ENSG00000166762	CATSPER2	False	0.08291868541637444	0.043988	False
ENSG00000166783	MARF1	False	0.0025152791510804507	0.0034155	False
ENSG00000166788	SAAL1	False	0.14720461642249946	0.25031	False
ENSG00000166793	YPEL4	False	0.4573880379854137	0.14481	False
ENSG00000166794	PPIB	False	0.08981432325356954	0.0099459	False
ENSG00000166796	LDHC	False	0.3362328402058532	0.54012	False
ENSG00000166797	CIAO2A	False	0.052273379267182674	0.0019875	False
ENSG00000166800	LDHAL6A	False	0.46877050389122865	0.20476	False
ENSG00000166801	FAM111A	False	0.18482453166249263	0.17142	False
ENSG00000166813	KIF7	False	0.7814203031092415	0.27233	False
ENSG00000166816	LDHD	False	0.3330161995159748	0.44353	False
ENSG00000166819	PLIN1	False	0.28298290661546294	0.17989	False
ENSG00000166821	PEX11A	False	0.011860178687940167	0.24983	False
ENSG00000166822	TMEM170A	False	0.4886504113907494	0.48935	False
ENSG00000166825	ANPEP	False	0.08913530940944779	0.13851	False
ENSG00000166828	SCNN1G	False	0.018324580525802214	0.091068	False
ENSG00000166831	RBPMS2	False	0.03371173311859871	0.0033123	False
ENSG00000166833	NAV2	False	0.4561862084221854	0.41532	False
ENSG00000166839	ANKDD1A	False	0.0011444318402544585	0.1889	False
ENSG00000166840	GLYATL1	False	0.06826496672175587	0.26923	False
ENSG00000166845	C18orf54	False	0.1632475845773896	0.10301	False
ENSG00000166847	DCTN5	False	0.39242862343614	0.45731	False
ENSG00000166848	TERF2IP	False	0.18370693972926827	0.012082	False
ENSG00000166851	PLK1	True	0.22522662940011767	0.13024	False
ENSG00000166855	CLPX	False	0.384597448638776	0.35793	False
ENSG00000166856	GPR182	False	0.41239494200875415		False
ENSG00000166860	ZBTB39	False	0.05816137106836093	0.39284	False
ENSG00000166862	CACNG2	False	0.43261872789328104	0.15583	False
ENSG00000166863	TAC3	False	0.023967174741993447	0.086198	False
ENSG00000166866	MYO1A	False	0.011315647239047502	0.22113	False
ENSG00000166869	CHP2	False	0.07077028193139218	0.18499	False
ENSG00000166881	NEMP1	False	0.17495759460463783	0.29728	False
ENSG00000166884	OR4D6	False	0.5469877276494775	0.063516	False
ENSG00000166886	NAB2	False	0.5904961280911334	0.30957	False
ENSG00000166887	VPS39	False	0.2716221981256898	0.037063	False
ENSG00000166888	STAT6	False	0.6987868037711025	0.37982	False
ENSG00000166889	PATL1	False	0.07786656300155292	0.34726	False
ENSG00000166896	ATP23	False	0.6114656877066655	0.18666	False
ENSG00000166897	ELFN2	False	0.23226326838493877	0.14126	False
ENSG00000166900	STX3	False	0.29915220443176965	0.23155	False
ENSG00000166902	MRPL16	False	0.0013130645985894732	0.3926	False
ENSG00000166908	PIP4K2C	False	0.1383763246984029	0.60971	False
ENSG00000166912	MTMR10	False	0.0007055484917362052	0.13311	False
ENSG00000166913	YWHAB	False	0.00012082120310210194	0.01893	False
ENSG00000166920	C15orf48	False	0.507224780090114	0.58888	False
ENSG00000166922	SCG5	False	0.2261939849962886	0.48646	False
ENSG00000166923	GREM1	False	0.2700827030305438	0.16851	False
ENSG00000166924	NYAP1	False	0.016484282522314316	0.082857	False
ENSG00000166925	TSC22D4	False	0.7073138449607501	0.16594	False
ENSG00000166926	MS4A6E	False	0.15056450109715738	0.2704	False
ENSG00000166927	MS4A7	False	0.08893613171309506	0.79735	False
ENSG00000166928	MS4A14	False	0.6073019065810568	0.52342	False
ENSG00000166930	MS4A5	False	0.0003216051678495003	0.081015	False
ENSG00000166938	DIS3L	False	0.037462950056428655	0.68688	False
ENSG00000166946	CCNDBP1	False	0.13495780275333205	0.72226	False
ENSG00000166947	EPB42	False	0.03392690988231787	0.041312	False
ENSG00000166948	TGM6	False	0.25634557146848186	0.34247	False
ENSG00000166949	SMAD3	False	0.4063582059710159	0.30514	False
ENSG00000166959	MS4A8	False	0.0007630257275061782	0.0017582	False
ENSG00000166960	CCDC178	False	0.008179672088197736	0.3153	False
ENSG00000166961	MS4A15	False	0.014059072691364421	0.36239	False
ENSG00000166963	MAP1A	False	0.01772442029740421	0.010354	False
ENSG00000166965	RCCD1	False	0.05998892311035931	0.023507	False
ENSG00000166971	AKTIP	False	0.3920775690057303	0.35244	False
ENSG00000166974	MAPRE2	False	0.030114973181413315	0.013281	False
ENSG00000166979	EVA1C	False	0.45168445953455194	0.17439	False
ENSG00000166987	MBD6	False	0.4715827305939072	0.4702	False
ENSG00000166997	CNPY4	False	0.13829865073421382	0.66246	False
ENSG00000167004	PDIA3	False	0.07927896600668496	0.0060025	False
ENSG00000167011	NAT16	False	0.7749772575854428	0.60612	False
ENSG00000167014	TERB2	False	0.0575186705516059	0.30273	False
ENSG00000167034	NKX3-1	False	0.331250953684141	0.53835	False
ENSG00000167037	SGSM1	False	0.14850610562260014	0.050698	False
ENSG00000167065	DUSP18	False	0.09597266339916047	0.012469	False
ENSG00000167074	TEF	False	0.18031114437449902	0.32169	False
ENSG00000167077	MEI1	False	0.28391267675603493	0.14362	False
ENSG00000167080	B4GALNT2	False	0.4017332919724967	0.26589	False
ENSG00000167081	PBX3	False	0.3707641673085331	0.023415	False
ENSG00000167094	TTC16	False	0.4805915165410678	0.16605	False
ENSG00000167098	SUN5	False	0.5005570488984132	0.22199	False
ENSG00000167100	SAMD14	False	0.04772106061386158	0.011772	False
ENSG00000167103	PIP5KL1	False	0.0028042446456421543	0.01862	False
ENSG00000167104	BPIFB6	False	0.05721704702109034	0.30192	False
ENSG00000167105	TMEM92	False	0.12028221698228307	0.53	False
ENSG00000167107	ACSF2	False	0.10220203084720803	0.62355	False
ENSG00000167112	TRUB2	False	0.1821479770242058	0.50725	False
ENSG00000167113	COQ4	True	0.06216933223765958	0.17337	False
ENSG00000167114	SLC27A4	False	0.03639594296587255	0.40216	False
ENSG00000167118	URM1	False	0.03203797540588837	0.42564	False
ENSG00000167123	CERCAM	False	0.152067862461656	0.06502	False
ENSG00000167130	DOLPP1	False	0.05531248953680502	0.24853	False
ENSG00000167131	CCDC103	False	0.2261088064976665	0.058143	False
ENSG00000167136	ENDOG	False	0.17952650992167427	0.60598	False
ENSG00000167139	TBC1D21	False	0.4220231148745899	0.27531	False
ENSG00000167157	PRRX2	False	0.21679086416453516	0.19848	False
ENSG00000167165	UGT1A6	False	0.051221751019690565	0.11339	False
ENSG00000167173	C15orf39	False	0.017034358370797156	0.31974	False
ENSG00000167178	ISLR2	False	0.13782157177523738	0.78161	False
ENSG00000167182	SP2	False	0.001601823209942516		False
ENSG00000167183	PRR15L	False	0.14374126766184445		False
ENSG00000167186	COQ7	False	0.301181215155701	0.24532	False
ENSG00000167191	GPRC5B	False	0.2098319307124208	0.48134	False
ENSG00000167193	CRK	False	0.6715202942254634	0.097684	False
ENSG00000167194	C16orf92	False	0.5236287878648369	0.59729	False
ENSG00000167196	FBXO22	False	0.020372228964476782	0.061387	False
ENSG00000167202	TBC1D2B	True	0.4015282308933654	0.53365	False
ENSG00000167207	NOD2	False	0.4197061607628997	0.25149	False
ENSG00000167208	SNX20	False	0.007857851265111553	0.52331	False
ENSG00000167210	LOXHD1	False	0.342810087648497	0.23041	False
ENSG00000167216	KATNAL2	False	0.0399029031990499	0.05757	False
ENSG00000167220	HDHD2	False	0.29997861804571646	0.27682	False
ENSG00000167232	ZNF91	False	0.029215158944566538		False
ENSG00000167244	IGF2	False	0.14909557471229398	0.13798	False
ENSG00000167257	RNF214	False	0.38150543618182015	0.26955	False
ENSG00000167258	CDK12	False	0.5296987750143514	0.082434	False
ENSG00000167261	DPEP2	False	0.2850120004201972	0.38788	False
ENSG00000167264	DUS2	False	0.6394188368016436	0.10127	False
ENSG00000167272	POP5	False	0.049312735376642935	0.49361	False
ENSG00000167280	ENGASE	False	0.20757646667204824	0.39896	False
ENSG00000167281	RBFOX3	False	0.6949103868308979		False
ENSG00000167283	ATP5MG	False	0.009822150557038448	0.10485	False
ENSG00000167286	CD3D	False	0.2059551947712831	0.32298	False
ENSG00000167291	TBC1D16	False	0.02196492373639677	0.073315	False
ENSG00000167302	TEPSIN	False	0.42912653544025947	0.40874	False
ENSG00000167306	MYO5B	False	0.06137888418149465	0.030105	False
ENSG00000167311	ART5	False	0.15707511075944025	0.57347	False
ENSG00000167315	ACAA2	False	0.1451361522077323	0.2406	False
ENSG00000167323	STIM1	False	0.376698234941053	0.1386	False
ENSG00000167325	RRM1	False	0.176320798723298	0.43175	False
ENSG00000167332	OR51E2	False	0.2971827332028495	0.1583	False
ENSG00000167333	TRIM68	False	0.12348459901580755	0.4955	False
ENSG00000167346	MMP26	False	0.02257311249118032	0.27932	False
ENSG00000167355	OR51B5	False	0.13140458276416428		False
ENSG00000167359	OR51I1	False	0.8649628503479605	0.26759	False
ENSG00000167360	OR51Q1	False	0.09745928962243026		False
ENSG00000167363	FN3K	False	0.2980141875934342	0.0093181	False
ENSG00000167371	PRRT2	True	0.018448030298723495	0.19809	False
ENSG00000167377	ZNF23	False	0.3431740809875853	0.80715	False
ENSG00000167378	IRGQ	False	0.19954972125301992	0.38777	False
ENSG00000167380	ZNF226	False	0.44173951015257895	0.24226	False
ENSG00000167384	ZNF180	False	0.09724215666119264	0.25027	False
ENSG00000167394	ZNF668	False	0.17262222355944176	0.18471	False
ENSG00000167395	ZNF646	False	0.011223857132593456	0.19325	False
ENSG00000167414	GNG8	False	0.35636434465155714	0.24506	False
ENSG00000167419	LPO	False	0.26428897586074007	0.29733	False
ENSG00000167434	CA4	False	0.54404421938223	0.27813	False
ENSG00000167447	SMG8	False	0.02279742228368355	0.29836	False
ENSG00000167460	TPM4	False	0.09180986947723689	0.10677	False
ENSG00000167461	RAB8A	False	0.37078125623599956	0.27876	False
ENSG00000167468	GPX4	False	0.0977550648001102	0.12715	False
ENSG00000167470	MIDN	False	0.0581533873996027		False
ENSG00000167476	JSRP1	False	0.5424134819352059	0.02968	False
ENSG00000167487	KLHL26	False	0.553159326073854	0.002256	False
ENSG00000167491	GATAD2A	False	0.05436020101253329	0.20712	False
ENSG00000167508	MVD	False	0.36028149548549576	0.40155	False
ENSG00000167513	CDT1	False	0.1155918484417631	0.16615	False
ENSG00000167515	TRAPPC2L	False	0.4497230577081536	0.50761	False
ENSG00000167522	ANKRD11	True	1.742238174021859e-08	1.1956e-06	True
ENSG00000167523	SPATA33	False	0.3402089604197559	0.12155	False
ENSG00000167525	PROCA1	False	0.20281730578281196	0.040559	False
ENSG00000167526	RPL13	False	0.03192564911458509	0.45749	False
ENSG00000167528	ZNF641	False	0.282563096811432	0.014965	False
ENSG00000167531	LALBA	False	0.22117048879356005	0.25889	False
ENSG00000167535	CACNB3	False	0.5198174981734278	0.31018	False
ENSG00000167536	DHRS13	False	0.33413841494676433	0.35393	False
ENSG00000167543	TP53I13	False	0.019797672726669664	0.3401	False
ENSG00000167548	KMT2D	True	0.06933970361737635	0.022704	False
ENSG00000167549	CORO6	False	0.32738109824396217	0.062022	False
ENSG00000167550	RHEBL1	False	0.8058330918704594	0.45391	False
ENSG00000167553	TUBA1C	False	0.5627091358180932	0.074945	False
ENSG00000167554	ZNF610	False	0.014611007384065082	0.15662	False
ENSG00000167555	ZNF528	False	0.28583098120118067	0.53912	False
ENSG00000167562	ZNF701	False	0.20806963484573196	0.25731	False
ENSG00000167565	SERTAD3	False	0.4982424093624922	0.13505	False
ENSG00000167566	NCKAP5L	False	0.17287069592231585	0.094655	False
ENSG00000167578	RAB4B	False	0.015188349449735183	0.071178	False
ENSG00000167580	AQP2	False	0.7461320108506329	0.45831	False
ENSG00000167588	GPD1	False	0.5188606808460604	0.083143	False
ENSG00000167600	CYP2S1	False	0.24191284837283997	0.27265	False
ENSG00000167601	AXL	False	0.7769613567006827	0.15667	False
ENSG00000167604	NFKBID	False	0.6228255870053783	0.41902	False
ENSG00000167608	TMC4	False	0.07986956664193438	0.045111	False
ENSG00000167612	ANKRD33	False	0.05036197832097539	0.1952	False
ENSG00000167613	LAIR1	False	0.09821261725075328	0.0054427	False
ENSG00000167614	TTYH1	False	0.011043860931887535	0.0049069	False
ENSG00000167615	LENG8	False	0.13344213218079945	0.047904	False
ENSG00000167618	LAIR2	False	0.0051307125754457405	0.10471	False
ENSG00000167619	TMEM145	False	0.3937110945208527	0.19538	False
ENSG00000167625	ZNF526	True	0.33718135924067777	0.10041	False
ENSG00000167632	TRAPPC9	False	0.30962668086091016	0.44965	False
ENSG00000167633	KIR3DL1	False	0.09968080206098111	0.32861	False
ENSG00000167634	NLRP7	False	0.23097469260278167	0.33231	False
ENSG00000167635	ZNF146	False	0.00047054537532331583	0.11785	False
ENSG00000167637	ZNF283	False	0.26329710528796646	0.085847	False
ENSG00000167642	SPINT2	False	0.6781791333168337	0.69667	False
ENSG00000167645	YIF1B	True	0.3975916815623679	0.27311	False
ENSG00000167646	DNAAF3	False	0.4228801831663104	0.1414	False
ENSG00000167653	PSCA	False	0.7447230631300674		False
ENSG00000167654	ATCAY	False	0.17753484744252715	0.094507	False
ENSG00000167656	LY6D	False	4.325753731398706e-05		False
ENSG00000167657	DAPK3	False	0.21499758116736653	0.19574	False
ENSG00000167658	EEF2	False	0.16984239702509388	0.29857	False
ENSG00000167664	TMIGD2	False	0.029346610407479184	0.15709	False
ENSG00000167670	CHAF1A	False	0.35511939717152635	0.46273	False
ENSG00000167671	UBXN6	False	0.5399240220016068	0.44798	False
ENSG00000167674	HDGFL2	False	0.2450739010030825	0.42777	False
ENSG00000167680	SEMA6B	True	0.26531666046247926	0.48825	False
ENSG00000167685	ZNF444	False	0.6275108892040921	0.38413	False
ENSG00000167693	NXN	False	0.5114577984729387	0.13868	False
ENSG00000167699	GLOD4	False	0.269394318757553	0.090129	False
ENSG00000167700	MFSD3	False	0.32395857314282595	0.29301	False
ENSG00000167701	GPT	False	0.012871478848742863	0.1247	False
ENSG00000167702	KIFC2	False	0.5786872025990072	0.36781	False
ENSG00000167703	SLC43A2	False	0.3519956841531286	0.47279	False
ENSG00000167705	RILP	False	0.6320792892234075	0.42933	False
ENSG00000167711	SERPINF2	False	0.12156395611843429	0.52774	False
ENSG00000167716	WDR81	False	0.1646888716987473	0.082838	False
ENSG00000167720	SRR	False	0.4751374174844808	0.48709	False
ENSG00000167721	TSR1	False	0.004710290732938461	0.79234	False
ENSG00000167723	TRPV3	False	0.23412016536147992	0.74637	False
ENSG00000167733	HSD11B1L	False	0.019409669864049097	0.025473	False
ENSG00000167740	CYB5D2	False	0.4916208726674747	0.18702	False
ENSG00000167741	GGT6	False	0.27386582200405246	0.57385	False
ENSG00000167748	KLK1	False	0.08122218571709823	0.47073	False
ENSG00000167749	KLK4	False	0.011403241738644676	0.17099	False
ENSG00000167751	KLK2	False	0.32592223993197417	0.16183	False
ENSG00000167754	KLK5	False	0.03354417814510683	0.13599	False
ENSG00000167755	KLK6	False	0.03469593165060403	0.40986	False
ENSG00000167757	KLK11	False	0.02626990505033314	0.17852	False
ENSG00000167759	KLK13	False	0.21040736624627393	0.18388	False
ENSG00000167766	ZNF83	False	0.0389793271143523		False
ENSG00000167767	KRT80	False	0.14251419061642576	0.0092572	False
ENSG00000167768	KRT1	False	0.4468041331031051	0.43146	False
ENSG00000167769	ACER1	False	0.09770581326591136	0.16509	False
ENSG00000167770	OTUB1	False	0.6377259928247041	0.32421	False
ENSG00000167771	RCOR2	False	0.026842154811953886	0.17195	False
ENSG00000167772	ANGPTL4	False	0.30349456021053145	0.29211	False
ENSG00000167775	CD320	False	0.5535085143026082	0.05497	False
ENSG00000167778	SPRYD3	False	0.49856256171926383	0.33149	False
ENSG00000167779	IGFBP6	False	0.020236431661414644	0.076303	False
ENSG00000167780	SOAT2	False	0.2333142304082709	0.34254	False
ENSG00000167785	ZNF558	False	0.4683624883443235	0.0869	False
ENSG00000167791	CABP2	False	0.22096883450965657	0.12473	False
ENSG00000167792	NDUFV1	True	0.028578057250475797	0.4008	False
ENSG00000167797	CDK2AP2	False	0.6028764199836774	0.23431	False
ENSG00000167799	NUDT8	False	0.005371074271788168	0.029943	False
ENSG00000167800	TBX10	False	0.4384345501611391	0.27223	False
ENSG00000167815	PRDX2	False	0.001661728423147268	0.27207	False
ENSG00000167822	OR8J3	False	0.06650559031432729		False
ENSG00000167825	OR5I1	False	0.27149048680188287	0.092371	False
ENSG00000167840	ZNF232	False	0.18611254912898326	0.44787	False
ENSG00000167842	MIS12	False	0.24759476584998258	0.38856	False
ENSG00000167850	CD300C	False	0.21117588373566673	0.068878	False
ENSG00000167851	CD300A	False	0.44877154192894964	0.24892	False
ENSG00000167858	TEKT1	False	0.03100078355118444	0.55094	False
ENSG00000167861	HID1	True	0.5182245992703821	0.48928	False
ENSG00000167862	MRPL58	False	0.18235165948714255	0.10214	False
ENSG00000167863	ATP5PD	False	0.4543220000595518	0.21665	False
ENSG00000167874	TMEM88	False	0.10224022805113926	0.0031428	False
ENSG00000167880	EVPL	False	0.0006433441896060109	0.52921	False
ENSG00000167881	SRP68	False	0.21421858409737507	0.12651	False
ENSG00000167889	MGAT5B	False	0.03456939230894921	0.3496	False
ENSG00000167895	TMC8	False	0.06709031185063286	0.20782	False
ENSG00000167900	TK1	False	0.24286008803617742	0.011189	False
ENSG00000167904	TMEM68	False	0.13144477576190142	0.071518	False
ENSG00000167910	CYP7A1	False	0.007862507913525546	0.025192	False
ENSG00000167914	GSDMA	False	0.1184483446554167	0.064158	False
ENSG00000167916	KRT24	False	0.34701685945450245	0.10669	False
ENSG00000167925	GHDC	False	0.1338691816321138	0.47809	False
ENSG00000167941	SOST	False	0.5359206823716491	0.066112	False
ENSG00000167964	RAB26	False	0.18341679779131298	0.11186	False
ENSG00000167965	MLST8	False	0.22115746043088338	0.2662	False
ENSG00000167967	E4F1	False	0.8558784789798985	0.17602	False
ENSG00000167968	DNASE1L2	False	0.12478809441683987	0.14339	False
ENSG00000167969	ECI1	False	0.15022332407795222	0.45311	False
ENSG00000167971	CASKIN1	False	0.23159006335971205	0.048413	False
ENSG00000167972	ABCA3	False	0.2403828036362248	0.29487	False
ENSG00000167977	KCTD5	False	0.05887907839064167	0.1335	False
ENSG00000167978	SRRM2	False	0.12361730874048024	0.36069	False
ENSG00000167981	ZNF597	False	0.028663735182936613	0.37184	False
ENSG00000167984	NLRC3	False	0.06486352493824628	0.047508	False
ENSG00000167986	DDB1	False	0.21615278674443308	0.17798	False
ENSG00000167987	VPS37C	False	0.22877899781276353	0.15113	False
ENSG00000167992	VWCE	False	0.2996083378208223	0.074472	False
ENSG00000167994	RAB3IL1	False	0.3671111462014312	0.42586	False
ENSG00000167995	BEST1	False	0.6244065721046507	0.47427	False
ENSG00000167996	FTH1	False	0.6206996796916564	0.22583	False
ENSG00000168000	BSCL2	True	0.18399180487397276	0.45478	False
ENSG00000168002	POLR2G	False	0.028144659945546095	0.50355	False
ENSG00000168003	SLC3A2	False	0.1950265290053705	0.57108	False
ENSG00000168005	SPINDOC	False	0.29046237720454593	0.54739	False
ENSG00000168010	ATG16L2	False	0.17797671359677975	0.41516	False
ENSG00000168014	C2CD3	False	0.21496688192142882	0.034647	False
ENSG00000168016	TRANK1	False	0.0004731023709753829	0.19994	False
ENSG00000168026	TTC21A	False	0.1660253801907419	0.040476	False
ENSG00000168028	RPSA	False	0.3393330005432678	0.091369	False
ENSG00000168032	ENTPD3	False	0.3939140506933285	0.055759	False
ENSG00000168036	CTNNB1	False	0.41970918320804507	0.093954	False
ENSG00000168038	ULK4	False	0.02731754497735544	0.076182	False
ENSG00000168040	FADD	False	0.007659058333669819	0.094477	False
ENSG00000168056	LTBP3	False	0.1498187296326084	0.47314	False
ENSG00000168060	NAALADL1	False	0.13184402661688163	0.15621	False
ENSG00000168061	SAC3D1	False	0.6302288020684101	0.25642	False
ENSG00000168062	BATF2	False	0.03924502765824525		False
ENSG00000168065	SLC22A11	False	0.19390575902089788	0.29109	False
ENSG00000168066	SF1	False	0.2576144631800871	0.65398	False
ENSG00000168067	MAP4K2	False	0.5158358272578017	0.2167	False
ENSG00000168070	MAJIN	False	0.044594713750634785	0.24524	False
ENSG00000168071	CCDC88B	False	0.05003728405083087	0.022889	False
ENSG00000168077	SCARA3	False	0.4914669746070781	0.22687	False
ENSG00000168078	PBK	False	0.5781595667040582	0.002155	False
ENSG00000168079	SCARA5	False	0.08183682129170425	0.61885	False
ENSG00000168081	PNOC	False	0.23786754303275465	0.57276	False
ENSG00000168090	COPS6	False	0.12831268444777538	0.027675	False
ENSG00000168092	PAFAH1B2	False	0.2471097989255095	0.14195	False
ENSG00000168096	ANKS3	False	0.5099089976956269	0.64032	False
ENSG00000168101	NUDT16L1	False	0.016852155984328793	0.1612	False
ENSG00000168116	KIAA1586	False	0.04698901300103191		False
ENSG00000168118	RAB4A	False	0.7613905200670413	0.33436	False
ENSG00000168124	OR1F1	False	0.10254258482217361		False
ENSG00000168131	OR2B2	False	0.4945165868844529		False
ENSG00000168135	KCNJ4	False	0.031563120608979825	0.056599	False
ENSG00000168137	SETD5	True	0.03808117004034534	0.11602	False
ENSG00000168140	VASN	False	0.04531669821310544	0.16259	False
ENSG00000168143	FAM83B	False	0.2534270765883973	0.1635	False
ENSG00000168152	THAP9	False	0.0005103683329837623	0.38645	False
ENSG00000168158	OR2C1	False	0.014810116460901053	0.2126	False
ENSG00000168159	RNF187	False	0.6503019494808795		False
ENSG00000168172	HOOK3	False	0.45717060456070335	0.63795	False
ENSG00000168175	MAPK1IP1L	False	0.7411319418678585	0.32601	False
ENSG00000168209	DDIT4	False	0.28055804539132273	0.56803	False
ENSG00000168214	RBPJ	False	0.24113559216230657	0.13799	False
ENSG00000168216	LMBRD1	False	0.4607919840880754	0.45016	False
ENSG00000168228	ZCCHC4	False	0.35331188044535333	0.43077	False
ENSG00000168229	PTGDR	False	0.001449892142998335	0.043312	False
ENSG00000168234	TTC39C	False	0.37581135559641826	0.15952	False
ENSG00000168237	GLYCTK	True	0.5832653822275993	0.10296	False
ENSG00000168243	GNG4	False	0.633805129004875	0.31151	False
ENSG00000168246	UBTD2	False	1.5676145290271696e-05	0.034679	False
ENSG00000168256	NKIRAS2	False	0.014622981235739844	0.046303	False
ENSG00000168259	DNAJC7	False	0.31576695502177937	0.11492	False
ENSG00000168263	KCNV2	False	0.022995839396426566	0.24633	False
ENSG00000168264	IRF2BP2	False	0.08990481051232711	0.0035584	False
ENSG00000168267	PTF1A	True	0.046213526208525514	0.7649	False
ENSG00000168268	NT5DC2	False	0.284135645591386	0.17367	False
ENSG00000168269	FOXI1	False	0.11535018684958671	0.25558	False
ENSG00000168280	KIF5C	True	0.06203568638284824	0.01321	False
ENSG00000168282	MGAT2	False	0.00545507390716034	0.12202	False
ENSG00000168283	BMI1	False	0.04119767132398663	0.26217	False
ENSG00000168286	THAP11	False	0.02281119186568277	0.022656	False
ENSG00000168288	MMADHC	True	0.02887773698101583	0.051013	False
ENSG00000168291	PDHB	False	0.5412610022715278	0.29202	False
ENSG00000168297	PXK	False	0.02321898333269869	0.33989	False
ENSG00000168300	PCMTD1	False	0.5328125460824501	0.26899	False
ENSG00000168303	MPLKIP	False	0.2090488170357249	0.57313	False
ENSG00000168306	ACOX2	False	0.4033529390315422	0.18813	False
ENSG00000168309	FAM107A	False	0.12354475130382712	0.060397	False
ENSG00000168310	IRF2	False	0.20319692312884338	0.40851	False
ENSG00000168314	MOBP	False	0.3831738895032968	0.2468	False
ENSG00000168329	CX3CR1	False	0.7905131555614198		False
ENSG00000168333	PPDPFL	False	0.7843105642576635	0.19216	False
ENSG00000168334	XIRP1	False	0.21520000459812866	0.20672	False
ENSG00000168348	INSM2	False	0.12653469510902574	0.032234	False
ENSG00000168350	DEGS2	False	0.22763522426081798	0.0019103	False
ENSG00000168356	SCN11A	False	0.04071143969289514	0.085664	False
ENSG00000168386	FILIP1L	False	0.3431940451763132	0.45552	False
ENSG00000168389	MFSD2A	False	0.5071885731252073	0.51819	False
ENSG00000168393	DTYMK	False	0.2882586746594814	0.22978	False
ENSG00000168395	ING5	False	0.3980417848288031	0.17891	False
ENSG00000168397	ATG4B	False	0.2397407850406496		False
ENSG00000168398	BDKRB2	False	0.24369456219604485	0.055728	False
ENSG00000168404	MLKL	False	0.5503618556383693	0.0861	False
ENSG00000168411	RFWD3	False	0.3944539529582251	0.48226	False
ENSG00000168412	MTNR1A	False	0.492051252502941	0.51894	False
ENSG00000168418	KCNG4	False	0.07802728712212725	0.0034543	False
ENSG00000168421	RHOH	False	0.0757585242476121	0.22476	False
ENSG00000168427	KLHL30	False	0.46143097282415213	0.092467	False
ENSG00000168434	COG7	True	0.3067758650042648	0.16766	False
ENSG00000168438	CDC40	False	0.15050002889377762	0.25644	False
ENSG00000168439	STIP1	False	0.08749629740218995	0.33218	False
ENSG00000168447	SCNN1B	False	0.05855862688948588	0.12122	False
ENSG00000168453	HR	False	0.011959071839763588	0.1127	False
ENSG00000168454	TXNDC2	False	0.3986110158122509	0.062865	False
ENSG00000168461	RAB31	False	0.00047638471588104655	0.073072	False
ENSG00000168476	REEP4	False	0.5298542135631843	0.1542	False
ENSG00000168477	TNXB	False	0.004438364832781895	0.37999	False
ENSG00000168481	LGI3	False	0.7533216561883544	0.3279	False
ENSG00000168484	SFTPC	False	0.16191863237221252	0.17882	False
ENSG00000168487	BMP1	False	0.30852690571096164	0.15327	False
ENSG00000168488	ATXN2L	False	0.29660978016095246	0.42219	False
ENSG00000168490	PHYHIP	False	0.048723539721745174	0.080128	False
ENSG00000168491	CCDC110	False	0.1859127986863056	0.22805	False
ENSG00000168495	POLR3D	False	0.07369245515787899	0.25739	False
ENSG00000168496	FEN1	False	0.3041545610352378	0.45445	False
ENSG00000168497	CAVIN2	False	0.23183235185899187	0.052978	False
ENSG00000168502	MTCL1	False	0.03211422031493894	0.008691	False
ENSG00000168505	GBX2	False	0.06781830120334556	0.22091	False
ENSG00000168509	HJV	False	0.31070743903781745	0.48998	False
ENSG00000168515	SCGB1D1	False	0.548911184511459		False
ENSG00000168517	HEXIM2	False	0.240258125054277	0.25643	False
ENSG00000168522	FNTA	False	0.1543414022619514	0.05325	False
ENSG00000168528	SERINC2	False	0.003582561339497759	0.0017021	False
ENSG00000168530	MYL1	False	0.34534981781987417	0.18138	False
ENSG00000168538	TRAPPC11	True	0.34807297128060594	0.21386	False
ENSG00000168539	CHRM1	False	0.04289418902483334	0.23885	False
ENSG00000168542	COL3A1	True	0.003205441888547323	0.051365	False
ENSG00000168546	GFRA2	False	0.06184214053890195	0.21931	False
ENSG00000168556	ING2	False	0.08482003882667481	0.33932	False
ENSG00000168564	CDKN2AIP	False	0.07228789109852964	0.14257	False
ENSG00000168566	SNRNP48	False	0.19911259177476212	0.36139	False
ENSG00000168569	TMEM223	False	0.048929113796839833	0.11464	False
ENSG00000168575	SLC20A2	False	0.9482503857829496	0.3317	False
ENSG00000168582	CRYGA	False	0.1310690801462843	0.023651	False
ENSG00000168589	DYNLRB2	False	0.26061089087729106	0.20921	False
ENSG00000168591	TMUB2	False	0.6038834223413776	0.41426	False
ENSG00000168594	ADAM29	False	0.08494667695654343		False
ENSG00000168610	STAT3	False	0.10866513972901638	0.12303	False
ENSG00000168612	ZSWIM1	False	0.1048843678297369	0.17028	False
ENSG00000168615	ADAM9	False	0.19572095688017938	0.40805	False
ENSG00000168619	ADAM18	False	0.06676185989920809	0.074295	False
ENSG00000168621	GDNF	False	0.037330007895665034		False
ENSG00000168631	MUCL3	False	0.3644305692949362	0.46544	False
ENSG00000168646	AXIN2	False	0.3073629332384968	0.29122	False
ENSG00000168653	NDUFS5	False	0.012748094867598838	0.040532	False
ENSG00000168658	VWA3B	False	0.26682317287625607	0.086565	False
ENSG00000168661	ZNF30	False	0.12031181282832763	0.18171	False
ENSG00000168671	UGT3A2	False	0.13094540219169595	0.081434	False
ENSG00000168675	LDLRAD4	False	0.7380389282953241	0.31849	False
ENSG00000168676	KCTD19	False	0.19210766691919864	0.39475	False
ENSG00000168679	SLC16A4	False	0.014480064422018619	0.18153	False
ENSG00000168685	IL7R	False	0.39840960722813423	0.16041	False
ENSG00000168701	TMEM208	False	0.07566597432053698	0.37297	False
ENSG00000168702	LRP1B	False	0.05104690128172449	0.021575	False
ENSG00000168703	WFDC12	False	0.011134201904293635	0.062687	False
ENSG00000168710	AHCYL1	False	0.45552915735025745	0.4778	False
ENSG00000168724	DNAJC21	False	0.3726783851680176	0.017057	False
ENSG00000168743	NPNT	False	0.25740526687104187	0.1882	False
ENSG00000168748	CA7	False	2.5084155190389388e-05	0.097458	False
ENSG00000168754	FAM178B	False	0.020227702880682537	0.32017	False
ENSG00000168758	SEMA4C	False	0.39370932664334335	0.086172	False
ENSG00000168763	CNNM3	False	0.23921386982247342	0.21151	False
ENSG00000168765	GSTM4	False	0.6472164904031532	0.47746	False
ENSG00000168769	TET2	False	0.064200964231073	0.016841	False
ENSG00000168772	CXXC4	False	0.16279032657272724		False
ENSG00000168778	TCTN2	False	0.5508826360937729	0.20145	False
ENSG00000168779	SHOX2	False	0.2311786364565388	0.41674	False
ENSG00000168781	PPIP5K1	False	0.6027863242672276	0.13659	False
ENSG00000168785	TSPAN5	False	0.05305987762225442	0.042151	False
ENSG00000168792	ABHD15	False	0.11690863156677068	0.018486	False
ENSG00000168795	ZBTB5	False	0.0010245254992669883	0.18616	False
ENSG00000168802	CHTF8	False	0.05668166637869446	0.2237	False
ENSG00000168803	ADAL	False	0.5462851891573937	0.46072	False
ENSG00000168806	LCMT2	False	0.11704592695755264	0.27409	False
ENSG00000168807	SNTB2	False	0.2776568633849783	0.18759	False
ENSG00000168811	IL12A	False	0.6180399292481085	0.26733	False
ENSG00000168813	ZNF507	False	0.012388586748864306	0.04751	False
ENSG00000168818	STX18	False	0.3597175298079666	0.55187	False
ENSG00000168824	NSG1	False	0.3830597219724638	0.11738	False
ENSG00000168826	ZBTB49	False	0.029591288418017347	0.69543	False
ENSG00000168827	GFM1	True	0.35975344754274285	0.56647	False
ENSG00000168828	OR13J1	False	0.32122101483098087	0.41453	False
ENSG00000168830	HTR1E	False	0.3556999774326367	0.20811	False
ENSG00000168843	FSTL5	False	0.3109052747486544	0.52366	False
ENSG00000168872	DDX19A	False	0.0027542783981602446	0.0097378	False
ENSG00000168874	ATOH8	False	0.013535810491351368		False
ENSG00000168875	SOX14	False	0.009125176209993454	0.1978	False
ENSG00000168876	ANKRD49	False	0.23178414906422662	0.48032	False
ENSG00000168883	USP39	False	0.18526658176509783	0.25664	False
ENSG00000168884	TNIP2	False	0.6296540925013867	0.39988	False
ENSG00000168887	C2orf68	False	0.002009382162950342	0.006222	False
ENSG00000168890	TMEM150A	False	0.40869736119350364	0.2832	False
ENSG00000168894	RNF181	False	0.42729083342220087	0.4849	False
ENSG00000168899	VAMP5	False	0.008293790954390218	0.12607	False
ENSG00000168903	BTNL3	False	0.7612704343086047	0.022935	False
ENSG00000168904	LRRC28	False	0.07050841503225717	0.26232	False
ENSG00000168906	MAT2A	False	0.3410657224402979	0.32381	False
ENSG00000168907	PLA2G4F	False	0.7838004493475077	0.11767	False
ENSG00000168916	ZNF608	False	0.005739851623149346	0.05656	False
ENSG00000168917	SLC35G2	False	0.6972552067447167	0.41338	False
ENSG00000168918	INPP5D	False	0.04817224769575827	0.11504	False
ENSG00000168924	LETM1	False	0.3488619714942594	0.16841	False
ENSG00000168928	CTRB2	False	0.20762122576844094	0.24023	False
ENSG00000168930	TRIM49	False	0.3668814326997592	0.13344	False
ENSG00000168936	TMEM129	False	0.0937069511870419	0.23949	False
ENSG00000168938	PPIC	False	0.2595791167899064	0.082618	False
ENSG00000168944	CEP120	False	0.1761328942542974	0.60106	False
ENSG00000168952	STXBP6	False	0.52368965769527	0.3122	False
ENSG00000168955	TM4SF20	False	0.13979471783567762	0.63753	False
ENSG00000168958	MFF	True	0.1874338147417651	0.10667	False
ENSG00000168959	GRM5	False	0.2188317760401868	0.097032	False
ENSG00000168961	LGALS9	False	0.23464406995357176	0.13088	False
ENSG00000168993	CPLX1	True	0.1423949530108547	0.14519	False
ENSG00000168994	PXDC1	False	0.04547029700712805	0.16301	False
ENSG00000168995	SIGLEC7	False	0.2304412020988378	0.024125	False
ENSG00000169006	NTSR2	False	0.11690229566113053	0.21796	False
ENSG00000169016	E2F6	False	0.012013960314419208	0.17857	False
ENSG00000169018	FEM1B	False	0.07695511269174979	0.27292	False
ENSG00000169019	COMMD8	False	0.28642580015083785	0.60879	False
ENSG00000169020	ATP5ME	False	0.7970694485338056		False
ENSG00000169021	UQCRFS1	False	0.3615895497308663	0.1747	False
ENSG00000169026	SLC49A3	False	0.1134709799694637	0.082967	False
ENSG00000169031	COL4A3	False	0.0006313241144421611	0.19495	False
ENSG00000169032	MAP2K1	True	0.20614777626512623	0.1594	False
ENSG00000169035	KLK7	False	0.2316809069394725	0.035528	False
ENSG00000169045	HNRNPH1	True	0.40554472231918215	0.24414	False
ENSG00000169047	IRS1	False	0.0021271486809430534	0.040512	False
ENSG00000169062	UPF3A	False	0.14100546142986028	0.40583	False
ENSG00000169064	ZBBX	False	0.06595044768899072	0.025974	False
ENSG00000169067	ACTBL2	False	0.2712960953068147	0.092051	False
ENSG00000169071	ROR2	False	0.004098660517743843	7.2607e-05	False
ENSG00000169085	VXN	False	0.00685049477506644	0.3709	False
ENSG00000169087	HSPBAP1	False	0.47776578900737765	0.32812	False
ENSG00000169105	CHST14	False	0.49494390378494724	0.026713	False
ENSG00000169116	PARM1	False	0.10967784196679031	0.2467	False
ENSG00000169118	CSNK1G1	False	0.16125088521040773	0.076303	False
ENSG00000169122	FAM110B	False	0.6195853249114331	0.039865	False
ENSG00000169129	AFAP1L2	False	0.29750674328100835	0.38358	False
ENSG00000169131	ZNF354A	False	0.27454934395967123	0.40763	False
ENSG00000169136	ATF5	False	0.19051464308242633	0.19435	False
ENSG00000169154	GOT1L1	False	0.006892833727453613	0.435	False
ENSG00000169155	ZBTB43	False	0.23693058127062588	0.080008	False
ENSG00000169169	CPT1C	False	0.17807419924559736	0.25507	False
ENSG00000169174	PCSK9	False	0.0018376818669687172	0.17439	False
ENSG00000169180	XPO6	False	0.3628117401008818	0.27227	False
ENSG00000169181	GSG1L	False	0.1268146749920436	0.28841	False
ENSG00000169184	MN1	False	0.03356196086360911	0.22796	False
ENSG00000169189	NSMCE1	False	0.01011385363773236	0.09787	False
ENSG00000169193	CCDC126	False	0.6123581804544609	0.23546	False
ENSG00000169194	IL13	False	0.21622442841151962	0.37488	False
ENSG00000169208	OR10G3	False	0.5861305086189119	0.26473	False
ENSG00000169213	RAB3B	False	0.15002160901316824	0.39374	False
ENSG00000169214	OR6F1	False	0.13712783638772427		False
ENSG00000169217	CD2BP2	False	0.22898196229682777	0.50573	False
ENSG00000169218	RSPO1	False	0.5127551870211544	0.29165	False
ENSG00000169220	RGS14	False	0.1510660855894183	0.19909	False
ENSG00000169221	TBC1D10B	False	0.008162878206454054	0.10026	False
ENSG00000169223	LMAN2	False	0.310206587007847	0.12325	False
ENSG00000169224	GCSAML	False	0.6532219919807976		False
ENSG00000169228	RAB24	False	0.26985767032774705	0.48051	False
ENSG00000169230	PRELID1	False	0.8083576928965241	0.30379	False
ENSG00000169231	THBS3	False	0.019222984413348035	0.0091562	False
ENSG00000169241	SLC50A1	False	0.15360782516126756	0.014073	False
ENSG00000169242	EFNA1	False	0.18678420926564832	0.32789	False
ENSG00000169245	CXCL10	False	0.3673210566009054	0.22142	False
ENSG00000169247	SH3TC2	False	0.23889467315756688	0.17679	False
ENSG00000169248	CXCL11	False	0.027274661071942884	0.2278	False
ENSG00000169251	NMD3	False	0.006838411244690646	0.1718	False
ENSG00000169255	B3GALNT1	False	0.6289197147421444	0.42864	False
ENSG00000169258	GPRIN1	False	0.7606760346128203		False
ENSG00000169271	HSPB3	False	0.08975477021035677	0.0040824	False
ENSG00000169282	KCNAB1	False	0.1973329647071472	0.087638	False
ENSG00000169288	MRPL1	False	0.7621863416474568	0.11843	False
ENSG00000169291	SHE	False	0.4630428857180876	0.084557	False
ENSG00000169299	PGM2	False	0.9010954278612745	0.34609	False
ENSG00000169302	STK32A	False	0.07577787649648618	0.20654	False
ENSG00000169313	P2RY12	False	0.10745102288765963	0.66587	False
ENSG00000169314	C22orf15	False	0.4991997449798228	0.20062	False
ENSG00000169330	MINAR1	False	0.23073281379661045	0.27777	False
ENSG00000169340	PDILT	False	0.11783204953995845	0.168	False
ENSG00000169344	UMOD	False	0.20095575373117108	0.10829	False
ENSG00000169347	GP2	False	0.03125088052084381	0.084889	False
ENSG00000169359	SLC33A1	False	0.6224927120786025	0.35902	False
ENSG00000169371	SNUPN	False	0.013083195827002413	0.0096769	False
ENSG00000169372	CRADD	True	0.0933683702572307	0.11143	False
ENSG00000169375	SIN3A	False	0.18360335983617873	0.10914	False
ENSG00000169379	ARL13B	False	0.005921940476055154	0.46399	False
ENSG00000169385	RNASE2	False	0.048790290957971195		False
ENSG00000169393	ELSPBP1	False	0.0069776235332103895	0.0032536	False
ENSG00000169397	RNASE3	False	0.08837349465610361		False
ENSG00000169398	PTK2	False	0.22365427197452517	0.084083	False
ENSG00000169403	PTAFR	False	0.03082229992352692	0.63629	False
ENSG00000169410	PTPN9	False	0.04299624536609795	0.25603	False
ENSG00000169413	RNASE6	False	0.3887703382820231	0.23986	False
ENSG00000169418	NPR1	False	0.07514159958225002	0.23104	False
ENSG00000169427	KCNK9	False	0.792808854186938	0.017006	False
ENSG00000169429	CXCL8	False	0.4973204793338485	0.29862	False
ENSG00000169432	SCN9A	False	0.12053907084800522	0.33775	False
ENSG00000169435	RASSF6	False	0.2697515094028925	0.4121	False
ENSG00000169436	COL22A1	False	0.53482674001555	0.4003	False
ENSG00000169439	SDC2	False	0.01620863977691774	0.35776	False
ENSG00000169469	SPRR1B	False	0.401211916992365		False
ENSG00000169474	SPRR1A	False	0.3544413038143733	0.55328	False
ENSG00000169484	OR4K14	False	0.08005015039830533		False
ENSG00000169490	TM2D2	False	0.3579121025021064	0.089175	False
ENSG00000169495	HTRA4	False	0.3130073739602802	0.10295	False
ENSG00000169499	PLEKHA2	False	0.7194607139100687	0.33255	False
ENSG00000169504	CLIC4	False	0.619721701940374	0.43052	False
ENSG00000169507	SLC38A11	False	0.09013585331370563	0.53241	False
ENSG00000169508	GPR183	False	0.405067475012851		False
ENSG00000169509	CRCT1	False	0.3348702089552529	0.42923	False
ENSG00000169515	CCDC8	False	0.028583996551771865	0.007315	False
ENSG00000169519	METTL15	False	0.36774607789904484	0.24345	False
ENSG00000169548	ZNF280A	False	0.10670768093470372	0.16553	False
ENSG00000169550	MUC15	False	0.24210679623662815	0.51215	False
ENSG00000169554	ZEB2	True	0.014284490956818038	0.00024528	False
ENSG00000169564	PCBP1	False	0.651769772884748	0.078895	False
ENSG00000169567	HINT1	False	0.32631840857620803	0.015207	False
ENSG00000169570	DTWD2	False	0.015474582455039196	0.17756	False
ENSG00000169575	VPREB1	False	0.487092815564968	0.13969	False
ENSG00000169583	CLIC3	False	0.035948307884951916	0.063365	False
ENSG00000169592	INO80E	False	0.1312855471672939	0.3229	False
ENSG00000169594	BNC1	False	0.051904230802527	0.11347	False
ENSG00000169598	DFFB	False	0.33665279681967675	0.079338	False
ENSG00000169599	NFU1	False	0.031474676697953306	0.4319	False
ENSG00000169604	ANTXR1	False	0.5139469061150757	0.24074	False
ENSG00000169607	CKAP2L	False	0.06416229335660135	0.069229	False
ENSG00000169609	C15orf40	False	0.5998266863654902	0.26659	False
ENSG00000169612	RAMAC	False	0.6354867371334011	0.55502	False
ENSG00000169618	PROKR1	False	0.0556483379073233	0.23289	False
ENSG00000169621	APLF	False	0.0006763035243508514	0.13961	False
ENSG00000169629	RGPD8	False	0.10603298456012215	0.07069	False
ENSG00000169635	HIC2	False	0.8227484807933684	0.17047	False
ENSG00000169641	LUZP1	False	0.007595570038144462	0.00026626	False
ENSG00000169660	HEXD	False	0.20516688597236676	0.19375	False
ENSG00000169676	DRD5	False	0.018739727403565217	0.21343	False
ENSG00000169679	BUB1	False	0.03935430464801042	0.36622	False
ENSG00000169682	SPNS1	False	0.19916736119859793	0.18828	False
ENSG00000169683	LRRC45	False	0.0005509656156333089	0.031141	False
ENSG00000169684	CHRNA5	False	0.4614737967893846	0.17449	False
ENSG00000169689	CENPX	False	0.2655957472398909	0.018778	False
ENSG00000169692	AGPAT2	False	0.27380965187733414	0.40099	False
ENSG00000169696	ASPSCR1	False	0.5883917565796271	0.48156	False
ENSG00000169704	GP9	False	0.001039329215600455		False
ENSG00000169710	FASN	False	0.021067999631160746	0.081239	False
ENSG00000169714	CNBP	False	0.4128284356751009	0.46707	False
ENSG00000169715	MT1E	False	0.2570412004599727	0.99968	False
ENSG00000169717	ACTRT2	False	0.024810517588603847	0.047238	False
ENSG00000169718	DUS1L	False	0.3120785040055792	0.076463	False
ENSG00000169727	GPS1	False	0.3786553878757962	0.34406	False
ENSG00000169733	RFNG	False	0.20275147529812798	0.21879	False
ENSG00000169738	DCXR	False	0.004236355798625995	0.37665	False
ENSG00000169740	ZNF32	False	0.3271438821594518	0.27919	False
ENSG00000169744	LDB2	False	0.044932058124717525	0.20657	False
ENSG00000169750	RAC3	True	0.10901192807372134	0.069236	False
ENSG00000169756	LIMS1	False	0.10227969098359359	0.34009	False
ENSG00000169758	TMEM266	False	0.18677921298730188	0.21857	False
ENSG00000169760	NLGN1	False	0.007243436614060264	0.018722	False
ENSG00000169762	TAPT1	False	0.6748031037439153	0.24849	False
ENSG00000169764	UGP2	True	0.05751601637798853	0.03069	False
ENSG00000169777	TAS2R1	False	0.026628602485514793		False
ENSG00000169783	LINGO1	False	0.09421678088870643	0.20653	False
ENSG00000169813	HNRNPF	False	0.05791960806235788	0.0099511	False
ENSG00000169814	BTD	True	0.09644570026993682	0.20234	False
ENSG00000169826	CSGALNACT2	False	0.34733750385520495	0.38428	False
ENSG00000169836	TACR3	False	0.47649063807865766	0.10007	False
ENSG00000169840	GSX1	False	0.23908080596456993	0.26743	False
ENSG00000169851	PCDH7	False	0.10941709292875569	0.12203	False
ENSG00000169855	ROBO1	False	0.18381470386354937	0.12984	False
ENSG00000169856	ONECUT1	False	0.41661959918896063	0.039739	False
ENSG00000169857	AVEN	False	0.6284726549134443	0.2908	False
ENSG00000169860	P2RY1	False	0.3671742687606166	0.25611	False
ENSG00000169862	CTNND2	False	0.2364953249437288	0.049974	False
ENSG00000169871	TRIM56	False	0.03303715677290275	0.12159	False
ENSG00000169876	MUC17	False	0.011329679866159625	0.017069	False
ENSG00000169877	AHSP	False	0.4063190176836084		False
ENSG00000169884	WNT10B	False	0.2123543715478681	0.20357	False
ENSG00000169885	CALML6	False	0.2736822284689034	0.47024	False
ENSG00000169896	ITGAM	False	0.055851423970093995	0.059657	False
ENSG00000169900	PYDC1	False	0.4246217999022125	0.11643	False
ENSG00000169902	TPST1	False	0.014133740975213664	0.16427	False
ENSG00000169903	TM4SF4	False	0.04699262414472541	0.030903	False
ENSG00000169905	TOR1AIP2	False	0.018108405038622172	0.25505	False
ENSG00000169908	TM4SF1	False	0.09578045635087387	0.57915	False
ENSG00000169914	OTUD3	False	0.4774806060602964	0.47329	False
ENSG00000169918	OTUD7A	False	0.5098491076943499	0.38638	False
ENSG00000169919	GUSB	False	0.11365343753236114	0.25713	False
ENSG00000169925	BRD3	False	0.012776077335914604	0.1285	False
ENSG00000169946	ZFPM2	False	0.6410090423407961	0.57266	False
ENSG00000169951	ZNF764	False	0.12909672224565677		False
ENSG00000169957	ZNF768	False	0.27507637389367245	0.061718	False
ENSG00000169962	TAS1R3	False	0.21393279120190717	0.37912	False
ENSG00000169964	TMEM42	False	0.32104857956700944	0.024747	False
ENSG00000169967	MAP3K2	False	0.22681073665656235		False
ENSG00000169972	PUSL1	False	0.0917975125579992	0.26356	False
ENSG00000169981	ZNF35	False	0.1289451092314727	0.18242	False
ENSG00000169989	TIGD4	False	0.10436249099208617	0.11198	False
ENSG00000169992	NLGN2	False	0.20865413535825092	0.03938	False
ENSG00000169994	MYO7B	False	0.004305402922639451	0.0033875	False
ENSG00000170004	CHD3	True	0.13504571373431357	0.081139	False
ENSG00000170006	TMEM154	False	0.2650975477922153	0.13784	False
ENSG00000170011	MYRIP	False	0.05554406766137978	0.044504	False
ENSG00000170017	ALCAM	False	0.23487789902493103	0.31271	False
ENSG00000170027	YWHAG	True	0.3142416534188167	0.085115	False
ENSG00000170037	CNTROB	False	0.25226264435372026	0.32555	False
ENSG00000170043	TRAPPC1	False	0.09636465369999662	0.11457	False
ENSG00000170044	ZPLD1	False	0.03925704999680361	0.16266	False
ENSG00000170049	KCNAB3	False	0.03885012223034066	0.26641	False
ENSG00000170054	SERPINA9	False	0.29972473531539434	0.45707	False
ENSG00000170075	GPR37L1	False	0.014254178593437123	0.38231	False
ENSG00000170085	SIMC1	False	0.3086245209293304	0.031703	False
ENSG00000170088	TMEM192	False	0.24080118662480904	0.45697	False
ENSG00000170091	NSG2	False	0.3500376576374928		False
ENSG00000170092	SPDYE5	False	0.1447030445525531	0.038583	False
ENSG00000170099	SERPINA6	False	0.606725545266366	0.44861	False
ENSG00000170100	ZNF778	False	0.0016321956741693134	0.11879	False
ENSG00000170113	NIPA1	False	0.49129654371165044	0.15307	False
ENSG00000170122	FOXD4	False	0.11677634911699873	0.53337	False
ENSG00000170128	GPR25	False	0.018894846414309514	0.25909	False
ENSG00000170142	UBE2E1	False	0.5892049168827456	0.095616	False
ENSG00000170144	HNRNPA3	False	0.21789724917469344	0.33884	False
ENSG00000170145	SIK2	False	0.4272540935430953	0.062766	False
ENSG00000170153	RNF150	False	0.5948088888967203	0.56507	False
ENSG00000170160	CCDC144A	False	0.29070958020870014	0.45873	False
ENSG00000170162	VGLL2	False	0.7017752293161106	0.57776	False
ENSG00000170166	HOXD4	False	0.029936346886581585	0.21385	False
ENSG00000170175	CHRNB1	False	0.37468349644981797	0.37889	False
ENSG00000170178	HOXD12	False	0.7926256361306602	0.33836	False
ENSG00000170185	USP38	False	0.1483634937948359	0.28636	False
ENSG00000170190	SLC16A5	False	0.20975242253990178	0.097808	False
ENSG00000170191	NANP	False	0.641031723933341	0.23021	False
ENSG00000170209	ANKK1	False	0.1939383753945821	0.085204	False
ENSG00000170214	ADRA1B	False	0.3123532751906114	0.33462	False
ENSG00000170222	ADPRM	False	0.04814565338828454	0.29624	False
ENSG00000170231	FABP6	False	0.19738870890551344	0.094349	False
ENSG00000170234	PWWP2A	False	0.6094370794705153	0.39972	False
ENSG00000170236	USP50	False	0.26413202842944994	0.051319	False
ENSG00000170242	USP47	False	0.38946602372843564	0.014993	False
ENSG00000170248	PDCD6IP	False	0.11031843589010629	0.083522	False
ENSG00000170260	ZNF212	False	0.006667693912096069	0.07552	False
ENSG00000170262	MRAP	False	0.283711646345941	0.03022	False
ENSG00000170264	FAM161A	False	0.3379793688285403	0.020896	False
ENSG00000170265	ZNF282	False	0.0018737170147295418	0.23752	False
ENSG00000170266	GLB1	True	0.3786142697662773	0.31144	False
ENSG00000170270	GON7	False	0.015858607027545508	0.042957	False
ENSG00000170271	FAXDC2	False	0.0368020517305983	0.015135	False
ENSG00000170275	CRTAP	False	0.12346622666126884	0.26322	False
ENSG00000170276	HSPB2	False	0.0017571453980808921	0.27943	False
ENSG00000170279	C7orf33	False	0.11457637972529208	0.19798	False
ENSG00000170289	CNGB3	False	0.2515045494981628	0.25797	False
ENSG00000170293	CMTM8	False	0.33054131993894426	0.32344	False
ENSG00000170298	LGALS9B	False	0.5217177185529969	0.34045	False
ENSG00000170310	STX8	False	0.22020748441715537	0.10234	False
ENSG00000170322	NFRKB	False	0.1299906241738342	0.49984	False
ENSG00000170323	FABP4	False	0.6007217843762038	0.31169	False
ENSG00000170324	FRMPD2	False	0.5610555087090401	0.1331	False
ENSG00000170325	PRDM10	False	0.1222011543103162	0.031833	False
ENSG00000170340	B3GNT2	False	0.3854018154834587	0.55828	False
ENSG00000170345	FOS	False	0.30607839743591525	0.34387	False
ENSG00000170348	TMED10	False	0.018149012702822313	0.60708	False
ENSG00000170364	SETMAR	False	0.18579470118906843	0.30038	False
ENSG00000170365	SMAD1	False	0.2296805269524858	0.1512	False
ENSG00000170367	CST5	False	0.28910330370447646	0.77124	False
ENSG00000170369	CST2	False	0.14040183319954502	0.20774	False
ENSG00000170370	EMX2	False	0.02807784982975577	0.047696	False
ENSG00000170373	CST1	False	0.7043960596951965	0.078024	False
ENSG00000170374	SP7	False	0.29570102035237794	0.1728	False
ENSG00000170379	TCAF2	False	0.13620974623186244	0.21253	False
ENSG00000170381	SEMA3E	False	0.2366409888992417	0.51675	False
ENSG00000170382	LRRN2	False	0.7459974568793625	0.67716	False
ENSG00000170385	SLC30A1	False	0.0023662729168721953	0.22928	False
ENSG00000170390	DCLK2	False	0.0017029727719024288	0.015374	False
ENSG00000170396	ZNF804A	False	0.5264650233126658	0.18863	False
ENSG00000170417	TMEM182	False	0.6292004161008515	0.31008	False
ENSG00000170419	VSTM2A	False	0.1524476955441513	0.1837	False
ENSG00000170421	KRT8	False	0.0864578854494794	0.16206	False
ENSG00000170423	KRT78	False	0.019243112541065584	0.088573	False
ENSG00000170425	ADORA2B	False	0.05787865604998166	0.35206	False
ENSG00000170426	SDR9C7	False	0.03930437685409273	0.15183	False
ENSG00000170439	METTL7B	False	0.651744638751502	0.53128	False
ENSG00000170442	KRT86	False	0.18642035625910533	0.013071	False
ENSG00000170448	NFXL1	False	0.321816621377741	0.044231	False
ENSG00000170454	KRT75	False	0.44313762822033675	0.18913	False
ENSG00000170456	DENND5B	True	0.003181921948654344	0.0070299	False
ENSG00000170458	CD14	False	0.26384733254913956		False
ENSG00000170464	DNAJC18	False	0.2992783132563907	0.17556	False
ENSG00000170465	KRT6C	False	0.5803848633981812	0.050073	False
ENSG00000170468	RIOX1	False	0.18931039169397879	0.45221	False
ENSG00000170469	SPATA24	False	0.3607593902794278	0.70938	False
ENSG00000170471	RALGAPB	False	0.008164763648599154	0.0040368	False
ENSG00000170473	PYM1	False	0.20539284155344767	0.18768	False
ENSG00000170476	MZB1	False	0.2722334370858568	0.52319	False
ENSG00000170477	KRT4	False	0.016923365254788506	0.13209	False
ENSG00000170482	SLC23A1	False	0.06610693670985579	0.051378	False
ENSG00000170484	KRT74	False	0.2746508481092984	0.32127	False
ENSG00000170485	NPAS2	False	0.020094397235003173	0.19533	False
ENSG00000170486	KRT72	False	0.2694473501647229	0.29926	False
ENSG00000170498	KISS1	False	0.25376361565691424		False
ENSG00000170500	LONRF2	False	0.0512116235930704	0.34951	False
ENSG00000170502	NUDT9	False	0.6046585595284886	0.10832	False
ENSG00000170509	HSD17B13	False	0.003480554601818856	0.057636	False
ENSG00000170515	PA2G4	False	0.5182955658511356	0.49902	False
ENSG00000170523	KRT83	False	0.020305017563859346	0.010253	False
ENSG00000170525	PFKFB3	False	0.006310774896930658	0.10436	False
ENSG00000170537	TMC7	False	0.03565443751912566	0.58028	False
ENSG00000170542	SERPINB9	False	0.06134367378819984	0.10381	False
ENSG00000170549	IRX1	False	0.067677551293535	0.3075	False
ENSG00000170558	CDH2	False	0.2364810860860559	0.23043	False
ENSG00000170561	IRX2	False	0.6481252810050753	0.0084355	False
ENSG00000170571	EMB	False	0.18108753344152115	0.13483	False
ENSG00000170577	SIX2	False	0.17428327292482143	0.18511	False
ENSG00000170579	DLGAP1	False	0.3297899095612211	0.2296	False
ENSG00000170581	STAT2	False	0.3168173608664048	0.70686	False
ENSG00000170584	NUDCD2	False	0.06405747976445472	0.12939	False
ENSG00000170604	IRF2BP1	False	0.09771762993490961	0.41699	False
ENSG00000170606	HSPA4	False	0.09971793277963178	0.0077211	False
ENSG00000170608	FOXA3	False	0.12862967343709655	0.2111	False
ENSG00000170615	SLC26A5	False	0.29187215313313813	0.055713	False
ENSG00000170619	COMMD5	False	0.2896607692360616	0.035143	False
ENSG00000170624	SGCD	False	0.01766983454566098	0.065495	False
ENSG00000170627	GTSF1	False	0.4134565242672764	0.55045	False
ENSG00000170631	ZNF16	False	0.42258053899021397	0.46745	False
ENSG00000170632	ARMC10	False	0.0931346074930912	0.29985	False
ENSG00000170633	RNF34	False	0.448756515832481	0.062754	False
ENSG00000170634	ACYP2	False	0.6243151122223227	0.08735	False
ENSG00000170638	TRABD	False	0.15254334420507035	0.34339	False
ENSG00000170653	ATF7	False	0.18311422696953192	0.31451	False
ENSG00000170677	SOCS6	False	0.36919513991833164		False
ENSG00000170681	CAVIN4	False	0.02539076141462774	0.33208	False
ENSG00000170683	OR10A3	False	0.11411877544963284	0.0095375	False
ENSG00000170684	ZNF296	False	0.5292771118312565		False
ENSG00000170689	HOXB9	False	0.36035472467982865	0.46681	False
ENSG00000170703	TTLL6	False	0.3053066060298736	0.067658	False
ENSG00000170734	POLH	False	0.3015491217690115	0.65704	False
ENSG00000170743	SYT9	False	0.3271065266121346	0.28503	False
ENSG00000170745	KCNS3	False	0.04557407413311791	0.41111	False
ENSG00000170748	RBMXL2	False	0.45005147742728047	0.19115	False
ENSG00000170759	KIF5B	True	0.049042216801595935	0.034011	False
ENSG00000170775	GPR37	False	0.12926118405248868	0.22064	False
ENSG00000170776	AKAP13	False	0.05574280618793678	0.31945	False
ENSG00000170777	TPD52L3	False	0.10153241552925785	0.12628	False
ENSG00000170779	CDCA4	False	0.26280093687637257		False
ENSG00000170782	OR10A4	False	0.5889213561509987	0.20027	False
ENSG00000170786	SDR16C5	False	0.12666768205910356	0.24079	False
ENSG00000170788	DYDC1	False	0.05560685171654119	0.43309	False
ENSG00000170790	OR10A2	False	0.1435548593347399	0.49213	False
ENSG00000170791	CHCHD7	False	0.410517765293424	0.44939	False
ENSG00000170801	HTRA3	False	0.5407867937052762	0.071388	False
ENSG00000170802	FOXN2	False	0.0022211502396263794	0.053995	False
ENSG00000170807	LMOD2	False	0.0031790561052807884	0.00038492	False
ENSG00000170819	BFSP2	False	0.5408889351445776	0.56879	False
ENSG00000170820	FSHR	False	0.46520575283874144	0.11073	False
ENSG00000170832	USP32	False	0.26394806141403804	0.31084	False
ENSG00000170836	PPM1D	False	0.04484537499162239	0.012496	False
ENSG00000170837	GPR27	False	0.4080473756746723		False
ENSG00000170848	PSG6	False	0.009472058355105197	0.10917	False
ENSG00000170852	KBTBD2	False	0.4771307366819557	0.42858	False
ENSG00000170854	RIOX2	False	0.3161875128706659	0.50201	False
ENSG00000170855	TRIAP1	False	0.47585391163258417	0.30741	False
ENSG00000170860	LSM3	False	0.8856547584604215	0.70256	False
ENSG00000170871	KIAA0232	False	0.008770300911930968	0.0027778	False
ENSG00000170873	MTSS1	False	0.028602749571876175	0.094087	False
ENSG00000170876	TMEM43	False	0.07276825886896422	0.25843	False
ENSG00000170881	RNF139	False	0.000463649274778639	0.25648	False
ENSG00000170889	RPS9	False	0.20169822620927721	0.30396	False
ENSG00000170890	PLA2G1B	False	0.20035873186969871	0.021443	False
ENSG00000170891	CYTL1	False	0.21482438173281135	0.25975	False
ENSG00000170892	TSEN34	True	0.5840022045250568	0.127	False
ENSG00000170893	TRH	False	0.23853235202063747	0.37648	False
ENSG00000170899	GSTA4	False	0.460297584406107	0.18921	False
ENSG00000170903	MSANTD4	False	0.5407804277004342	0.063226	False
ENSG00000170906	NDUFA3	False	0.0853544372994998	0.084409	False
ENSG00000170909	OSCAR	False	0.5011700746616332	0.085524	False
ENSG00000170915	PAQR8	False	0.025280961803451126	0.14341	False
ENSG00000170917	NUDT6	False	0.08350608220133962	0.058483	False
ENSG00000170920	OR7G3	False	0.1328900495844046	0.45693	False
ENSG00000170921	TANC2	True	8.230255330301502e-06	0.019643	False
ENSG00000170927	PKHD1	False	0.09294214744312311	0.19144	False
ENSG00000170929	OR1M1	False	0.09443907973832145		False
ENSG00000170948	MBD3L1	False	0.6862779700197186	0.24427	False
ENSG00000170949	ZNF160	False	0.0029151569392361154		False
ENSG00000170950	PGK2	False	0.3645447639013939	0.21813	False
ENSG00000170953	OR8B12	False	0.579862550272209		False
ENSG00000170954	ZNF415	False	0.08183765908006362		False
ENSG00000170955	CAVIN3	False	0.00012828075195580116	0.017522	False
ENSG00000170956	CEACAM3	False	0.018190019208549825	0.22394	False
ENSG00000170959	DCDC1	False	0.14044236308365304	0.39685	False
ENSG00000170961	HAS2	False	0.39224497193713814	0.16447	False
ENSG00000170962	PDGFD	False	0.015941289793562574	0.129	False
ENSG00000170967	DDI1	False	0.06947710115847423	0.038572	False
ENSG00000170989	S1PR1	False	0.40721043379029237	0.23852	False
ENSG00000171014	OR4D5	False	0.052155559506616815		False
ENSG00000171016	PYGO1	False	0.011434631032842152	0.68515	False
ENSG00000171017	LRRC8E	False	0.00035225284855599847	0.28189	False
ENSG00000171044	XKR6	False	0.0822749476091133	0.0032482	False
ENSG00000171045	TSNARE1	False	0.017849821429842122	0.36656	False
ENSG00000171049	FPR2	False	0.0022437140877492713	0.095786	False
ENSG00000171051	FPR1	False	0.03731667070080941	0.25631	False
ENSG00000171053	PATE1	False	3.0122508861573623e-05	0.0053701	False
ENSG00000171055	FEZ2	False	0.30129208649929984	0.26322	False
ENSG00000171060	C8orf74	False	0.21717003642035215	0.24669	False
ENSG00000171067	C11orf24	False	0.0290075840547397	0.047238	False
ENSG00000171094	ALK	False	0.14833891045447353	0.54088	False
ENSG00000171097	KYAT1	False	0.48690303029031456	0.14712	False
ENSG00000171102	OBP2B	False	0.23241463069786497	0.082812	False
ENSG00000171103	TRMT61B	False	0.6106132570867766	0.11997	False
ENSG00000171105	INSR	False	0.5099829955611148	0.082552	False
ENSG00000171109	MFN1	False	0.1888836698312245	0.021749	False
ENSG00000171115	GIMAP8	False	0.038042907636883026	0.20936	False
ENSG00000171121	KCNMB3	False	0.031373374036949994	0.044713	False
ENSG00000171124	FUT3	False	0.033268722151528235	0.095981	False
ENSG00000171126	KCNG3	False	0.05131802923557626	0.029237	False
ENSG00000171132	PRKCE	False	0.21110538474902904	0.315	False
ENSG00000171133	OR2K2	False	0.2160308485255365	0.15633	False
ENSG00000171135	JAGN1	False	0.005459745234358886	0.27908	False
ENSG00000171136	RLN3	False	0.09462479684164653	0.089315	False
ENSG00000171148	TADA3	False	0.3863130883753384	0.14711	False
ENSG00000171150	SOCS5	False	0.0841343061693906	0.094414	False
ENSG00000171160	MORN4	False	0.018744607381189684	0.19281	False
ENSG00000171161	ZNF672	False	0.017531045904619173	0.25212	False
ENSG00000171163	ZNF692	False	0.027936749660217173	0.017798	False
ENSG00000171169	NAIF1	False	0.010892967118746695	0.0076514	False
ENSG00000171174	RBKS	False	0.09572251455963635	0.55326	False
ENSG00000171180	OR2M4	False	0.257593433517535	0.55955	False
ENSG00000171189	GRIK1	False	0.44488213916267694	0.47771	False
ENSG00000171195	MUC7	False	0.37369439917672576		False
ENSG00000171199	OPRPN	False	0.005383077726838607		False
ENSG00000171201	SMR3B	False	0.4176952075291812		False
ENSG00000171202	TMEM126A	False	0.5439533063754189	0.40621	False
ENSG00000171204	TMEM126B	False	0.32808711265204377	0.080734	False
ENSG00000171206	TRIM8	True	0.058471942677405415	0.13957	False
ENSG00000171208	NETO2	False	0.29556093130597166	0.28285	False
ENSG00000171209	CSN3	False	0.13100849824724328		False
ENSG00000171217	CLDN20	False	0.4022565296808942	0.23132	False
ENSG00000171219	CDC42BPG	False	0.35024867265502346	0.62964	False
ENSG00000171222	SCAND1	False	0.5574286567448673	0.27947	False
ENSG00000171223	JUNB	False	0.20355155886002133	0.34991	False
ENSG00000171224	FAM241B	False	0.624536225082112	0.66024	False
ENSG00000171227	TMEM37	False	0.5465434005528038	0.30467	False
ENSG00000171234	UGT2B7	False	0.2665264885954752	0.093652	False
ENSG00000171236	LRG1	False	0.1194610414197387		False
ENSG00000171241	SHCBP1	False	0.680573329616867	0.58703	False
ENSG00000171243	SOSTDC1	False	0.003970076527146401	0.0032985	False
ENSG00000171246	NPTX1	False	0.07075090907900798		False
ENSG00000171262	FAM98B	False	0.26014814850210577	0.066257	False
ENSG00000171291	ZNF439	False	0.2938282687828086	0.52049	False
ENSG00000171295	ZNF440	False	0.0769807667212871	0.2354	False
ENSG00000171298	GAA	False	0.5595835988323995	0.24995	False
ENSG00000171302	CANT1	False	0.6292063368673745	0.40716	False
ENSG00000171303	KCNK3	False	0.23452877399918706		False
ENSG00000171307	ZDHHC16	False	0.027643618392059647	0.65962	False
ENSG00000171310	CHST11	False	0.2396663160705806	0.10892	False
ENSG00000171311	EXOSC1	False	0.22011225732855297	0.27286	False
ENSG00000171314	PGAM1	False	0.08377596261855633	0.017265	False
ENSG00000171316	CHD7	False	0.37966823797564003	0.14806	False
ENSG00000171320	ESCO2	False	0.2566271283460573	0.17242	False
ENSG00000171345	KRT19	False	0.03192424745085298	0.092102	False
ENSG00000171346	KRT15	False	0.09618575888722755	0.066062	False
ENSG00000171357	LURAP1	False	0.7120741645842124	0.1853	False
ENSG00000171360	KRT38	False	0.05310252801188043	0.38339	False
ENSG00000171368	TPPP	False	0.011515760715346993	0.064876	False
ENSG00000171385	KCND3	True	0.039563567442732886	0.34219	False
ENSG00000171396	KRTAP4-4	False	0.6619508785463959		False
ENSG00000171401	KRT13	False	0.07952046104755124	0.14431	False
ENSG00000171403	KRT9	False	0.24877028023607034	0.71105	False
ENSG00000171408	PDE7B	False	0.008341102902086126	0.07613	False
ENSG00000171421	MRPL36	False	0.24260639837773035	0.46021	False
ENSG00000171425	ZNF581	False	0.09480499380599522	0.070878	False
ENSG00000171428	NAT1	False	0.0030100533542618216	0.24883	False
ENSG00000171431	KRT20	False	2.9929307168465703e-05	0.00020717	False
ENSG00000171443	ZNF524	False	0.11619008616442371		False
ENSG00000171444	MCC	False	0.07701691375451564	0.26787	False
ENSG00000171446	KRT27	False	0.36160381459233376	0.32514	False
ENSG00000171448	ZBTB26	False	0.004910317924959909	0.48861	False
ENSG00000171453	POLR1C	False	0.11569923652126606	0.066224	False
ENSG00000171456	ASXL1	False	0.13894875363858453	0.0068661	False
ENSG00000171459	OR1L6	False	0.6993070418344979	0.22613	False
ENSG00000171462	DLK2	False	0.6313971791940313	0.0018321	False
ENSG00000171466	ZNF562	False	0.353404430845981	0.071594	False
ENSG00000171467	ZNF318	False	0.08440194825730664	0.056804	False
ENSG00000171469	ZNF561	False	0.1780853446233294	0.19409	False
ENSG00000171475	WIPF2	False	0.020613678782126398	0.30418	False
ENSG00000171476	HOPX	False	0.13426868778829082	0.063089	False
ENSG00000171481	OR1L3	False	0.03930101534208464		False
ENSG00000171487	NLRP5	False	0.058722244255877895	0.0096957	False
ENSG00000171488	LRRC8C	False	0.042211431595526865	0.018502	False
ENSG00000171490	RSL1D1	False	0.24412827263644146	0.57417	False
ENSG00000171492	LRRC8D	False	0.22013224284946908	0.010409	False
ENSG00000171495	MROH2B	False	0.13647346224630733	0.38524	False
ENSG00000171496	OR1L8	False	0.24851112437573256	0.44948	False
ENSG00000171497	PPID	False	0.4622727196881732	0.10657	False
ENSG00000171502	COL24A1	False	0.032120514664054065	0.10163	False
ENSG00000171503	ETFDH	False	0.10943015086873503	0.37765	False
ENSG00000171505	OR1N1	False	0.5352269946942627		False
ENSG00000171509	RXFP1	False	0.030915205930215784	0.091301	False
ENSG00000171517	LPAR3	False	0.23090431285310756	0.25299	False
ENSG00000171522	PTGER4	False	0.13985344014048082	0.10558	False
ENSG00000171532	NEUROD2	True	0.3642987969278511	0.25016	False
ENSG00000171533	MAP6	False	0.04825392963074145	0.38846	False
ENSG00000171540	OTP	False	0.28500319432000215	0.041561	False
ENSG00000171551	ECEL1	False	0.059524011242433304	0.11858	False
ENSG00000171552	BCL2L1	False	0.0668636619818359		False
ENSG00000171557	FGG	False	0.023656001532455735	0.37955	False
ENSG00000171560	FGA	False	0.03437453200105402	0.146	False
ENSG00000171561	OR2AT4	False	0.4208310145191353	0.67938	False
ENSG00000171564	FGB	False	0.12597065468092727	0.061571	False
ENSG00000171566	PLRG1	False	0.14978425353894304	0.023024	False
ENSG00000171574	ZNF584	False	0.09277117475119905	0.13146	False
ENSG00000171587	DSCAM	False	0.30752868215363954	0.16095	False
ENSG00000171595	DNAI2	False	0.1393988356643493	0.55586	False
ENSG00000171596	NMUR1	False	0.0009082187813405153	0.010356	False
ENSG00000171603	CLSTN1	False	0.37528925466332125	0.53106	False
ENSG00000171604	CXXC5	False	0.2513564341577742	0.10373	False
ENSG00000171606	ZNF274	False	0.3187658004321327	0.23498	False
ENSG00000171608	PIK3CD	False	0.08484535548679481	0.031216	False
ENSG00000171611	PTCRA	False	0.009482833011376363	0.019643	False
ENSG00000171612	SLC25A33	False	0.12088941295944841		False
ENSG00000171617	ENC1	False	0.003211740343595272	0.21387	False
ENSG00000171621	SPSB1	False	0.08903569952393975	0.11943	False
ENSG00000171631	P2RY6	False	0.10263210722225627	0.014546	False
ENSG00000171634	BPTF	True	0.010403182032921796	0.0026607	False
ENSG00000171643	S100Z	False	0.0816085980448856	0.035024	False
ENSG00000171649	ZIK1	False	0.044302714498799994	0.14273	False
ENSG00000171680	PLEKHG5	False	0.03857002843168972	0.25259	False
ENSG00000171681	ATF7IP	False	0.01603186518676146	0.0014831	False
ENSG00000171700	RGS19	False	0.01837535607094922		False
ENSG00000171703	TCEA2	False	0.0013172186905748206	0.11811	False
ENSG00000171714	ANO5	False	0.4477510844196567	0.22606	False
ENSG00000171720	HDAC3	True	0.6349181079600761	0.12279	False
ENSG00000171722	SPATA46	False	0.17802958761711538		False
ENSG00000171723	GPHN	True	0.2386271498546033	0.031079	False
ENSG00000171724	VAT1L	False	0.6976077528285085	0.47566	False
ENSG00000171729	TMEM51	False	0.01895665795211851	0.06007	False
ENSG00000171735	CAMTA1	True	0.10172768302708186	0.033375	False
ENSG00000171747	LGALS4	False	0.04206712325069157	0.25261	False
ENSG00000171757	LRRC34	False	0.4510437295853983	0.40225	False
ENSG00000171759	PAH	True	0.07525804699561182	0.6121	False
ENSG00000171763	SPATA5L1	False	0.07019827992861012	0.014179	False
ENSG00000171766	GATM	True	0.5412543715259177	0.0983	False
ENSG00000171772	SYCE1	False	0.16023524489795962	0.023987	False
ENSG00000171773	NXNL1	False	0.4712325080132599	0.1531	False
ENSG00000171777	RASGRP4	False	0.08007864248390714	0.25025	False
ENSG00000171786	NHLH1	False	0.41477324939385124	0.037505	False
ENSG00000171790	SLFNL1	False	0.4224677015144348	0.046671	False
ENSG00000171792	RHNO1	False	0.1458966727971809	0.39983	False
ENSG00000171793	CTPS1	False	0.1919302989362787	0.057699	False
ENSG00000171798	KNDC1	False	0.028909799373172562	0.031047	False
ENSG00000171804	WDR87	False	0.008168852471903755	0.12705	False
ENSG00000171806	METTL18	False	0.05632246221713024	0.014461	False
ENSG00000171811	CFAP46	False	0.047918507518870654	0.24974	False
ENSG00000171812	COL8A2	False	0.1900586372926352	0.2934	False
ENSG00000171813	PWWP2B	False	0.13660898843071206	0.013622	False
ENSG00000171815	PCDHB1	False	0.05112260984757831	0.57328	False
ENSG00000171817	ZNF540	False	0.09813571119912609	0.31474	False
ENSG00000171819	ANGPTL7	False	0.8459005101200227	0.6958	False
ENSG00000171823	FBXL14	False	0.3484886611645116	0.11081	False
ENSG00000171824	EXOSC10	False	0.014974088394403619	0.033409	False
ENSG00000171827	ZNF570	False	0.041328134932100115	0.30105	False
ENSG00000171840	NINJ2	False	0.22203721910720312	0.19299	False
ENSG00000171843	MLLT3	False	0.009262896279178373	0.067928	False
ENSG00000171847	FAM90A1	False	0.6960410525341594	0.33009	False
ENSG00000171848	RRM2	False	0.3955775404673688	0.1124	False
ENSG00000171853	TRAPPC12	True	0.2230696976991125	0.19478	False
ENSG00000171855	IFNB1	False	0.1011089394382473		False
ENSG00000171860	C3AR1	False	0.041199917655125956		False
ENSG00000171861	MRM3	False	0.6542048053796929	0.37295	False
ENSG00000171862	PTEN	True	0.17549018183410536	0.01137	False
ENSG00000171863	RPS7	False	0.6363654727865113	0.31117	False
ENSG00000171864	PRND	False	7.5047000782111644e-06	0.20688	False
ENSG00000171865	RNASEH1	False	0.8085628989679725	0.26674	False
ENSG00000171867	PRNP	True	0.24553230989594407	0.27476	False
ENSG00000171872	KLF17	False	0.23937439505465952	0.27712	False
ENSG00000171873	ADRA1D	False	0.3520427777947254	0.15585	False
ENSG00000171877	FRMD5	True	0.6615771481789944	0.15551	False
ENSG00000171885	AQP4	False	0.3046898032373144	0.44129	False
ENSG00000171903	CYP4F11	False	0.2780087437961813	0.61855	False
ENSG00000171914	TLN2	False	0.3696961229463941	0.16369	False
ENSG00000171928	TVP23B	False	0.1190971837666142	0.079018	False
ENSG00000171931	FBXW10	False	0.1996738586178245	0.50582	False
ENSG00000171936	OR10H3	False	0.06367981768416654	0.22564	False
ENSG00000171940	ZNF217	False	0.17795263540335282	0.28069	False
ENSG00000171942	OR10H2	False	0.5943253412003578		False
ENSG00000171944	OR52A5	False	0.027243258855858973	0.0080289	False
ENSG00000171951	SCG2	False	0.0957378381987428	0.76728	False
ENSG00000171953	ATPAF2	False	0.07141005351775424	0.4943	False
ENSG00000171954	CYP4F22	False	0.28466037497238933	0.45074	False
ENSG00000171956	FOXB1	False	0.7042228535115623	0.27417	False
ENSG00000171960	PPIH	False	0.5011137874936666	0.59093	False
ENSG00000171962	DRC3	False	0.09501367732818623	0.020235	False
ENSG00000171970	ZNF57	False	0.554711906898075	0.040959	False
ENSG00000171984	SHLD1	False	0.3862695091618375	0.40702	False
ENSG00000171988	JMJD1C	True	0.16181528661690572	0.14826	False
ENSG00000171989	LDHAL6B	False	0.01691115758018045	0.15275	False
ENSG00000171992	SYNPO	False	0.16632292559441464	0.40518	False
ENSG00000172000	ZNF556	False	0.40311024130036904	0.65055	False
ENSG00000172005	MAL	False	0.180154150127272	0.22479	False
ENSG00000172006	ZNF554	False	0.4351986461609417	0.17146	False
ENSG00000172007	RAB33B	False	0.493560067722282	0.20461	False
ENSG00000172009	THOP1	False	0.45936408463572154	0.12472	False
ENSG00000172016	REG3A	False	0.03655390552446521	0.18981	False
ENSG00000172020	GAP43	False	0.000530966494451009	0.086306	False
ENSG00000172023	REG1B	False	0.20492428166388585	0.29838	False
ENSG00000172031	EPHX4	False	0.21552597610514604	0.079096	False
ENSG00000172037	LAMB2	False	0.10590931961942414	0.032647	False
ENSG00000172046	USP19	False	0.30069432108055905	0.12987	False
ENSG00000172057	ORMDL3	False	0.23966611504575352	0.2061	False
ENSG00000172059	KLF11	False	0.495250913717308	0.18636	False
ENSG00000172061	LRRC15	False	0.00044953091469539025	0.22378	False
ENSG00000172071	EIF2AK3	False	0.09526082977922375	0.19994	False
ENSG00000172073	TEX37	False	0.014778962161863564	0.51164	False
ENSG00000172081	MOB3A	False	0.024264584584896325	0.19836	False
ENSG00000172086	KRCC1	False	0.5710093669247163	0.38088	False
ENSG00000172113	NME6	False	0.03793716249198857	0.0078713	False
ENSG00000172116	CD8B	False	0.00011486820355293884	0.020825	False
ENSG00000172123	SLFN12	False	0.10215040209119959	0.10386	False
ENSG00000172137	CALB2	False	0.04451079087055091	0.36814	False
ENSG00000172139	SLC9C1	False	0.3113908191363878	0.34359	False
ENSG00000172146	OR1A1	False	0.27298533076759424	0.4297	False
ENSG00000172150	OR1A2	False	0.04415666716284982	0.12791	False
ENSG00000172154	OR8I2	False	0.0678913861847768		False
ENSG00000172156	CCL11	False	0.38007960963387094	0.19523	False
ENSG00000172159	FRMD3	False	0.1330068064617134	0.28173	False
ENSG00000172164	SNTB1	False	9.545236073684237e-05	0.0033125	False
ENSG00000172167	MTBP	False	0.006092081863863685	0.14526	False
ENSG00000172171	TEFM	False	0.47181773768811297	0.25179	False
ENSG00000172172	MRPL13	False	0.03624672021752957	0.013137	False
ENSG00000172175	MALT1	False	0.01968948318450898	0.36039	False
ENSG00000172179	PRL	False	0.039747664197471784	0.25725	False
ENSG00000172183	ISG20	False	0.763556565740825	0.45292	False
ENSG00000172197	MBOAT1	False	0.36390986413783727	0.1556	False
ENSG00000172201	ID4	False	0.6342478296937755	0.88334	False
ENSG00000172209	GPR22	False	0.6009418315947985	0.21823	False
ENSG00000172215	CXCR6	False	0.6805107314154264	0.16122	False
ENSG00000172216	CEBPB	False	0.2989837592317526	0.23403	False
ENSG00000172232	AZU1	False	0.03924819749192907	0.53469	False
ENSG00000172238	ATOH1	False	0.1422574698875841	0.32371	False
ENSG00000172239	PAIP1	False	0.13502213010895509	0.04033	False
ENSG00000172243	CLEC7A	False	0.4702546906942172	0.57308	False
ENSG00000172244	C5orf34	False	0.3310551808997331	0.16026	False
ENSG00000172247	C1QTNF4	False	0.04449490271913931	0.16114	False
ENSG00000172260	NEGR1	False	0.7942752725379045		False
ENSG00000172262	ZNF131	False	0.0015401684116160134	0.0011263	False
ENSG00000172264	MACROD2	False	0.17513092847983067		False
ENSG00000172269	DPAGT1	True	0.05862114769472439	0.028842	False
ENSG00000172270	BSG	False	0.1334370835114493	0.51307	False
ENSG00000172273	HINFP	False	0.09176815920821431	0.078991	False
ENSG00000172289	OR10V1	False	0.48101219208319557	0.39503	False
ENSG00000172292	CERS6	False	0.02542763943812589	0.33563	False
ENSG00000172296	SPTLC3	False	0.09321758042152352	0.10275	False
ENSG00000172301	COPRS	False	0.7075412679550022	0.46282	False
ENSG00000172315	TP53RK	False	0.013772800568733524	0.19091	False
ENSG00000172318	B3GALT1	False	0.4345799227141375	0.1592	False
ENSG00000172320	OR5A1	False	0.13906445017216842	0.093963	False
ENSG00000172322	CLEC12A	False	0.08757168697810934	0.0071482	False
ENSG00000172324	OR5A2	False	0.0224978015938352		False
ENSG00000172331	BPGM	False	0.029901610360723575	0.067901	False
ENSG00000172336	POP7	False	0.6203105058537348	0.055815	False
ENSG00000172339	ALG14	True	0.06865909248152663	0.088146	False
ENSG00000172340	SUCLG2	False	0.3718380614137366	0.018831	False
ENSG00000172345	STARD5	False	0.6686113249918538	0.19758	False
ENSG00000172346	CSDC2	False	0.015921337410677586	0.014681	False
ENSG00000172348	RCAN2	False	0.021631722869810993	0.092405	False
ENSG00000172349	IL16	False	0.015485748395242508	0.016765	False
ENSG00000172350	ABCG4	False	0.828297029126348	0.15507	False
ENSG00000172354	GNB2	False	0.03138958335260951	0.15318	False
ENSG00000172361	CFAP53	False	0.023215613677233644	0.21759	False
ENSG00000172362	OR5B12	False	0.48171503919691494		False
ENSG00000172365	OR5B2	False	0.11912868324189528		False
ENSG00000172366	MCRIP2	False	0.6537100737054604	0.54326	False
ENSG00000172367	NHERF4	False	0.00972343323627994	0.35496	False
ENSG00000172375	C2CD2L	False	0.5244897679172977	0.36257	False
ENSG00000172377	OR9I1	False	0.2595551332156176	0.08165	False
ENSG00000172379	ARNT2	False	0.019805544939540214	0.13054	False
ENSG00000172382	PRSS27	False	0.15796959630927732	0.1552	False
ENSG00000172399	MYOZ2	False	0.0041527398940117335	0.15722	False
ENSG00000172403	SYNPO2	False	0.5361490959727491	0.072871	False
ENSG00000172404	DNAJB7	False	0.1877768219415538	0.063551	False
ENSG00000172409	CLP1	False	0.03325593418769507	0.24372	False
ENSG00000172410	INSL5	False	0.25564586799454597	0.038463	False
ENSG00000172421	EFCAB3	False	0.2156512880309615	0.058838	False
ENSG00000172425	TTC36	False	0.012490996917229822	0.14489	False
ENSG00000172426	RSPH9	False	0.23655565853324034	0.024532	False
ENSG00000172428	COPS9	False	0.19977225824285957	0.096039	False
ENSG00000172432	GTPBP2	True	0.02920487168764302	0.032991	False
ENSG00000172456	FGGY	False	0.15893690630712437	0.24612	False
ENSG00000172461	FUT9	False	0.5308604873796576	0.036522	False
ENSG00000172464	OR5AP2	False	0.14502766898915784	0.060281	False
ENSG00000172466	ZNF24	False	0.529148867004683	0.20477	False
ENSG00000172469	MANEA	False	0.22735606307804443	0.33282	False
ENSG00000172478	MAB21L4	False	0.24651026973239898	0.23046	False
ENSG00000172482	AGXT	False	0.078239084119242	0.084873	False
ENSG00000172487	OR8J1	False	0.2658725406296273		False
ENSG00000172493	AFF1	False	0.13067229968144495	0.26482	False
ENSG00000172497	ACOT12	False	0.3825604864906627	0.068878	False
ENSG00000172500	FIBP	False	0.18310761961598165	0.072911	False
ENSG00000172508	CARNS1	False	0.12725433007780582	0.14836	False
ENSG00000172519	OR10H5	False	0.01904391523514329	0.39346	False
ENSG00000172530	BANP	False	0.21628032080256762	0.62023	False
ENSG00000172531	PPP1CA	False	0.19015054252270402	0.049275	False
ENSG00000172538	FAM170B	False	0.18709692232365202	0.001489	False
ENSG00000172543	CTSW	False	0.006689070267190633	0.096659	False
ENSG00000172551	MUCL1	False	0.13786396347503274	0.31813	False
ENSG00000172554	SNTG2	False	0.19457316081732598	0.16711	False
ENSG00000172572	PDE3A	False	0.5680459325199209	0.0048795	False
ENSG00000172575	RASGRP1	False	0.263556534948691	0.60152	False
ENSG00000172578	KLHL6	False	0.0300748814275979	0.27518	False
ENSG00000172586	CHCHD1	False	0.30281414663778455	0.075566	False
ENSG00000172590	MRPL52	False	0.05045836766814283	0.0048311	False
ENSG00000172594	SMPDL3A	False	0.4888359355695443	0.53931	False
ENSG00000172602	RND1	False	0.07410117825015292	0.30165	False
ENSG00000172613	RAD9A	False	0.14488225366834065	0.24313	False
ENSG00000172638	EFEMP2	False	0.09996844517330453	0.12309	False
ENSG00000172650	AGAP5	False	0.10440130722228963	0.24398	False
ENSG00000172661	WASHC2C	False	0.1911668773071144	0.2237	False
ENSG00000172663	TMEM134	False	0.015054886984217013	0.11325	False
ENSG00000172667	ZMAT3	False	0.3846444769173937	0.12569	False
ENSG00000172671	ZFAND4	False	0.22178416338798107	0.32968	False
ENSG00000172673	THEMIS	False	0.07937205554812934	0.37127	False
ENSG00000172680	MOS	False	0.10159001182718974	0.80851	False
ENSG00000172689	MS4A10	False	0.3918880317714998	0.42628	False
ENSG00000172716	SLFN11	False	0.45567557329680786	0.0083477	False
ENSG00000172725	CORO1B	False	0.5242138669317464	0.43123	False
ENSG00000172728	FUT10	False	0.4430246580682321	0.44924	False
ENSG00000172731	LRRC20	False	0.5422332548022465	0.055239	False
ENSG00000172732	MUS81	False	0.1018202674352782	0.016128	False
ENSG00000172733	PURG	False	0.0002930735606538351	0.011164	False
ENSG00000172738	TMEM217	False	0.06617151247134961	0.2291	False
ENSG00000172742	OR4D9	False	0.20184592967794385	0.19612	False
ENSG00000172748	ZNF596	False	0.21891961049641068	0.24406	False
ENSG00000172765	TMCC1	False	0.030626462213261787	0.17315	False
ENSG00000172766	NAA16	False	0.056525095381534086	0.26152	False
ENSG00000172769	OR5B3	False	0.2725156546532879		False
ENSG00000172771	EFCAB12	False	0.49163189551415154	0.35759	False
ENSG00000172772	OR10W1	False	0.048659119042390175		False
ENSG00000172780	RAB43	False	0.4063843043949576	0.032612	False
ENSG00000172782	FADS6	False	0.4610308813884303	0.23007	False
ENSG00000172789	HOXC5	False	0.20207448683620022	0.18988	False
ENSG00000172794	RAB37	False	0.18332264026023654	0.1011	False
ENSG00000172795	DCP2	False	0.17527279814865182	0.093635	False
ENSG00000172803	SNX32	False	0.15556348762875277	0.28087	False
ENSG00000172817	CYP7B1	False	0.005095885453304124	0.0086754	False
ENSG00000172818	OVOL1	False	0.22788232051421015	0.28014	False
ENSG00000172819	RARG	False	0.4393090351940748	0.28658	False
ENSG00000172824	CES4A	False	0.15016554548672906	0.08494	False
ENSG00000172828	CES3	False	0.3880596949197599	0.56037	False
ENSG00000172830	SSH3	False	0.2298558371090957	0.047764	False
ENSG00000172840	PDP2	False	0.0678831696624044	0.33324	False
ENSG00000172845	SP3	False	0.5329104832662777	0.16832	False
ENSG00000172867	KRT2	False	0.19459169742676535	0.13355	False
ENSG00000172869	DMXL1	False	0.042343282446952846	0.17352	False
ENSG00000172878	METAP1D	False	0.3526109827323871	0.60475	False
ENSG00000172888	ZNF621	False	0.14247248461945747	0.13149	False
ENSG00000172889	EGFL7	False	0.4006006853516009	0.12557	False
ENSG00000172890	NADSYN1	False	0.10595193183101129	0.50399	False
ENSG00000172893	DHCR7	False	0.0837110444820811	0.18606	False
ENSG00000172901	LVRN	False	0.5989058331830549	0.13938	False
ENSG00000172915	NBEA	True	2.7921453987849303e-05	0.0001639	False
ENSG00000172922	RNASEH2C	True	0.2229117890638243	0.45364	False
ENSG00000172927	MYEOV	False	0.16461186703684183	0.17717	False
ENSG00000172932	ANKRD13D	False	0.1590870307962695	0.20406	False
ENSG00000172935	MRGPRF	False	0.037316007237037783	0.20639	False
ENSG00000172938	MRGPRD	False	0.2883132545183412		False
ENSG00000172939	OXSR1	False	0.0008397677659338305	0.073538	False
ENSG00000172940	SLC22A13	False	0.03226660032902447	0.11522	False
ENSG00000172954	LCLAT1	False	0.7935690486856388	0.31166	False
ENSG00000172955	ADH6	False	0.3864606044710622	0.53603	False
ENSG00000172967	XKR3	False	0.053846910695582804	0.10447	False
ENSG00000172977	KAT5	True	0.37145711392951564	0.1384	False
ENSG00000172985	SH3RF3	False	0.16073749847296676	0.36692	False
ENSG00000172986	GXYLT2	False	0.020296093516742938	0.30574	False
ENSG00000172987	HPSE2	False	0.35011067604218177	0.23039	False
ENSG00000172992	DCAKD	False	0.13292349366230205	0.6036	False
ENSG00000172995	ARPP21	False	0.0350739476359966	0.1813	False
ENSG00000173011	TADA2B	False	0.10859503155188098	0.23951	False
ENSG00000173013	CCDC96	False	0.4087874234818215	0.25572	False
ENSG00000173020	GRK2	False	0.24307455487086377	0.28876	False
ENSG00000173039	RELA	False	0.28502067157858335	0.25505	False
ENSG00000173040	EVC2	False	0.2306513529404278	0.70816	False
ENSG00000173041	ZNF680	False	0.21547737984947482		False
ENSG00000173065	FAM222B	False	0.5601809560766426	0.23026	False
ENSG00000173068	BNC2	False	0.2138840622786529	0.069137	False
ENSG00000173080	RXFP4	False	0.002957297729620689		False
ENSG00000173083	HPSE	False	0.4812431577359704	0.19351	False
ENSG00000173085	COQ2	True	0.07712359581992441	0.25482	False
ENSG00000173093	CCDC63	False	0.030207789587813415	0.27123	False
ENSG00000173110	HSPA6	False	0.3598332829791224		False
ENSG00000173113	TRMT112	False	0.04933550204067814	0.43608	False
ENSG00000173114	LRRN3	False	0.14730129598898328	0.44362	False
ENSG00000173120	KDM2A	False	0.298058770751006	0.3141	False
ENSG00000173124	ACSM6	False	0.24374982439357856	0.27342	False
ENSG00000173137	ADCK5	False	0.05290434123162782	0.24656	False
ENSG00000173141	MRPL57	False	0.18873010924800074	0.23118	False
ENSG00000173145	NOC3L	False	0.3731846398646675	0.25297	False
ENSG00000173153	ESRRA	False	0.7183355656179418	0.10744	False
ENSG00000173156	RHOD	False	0.15871566987221145	0.020967	False
ENSG00000173157	ADAMTS20	False	0.1806377612184896	0.087055	False
ENSG00000173163	COMMD1	False	0.26547234875491554	0.10057	False
ENSG00000173166	RAPH1	False	0.18612952700577673	0.07758	False
ENSG00000173171	MTX1	False	0.1090470041463998	0.2286	False
ENSG00000173175	ADCY5	True	0.13278550848353737	0.24181	False
ENSG00000173193	PARP14	False	0.001500977315891966	0.17104	False
ENSG00000173200	PARP15	False	0.02707619537454899	0.37387	False
ENSG00000173208	ABCD2	False	0.6537303329788258	0.36714	False
ENSG00000173210	ABLIM3	False	0.0002832357265528615	0.23714	False
ENSG00000173212	MAB21L3	False	0.0008718783846671776	0.13675	False
ENSG00000173214	MFSD4B	False	0.22064139211376618	0.33082	False
ENSG00000173218	VANGL1	False	0.08812513303029894	0.12671	False
ENSG00000173226	IQCB1	False	0.11140602917875907	0.21236	False
ENSG00000173227	SYT12	False	0.7290643411133847	0.61644	False
ENSG00000173230	GOLGB1	False	0.22672504926435968	0.2438	False
ENSG00000173237	C11orf86	False	0.34364778515636624	0.41846	False
ENSG00000173239	LIPM	False	0.6272903857999166	0.33553	False
ENSG00000173250	GPR151	False	0.15845044297627803	0.077896	False
ENSG00000173253	DMRT2	False	0.3008849279231519	0.60159	False
ENSG00000173258	ZNF483	False	0.23890579803670856	0.38268	False
ENSG00000173261	PLAC8L1	False	0.03239463889547712	0.2681	False
ENSG00000173262	SLC2A14	False	0.041738567559319976	0.33257	False
ENSG00000173264	GPR137	False	0.05509986274357836	0.34062	False
ENSG00000173267	SNCG	False	0.3822740852440653		False
ENSG00000173269	MMRN2	False	0.06712411905448024	0.082686	False
ENSG00000173272	MZT2A	False	0.5510503459911478	0.10565	False
ENSG00000173273	TNKS	False	0.6549520815492623	0.32463	False
ENSG00000173276	ZBTB21	False	0.42112394207781667	0.2606	False
ENSG00000173281	PPP1R3B	False	0.5562563979262432	0.099522	False
ENSG00000173285	OR10K1	False	0.06568060271821982	0.18313	False
ENSG00000173302	GPR148	False	0.21738248316540362	0.2605	False
ENSG00000173320	STOX2	False	0.08525755991076035	0.072874	False
ENSG00000173327	MAP3K11	False	0.2684449153096053	0.21614	False
ENSG00000173334	TRIB1	False	0.004958834062961717	0.3666	False
ENSG00000173335	CST9	False	0.10827084266386094	0.38368	False
ENSG00000173338	KCNK7	False	0.19373219179577533	0.12487	False
ENSG00000173369	C1QB	False	0.17390283102068385	0.27488	False
ENSG00000173372	C1QA	False	0.0028455580031700317	0.30405	False
ENSG00000173376	NDNF	False	0.1303936255851611	0.24102	False
ENSG00000173389	IQCF1	False	0.221064582759734	0.56737	False
ENSG00000173391	OLR1	False	0.2776498645502244	0.35241	False
ENSG00000173401	GLIPR1L1	False	0.21983896479052586	0.56956	False
ENSG00000173402	DAG1	True	0.35278803104296913	0.15698	False
ENSG00000173404	INSM1	False	0.1950104745453225	0.49405	False
ENSG00000173406	DAB1	False	0.000472346936227778	0.3605	False
ENSG00000173409	ARV1	True	1.2614726683731474e-05	0.10286	False
ENSG00000173418	NAA20	False	0.09110536435658168	0.08679	False
ENSG00000173431	RNASE8	False	0.19406581272847617		False
ENSG00000173432	SAA1	False	0.5584696895268046	0.1085	False
ENSG00000173442	EHBP1L1	False	0.025817756372451494	0.49927	False
ENSG00000173451	THAP2	False	0.0012804665181146695	0.19766	False
ENSG00000173452	TMEM196	False	0.41051326938428523	0.24405	False
ENSG00000173456	RNF26	False	0.5505642630423577	0.41008	False
ENSG00000173457	PPP1R14B	False	0.44512838434018287	0.43636	False
ENSG00000173464	RNASE11	False	0.1376929062332882		False
ENSG00000173467	AGR3	False	0.27677947970622296	0.085167	False
ENSG00000173473	SMARCC1	False	0.06772872011524651	0.01848	False
ENSG00000173480	ZNF417	False	0.011674086948761486	0.11606	False
ENSG00000173482	PTPRM	False	0.32005998864877616	0.16272	False
ENSG00000173511	VEGFB	False	0.6261490612131548	0.083656	False
ENSG00000173517	PEAK1	False	0.05455688655684908	0.09266	False
ENSG00000173530	TNFRSF10D	False	0.12768111293066164	0.14327	False
ENSG00000173531	MST1	False	0.026201114194156636	0.077583	False
ENSG00000173535	TNFRSF10C	False	0.3015380227289823	0.30595	False
ENSG00000173540	GMPPB	True	0.15503566479894865	0.42183	False
ENSG00000173542	MOB1B	False	0.41515966035518814	0.078473	False
ENSG00000173545	ZNF622	False	0.37826893826639746	0.19461	False
ENSG00000173546	CSPG4	False	0.08410674922859905	0.20913	False
ENSG00000173548	SNX33	False	0.3037218641983862	0.23593	False
ENSG00000173559	NABP1	False	0.12160580430575743	0.12139	False
ENSG00000173567	ADGRF3	False	0.14141059758134186	0.29605	False
ENSG00000173572	NLRP13	False	0.5327938154943425	0.17015	False
ENSG00000173575	CHD2	True	4.879427720641598e-06	0.0002485	False
ENSG00000173578	XCR1	False	0.22484360612296364		False
ENSG00000173581	CCDC106	False	0.07757435708737134	0.066363	False
ENSG00000173585	CCR9	False	0.0011147645255813864	0.33975	False
ENSG00000173588	CEP83	False	0.11652287602582691	0.023177	False
ENSG00000173597	SULT1B1	False	0.3647663760747154	0.13332	False
ENSG00000173599	PC	False	0.3101525161452587	0.14448	False
ENSG00000173610	UGT2A1	False	0.45499066492817797	0.28392	False
ENSG00000173611	SCAI	False	0.22967966662611586	0.094829	False
ENSG00000173612	GPRC6A	False	0.5401850872577101	0.17898	False
ENSG00000173614	NMNAT1	False	0.3961722937614685	0.048018	False
ENSG00000173621	LRFN4	False	0.07898358184349435	0.10418	False
ENSG00000173626	TRAPPC3L	False	0.043223342658475904	0.083157	False
ENSG00000173627	APOBEC4	False	0.30261570987542474		False
ENSG00000173638	SLC19A1	False	0.24538674047493594	0.056201	False
ENSG00000173641	HSPB7	False	0.23878227027671228	0.30754	False
ENSG00000173653	RCE1	False	0.06368482010683008	0.30758	False
ENSG00000173660	UQCRH	False	0.3231593531981964	0.090501	False
ENSG00000173662	TAS1R1	False	0.012324399775204628	0.34898	False
ENSG00000173679	OR1L1	False	0.20029448034608863		False
ENSG00000173692	PSMD1	False	0.03693796159048081	0.22271	False
ENSG00000173699	SPATA3	False	0.23028274910742524	0.073708	False
ENSG00000173702	MUC13	False	0.5164895557729793	0.4088	False
ENSG00000173705	SUSD5	False	0.31699792093786444	0.11851	False
ENSG00000173706	HEG1	False	0.04992771814034768	0.11706	False
ENSG00000173714	WFIKKN2	False	0.24260347081420297	0.092376	False
ENSG00000173715	C11orf80	False	0.23597062636621752	0.3804	False
ENSG00000173726	TOMM20	False	0.6612228678537311	0.29327	False
ENSG00000173728	C1orf100	False	0.175632655441579	0.03139	False
ENSG00000173744	AGFG1	False	0.4475720674660606	0.47227	False
ENSG00000173757	STAT5B	False	0.06541134471110573	0.10554	False
ENSG00000173762	CD7	False	0.2547981207204247	0.13073	False
ENSG00000173769	TOPAZ1	False	0.008130730511622004	0.35299	False
ENSG00000173786	CNP	False	0.042750963045172806	0.24602	False
ENSG00000173801	JUP	False	0.045109185129052536	0.27882	False
ENSG00000173805	HAP1	False	0.12126181059856782	0.087698	False
ENSG00000173809	TDRD12	False	0.019960122757334834	0.10396	False
ENSG00000173818	ENDOV	False	0.9211972637421304	0.34596	False
ENSG00000173821	RNF213	False	0.2659932923489643	0.35503	False
ENSG00000173825	TIGD3	False	0.13605017223972452	0.024304	False
ENSG00000173826	KCNH6	False	0.3661562664356293	0.10617	False
ENSG00000173846	PLK3	False	0.16950974305878422	0.46241	False
ENSG00000173848	NET1	False	0.2644111745577914	0.2476	False
ENSG00000173852	DPY19L1	False	0.21789507690653495	0.19402	False
ENSG00000173868	PHOSPHO1	False	0.5540671959995306	0.27022	False
ENSG00000173875	ZNF791	False	0.20852270151962776	0.037434	False
ENSG00000173889	PHC3	False	0.0032533169872382287	0.010879	False
ENSG00000173890	GPR160	False	0.482286484860178	0.399	False
ENSG00000173894	CBX2	False	0.6355109377157833	0.09958	False
ENSG00000173898	SPTBN2	False	0.08707712531206686	0.10887	False
ENSG00000173905	GOLIM4	False	0.08193053312588432	0.28871	False
ENSG00000173908	KRT28	False	0.34537878335543964	0.11007	False
ENSG00000173914	RBM4B	False	0.4875669486329296	0.1071	False
ENSG00000173917	HOXB2	False	0.0922764921495429	0.20911	False
ENSG00000173918	C1QTNF1	False	0.43983763794388697	0.26469	False
ENSG00000173930	SLCO4C1	False	0.1237687903450828	0.10836	False
ENSG00000173933	RBM4	False	0.6488048943698683	0.13458	False
ENSG00000173947	PIFO	False	0.34966234852719486	0.18192	False
ENSG00000173950	XXYLT1	False	0.10486166080584976	0.074127	False
ENSG00000173960	UBXN2A	False	0.034766023084456046	0.028138	False
ENSG00000173976	RAX2	False	0.21683833165185876	0.34445	False
ENSG00000173988	LRRC63	False	0.09511525856045915	0.11263	False
ENSG00000173991	TCAP	False	0.5761418177369834	0.095224	False
ENSG00000173992	CCS	False	0.08287809379716828	0.23768	False
ENSG00000174004	NRROS	True	0.05828939306041814		False
ENSG00000174013	FBXO45	False	0.5447886626209261	0.70376	False
ENSG00000174032	SLC25A30	False	0.19543866961952389	0.25682	False
ENSG00000174038	C9orf131	False	0.758672764517887	0.39006	False
ENSG00000174059	CD34	False	0.29999650352188056	0.48987	False
ENSG00000174080	CTSF	True	0.7314233618827687	0.18542	False
ENSG00000174099	MSRB3	False	0.5398680987903072	0.27653	False
ENSG00000174106	LEMD3	False	0.48134311057178414	0.54088	False
ENSG00000174123	TLR10	False	0.05024194152334687	0.43868	False
ENSG00000174125	TLR1	False	0.08448607319918372	0.30526	False
ENSG00000174130	TLR6	False	0.056465842036385584	0.72348	False
ENSG00000174132	FAM174A	False	0.8709603118852974	0.3169	False
ENSG00000174136	RGMB	False	0.650085941093069	0.24022	False
ENSG00000174137	FAM53A	False	0.2965704197684209	0.50792	False
ENSG00000174145	NWD2	False	0.048157856983129445	0.098557	False
ENSG00000174151	CYB561D1	False	0.4401644221712524	0.43647	False
ENSG00000174156	GSTA3	False	0.18125943752207263	0.084959	False
ENSG00000174165	ZDHHC24	False	0.29594354946920376	0.4525	False
ENSG00000174173	TRMT10C	False	0.2769938908636044	0.19644	False
ENSG00000174175	SELP	False	0.17765855802486172	0.0088168	False
ENSG00000174177	CTU2	True	0.0787662236133151	0.12248	False
ENSG00000174197	MGA	False	0.18186406224827473	0.36671	False
ENSG00000174226	SNX31	False	0.9176511263855704	0.12604	False
ENSG00000174227	PIGG	True	0.294473021232597	0.20798	False
ENSG00000174231	PRPF8	True	0.010573936531634454	0.032113	False
ENSG00000174233	ADCY6	False	0.3361434362987348	0.21166	False
ENSG00000174236	REP15	False	0.6755840363329026	0.21208	False
ENSG00000174238	PITPNA	False	0.09849580336263107	0.27661	False
ENSG00000174243	DDX23	False	0.14648799204293295	0.22121	False
ENSG00000174255	ZNF80	False	0.3265413876048024		False
ENSG00000174276	ZNHIT2	False	0.4728586238499549	0.50844	False
ENSG00000174279	EVX2	False	0.47798358256154305	0.24475	False
ENSG00000174282	ZBTB4	False	0.5771351050197714	0.64754	False
ENSG00000174292	TNK1	False	0.017166616259169144	0.32753	False
ENSG00000174306	ZHX3	False	0.3206108350351486	0.29242	False
ENSG00000174307	PHLDA3	False	0.4655302553756806	0.024498	False
ENSG00000174327	SLC16A13	False	0.24673988749443468	0.010232	False
ENSG00000174332	GLIS1	False	0.06594824322919289	0.020771	False
ENSG00000174339	OR2Y1	False	0.35546045517006614		False
ENSG00000174343	CHRNA9	False	0.42439410408752565	0.1319	False
ENSG00000174358	SLC6A19	False	0.3775652367923708	0.19421	False
ENSG00000174371	EXO1	False	0.15973402484450022	0.69447	False
ENSG00000174373	RALGAPA1	True	0.019033572672744376	0.013915	False
ENSG00000174405	LIG4	False	0.010136576886037793	0.36268	False
ENSG00000174417	TRHR	False	0.11110267832585823	0.53096	False
ENSG00000174428	GTF2IRD2B	False	0.22719670441549839	0.17729	False
ENSG00000174429	ABRA	False	0.02852414185659486	0.21556	False
ENSG00000174437	ATP2A2	False	0.0037936067507794713	0.00045937	False
ENSG00000174442	ZWILCH	False	0.15502951458276645	0.33102	False
ENSG00000174444	RPL4	False	0.28960682539386684	0.063479	False
ENSG00000174446	SNAPC5	False	0.21615312099974104	0.070518	False
ENSG00000174448	STARD6	False	0.4370608001127121	0.32436	False
ENSG00000174450	GOLGA6L2	False	0.025802601411526505	0.2546	False
ENSG00000174453	VWC2L	False	0.23329876124423063	0.40103	False
ENSG00000174469	CNTNAP2	True	0.008749037439285835	0.063542	False
ENSG00000174473	GALNTL6	False	0.04681645880598598	0.097415	False
ENSG00000174482	LINGO2	False	0.3241209240644843	0.15617	False
ENSG00000174485	DENND4A	False	0.06814428572167394	0.30972	False
ENSG00000174498	IGDCC3	False	0.06722726546304997	0.092575	False
ENSG00000174500	GCSAM	False	0.006904686710905213	0.21412	False
ENSG00000174502	SLC26A9	False	0.5956842986708192	0.19354	False
ENSG00000174514	MFSD4A	False	0.39914750808755506	0.22187	False
ENSG00000174516	PELI3	False	0.5449901531845294	0.019798	False
ENSG00000174521	TTC9B	False	0.8639486125635065	0.3728	False
ENSG00000174529	TMEM81	False	0.44866161678192573		False
ENSG00000174547	MRPL11	False	0.0046140189678894215	0.084828	False
ENSG00000174562	KLK15	False	0.007586088702715294	0.016372	False
ENSG00000174564	IL20RB	False	0.6273991007744535	0.11441	False
ENSG00000174567	GOLT1A	False	0.14310486602830316	0.3235	False
ENSG00000174574	AKIRIN1	False	0.5346718220425917	0.26441	False
ENSG00000174576	NPAS4	False	0.019819782651567055	0.14009	False
ENSG00000174579	MSL2	True	0.1153341174899659	0.13293	False
ENSG00000174586	ZNF497	False	0.6413244389639576		False
ENSG00000174599	TRAM1L1	False	0.8670522893900464	0.43796	False
ENSG00000174600	CMKLR1	False	0.09626048693749391	0.056261	False
ENSG00000174606	ANGEL2	False	0.030825567315533424	0.085008	False
ENSG00000174607	UGT8	False	0.3436578690347199		False
ENSG00000174611	KY	False	0.1543783644614397	0.16464	False
ENSG00000174628	IQCK	False	0.46477260221253625	0.24122	False
ENSG00000174640	SLCO2A1	False	0.2940969024594118	0.38098	False
ENSG00000174652	ZNF266	False	0.4008008415450094		False
ENSG00000174667	OR7D4	False	0.12488349740508038		False
ENSG00000174669	SLC29A2	False	0.5189608037261845	0.11142	False
ENSG00000174672	BRSK2	False	0.09262847157314684	0.18025	False
ENSG00000174684	B4GAT1	True	0.18161073795828073	0.28407	False
ENSG00000174697	LEP	False	0.5171704125908407	0.58414	False
ENSG00000174705	SH3PXD2B	False	0.009456754206171165	0.13588	False
ENSG00000174720	LARP7	False	0.5515436219928715	0.214	False
ENSG00000174721	FGFBP3	False	0.08074266863804036	0.61686	False
ENSG00000174738	NR1D2	False	0.006977269883966581	0.021508	False
ENSG00000174744	BRMS1	False	0.3948679022221586	0.25772	False
ENSG00000174748	RPL15	False	0.6525663667821815	0.16189	False
ENSG00000174749	FAM241A	False	0.6155051610147834	0.21243	False
ENSG00000174775	HRAS	True	0.671722614964644	0.017158	False
ENSG00000174780	SRP72	False	0.30521576062835437	0.45916	False
ENSG00000174788	PCP2	False	0.10075268316341536	0.17493	False
ENSG00000174791	RIN1	False	0.07731181398481726	0.047729	False
ENSG00000174792	ODAPH	False	0.10371721864397013		False
ENSG00000174796	THAP6	False	0.18513268385969742	0.62418	False
ENSG00000174799	CEP135	False	0.00614746902673544	0.028136	False
ENSG00000174804	FZD4	False	0.11082437173145948	0.32171	False
ENSG00000174807	CD248	False	0.0047624260994072855	0.05855	False
ENSG00000174808	BTC	False	0.35727481322857446	0.085888	False
ENSG00000174827	PDZK1	False	0.20754156433449342	0.10774	False
ENSG00000174837	ADGRE1	False	0.09853805374557964	0.10923	False
ENSG00000174839	DENND6A	False	0.08700136218260478	0.097525	False
ENSG00000174840	PDE12	False	0.12944067565454279	0.39411	False
ENSG00000174842	GLMN	False	0.43080873401568076	0.66697	False
ENSG00000174844	DNAH12	False	0.3344741804771389	0.22929	False
ENSG00000174851	YIF1A	False	0.0011471428484499664	0.12053	False
ENSG00000174885	NLRP6	False	0.4860915593921352	0.056958	False
ENSG00000174886	NDUFA11	True	0.051655969182613636	0.10301	False
ENSG00000174891	RSRC1	False	0.31776083842338	0.24397	False
ENSG00000174898	CATSPERD	False	0.22276400824756096	0.31081	False
ENSG00000174903	RAB1B	False	0.2179428776208985	0.35363	False
ENSG00000174915	PTDSS2	False	0.08946700266306998	0.05273	False
ENSG00000174928	C3orf33	False	0.34664612847628284	0.16354	False
ENSG00000174937	OR5M3	False	0.34833780966242106	0.23192	False
ENSG00000174938	SEZ6L2	False	0.25993324431962284	0.26485	False
ENSG00000174939	ASPHD1	False	0.03166041632546783	0.033909	False
ENSG00000174943	KCTD13	False	0.05797909054034403	0.089379	False
ENSG00000174944	P2RY14	False	0.2673947680360702	0.67232	False
ENSG00000174945	AMZ1	False	0.48344786055902444	0.1062	False
ENSG00000174946	GPR171	False	0.2991850998252882	0.10644	False
ENSG00000174948	GPR149	False	0.0008409284727028105	0.76251	False
ENSG00000174950	CD164L2	False	0.04669191006114051	0.0031853	False
ENSG00000174951	FUT1	False	0.261529457600725	0.24901	False
ENSG00000174953	DHX36	False	0.1071449163791558	0.0090265	False
ENSG00000174957	OR5J2	False	0.3226130265010596	0.311	False
ENSG00000174963	ZIC4	False	0.0024073766924615617	0.0022527	False
ENSG00000174989	FBXW8	False	0.2067452584903727	0.10277	False
ENSG00000174990	CA5A	False	0.08032328068723764	0.40973	False
ENSG00000174992	ZG16	False	0.12245855714549232	0.04603	False
ENSG00000174996	KLC2	False	0.6470113050069981	0.58451	False
ENSG00000175003	SLC22A1	False	8.875053127747974e-08	0.041768	True
ENSG00000175018	TEX36	False	0.2980813552282352	0.44476	False
ENSG00000175029	CTBP2	False	0.5208788581802093	0.30442	False
ENSG00000175040	CHST2	False	0.08237977931435753	0.051558	False
ENSG00000175048	ZDHHC14	False	0.008865592083680419	0.011669	False
ENSG00000175054	ATR	False	0.14624695135454002	0.1187	False
ENSG00000175063	UBE2C	False	0.4283366652321564	0.21873	False
ENSG00000175065	DSG4	False	0.3811245204647472	0.42458	False
ENSG00000175066	GK5	False	0.39052067659885603	0.55977	False
ENSG00000175073	VCPIP1	False	0.019181927781831705	0.074552	False
ENSG00000175077	RTP1	False	0.020965043093410008	0.20591	False
ENSG00000175084	DES	False	0.07189360762818717	0.11744	False
ENSG00000175087	PDIK1L	False	0.369666596892669	0.13775	False
ENSG00000175093	SPSB4	False	0.1045104601391226	0.56448	False
ENSG00000175097	RAG2	False	0.050074787277790044	0.048015	False
ENSG00000175104	TRAF6	False	0.3541170983479631	0.30761	False
ENSG00000175105	ZNF654	False	0.41614345054502255	0.30204	False
ENSG00000175106	TVP23C	False	0.01983435749915173	0.25108	False
ENSG00000175110	MRPS22	False	7.691864885141739e-06	0.051776	False
ENSG00000175115	PACS1	True	0.044151668378364824	0.031925	False
ENSG00000175121	WFDC5	False	0.3034119431962861	0.45237	False
ENSG00000175130	MARCKSL1	False	0.009815480731530534	0.22889	False
ENSG00000175137	SH3BP5L	False	0.1039335200268166	0.47378	False
ENSG00000175161	CADM2	False	0.35238981028678085		False
ENSG00000175166	PSMD2	False	0.11800309202244194	0.14505	False
ENSG00000175175	PPM1E	False	0.27832463113225603	0.075092	False
ENSG00000175182	FAM131A	False	0.14269163127467574	0.59733	False
ENSG00000175183	CSRP2	False	0.30991434801695006	0.50239	False
ENSG00000175189	INHBC	False	0.030987871818135247	0.025565	False
ENSG00000175197	DDIT3	False	0.03689141644931853	0.26071	False
ENSG00000175198	PCCA	True	0.03099286013846157	0.29929	False
ENSG00000175203	DCTN2	False	0.19867583359536853	0.11051	False
ENSG00000175206	NPPA	False	0.21207101605719836	0.36997	False
ENSG00000175213	ZNF408	False	0.5966942097264367	0.1653	False
ENSG00000175215	CTDSP2	False	0.4838368972701267	0.15348	False
ENSG00000175216	CKAP5	False	0.005500687746792131	0.46831	False
ENSG00000175220	ARHGAP1	False	0.0980288812115639	0.076889	False
ENSG00000175221	MED16	False	0.3138542320930731	0.36193	False
ENSG00000175224	ATG13	False	0.03202529483950972	0.24587	False
ENSG00000175229	GAL3ST3	False	0.2789179699159645	0.0030391	False
ENSG00000175262	C1orf127	False	0.0757661621006621	0.21354	False
ENSG00000175264	CHST1	False	0.2772814285122385	0.14666	False
ENSG00000175267	VWA3A	False	0.024990572740492628	0.5756	False
ENSG00000175274	TP53I11	False	0.820036277880357	0.18685	False
ENSG00000175283	DOLK	True	0.421330452330019	0.37493	False
ENSG00000175287	PHYHD1	False	0.005182604347210377	0.1785	False
ENSG00000175294	CATSPER1	False	0.48397937167156113	0.25863	False
ENSG00000175305	CCNE2	False	0.27480474503813096	0.2137	False
ENSG00000175309	PHYKPL	False	0.40797716446075916	0.35808	False
ENSG00000175311	ANKS4B	False	0.19726760317546024	0.55602	False
ENSG00000175315	CST6	False	0.0002925986330672256	0.0017309	False
ENSG00000175318	GRAMD2A	False	0.07364082899404487	0.014123	False
ENSG00000175322	ZNF519	False	0.6971344996751088	0.32831	False
ENSG00000175324	LSM1	False	7.231803686386687e-05	0.016568	False
ENSG00000175325	PROP1	False	0.23804758074096818	0.070897	False
ENSG00000175329	ISX	False	0.025845206685467293	0.14455	False
ENSG00000175336	APOF	False	0.5037711727729312	0.4604	False
ENSG00000175348	TMEM9B	False	0.1661556805008972	0.24302	False
ENSG00000175352	NRIP3	False	0.006619292931860244	0.38291	False
ENSG00000175354	PTPN2	False	0.5031265450463862	0.21969	False
ENSG00000175356	SCUBE2	False	0.008822900336853411	0.19497	False
ENSG00000175376	EIF1AD	False	0.0570179178498142	0.16915	False
ENSG00000175387	SMAD2	False	0.043657689144240924	0.0089743	False
ENSG00000175390	EIF3F	True	0.7741243843680121		False
ENSG00000175395	ZNF25	False	0.1320123412024416	0.27433	False
ENSG00000175398	OR10P1	False	0.15959540870489272		False
ENSG00000175414	ARL10	False	0.46091280171456317	0.26556	False
ENSG00000175416	CLTB	False	0.14614673098962697	0.090097	False
ENSG00000175426	PCSK1	False	0.33266334519484675	0.22823	False
ENSG00000175445	LPL	False	0.1889014173988506	0.21115	False
ENSG00000175449	RFESD	False	0.34517102363587027	0.039027	False
ENSG00000175455	CCDC14	False	0.171080894549167	0.30225	False
ENSG00000175463	TBC1D10C	False	0.006640753880773531	0.26518	False
ENSG00000175467	SART1	False	0.08452806883821434	0.213	False
ENSG00000175470	PPP2R2D	False	0.16038361860281508	0.099738	False
ENSG00000175471	MCTP1	False	0.2907064469476507	0.24821	False
ENSG00000175485	OR52W1	False	0.03461919575127467	0.2368	False
ENSG00000175489	LRRC25	False	0.5640417026566495	0.33987	False
ENSG00000175497	DPP10	False	0.11411033539830873	0.14468	False
ENSG00000175505	CLCF1	False	0.0032707819895635135	0.0039902	False
ENSG00000175513	TSGA10IP	False	0.46618418386945015	0.3038	False
ENSG00000175514	GPR152	False	0.48633461765690933		False
ENSG00000175518	UBQLNL	False	0.6415575529392902		False
ENSG00000175520	UBQLN3	False	0.22388700107295345	0.36695	False
ENSG00000175535	PNLIP	False	0.02663228821058009	0.0016052	False
ENSG00000175536	LIPT2	True	0.0017738609248532122	0.064042	False
ENSG00000175538	KCNE3	False	0.009466081906425854	0.20635	False
ENSG00000175544	CABP4	False	0.007599110989142732	0.8058	False
ENSG00000175548	ALG10B	False	0.00730832412187655	0.51228	False
ENSG00000175550	DRAP1	False	0.005271465893196056	0.33772	False
ENSG00000175564	UCP3	False	0.2764428093120489	0.060453	False
ENSG00000175567	UCP2	False	0.28371470926640174	0.44907	False
ENSG00000175573	C11orf68	False	0.35196596021225596	0.32512	False
ENSG00000175575	PAAF1	False	0.3503290165503766	0.064056	False
ENSG00000175581	MRPL48	False	0.1355392510202884	0.16449	False
ENSG00000175582	RAB6A	False	0.47857728854854575	0.59797	False
ENSG00000175591	P2RY2	False	0.011622150265469939		False
ENSG00000175592	FOSL1	False	0.09246040074191478	0.40464	False
ENSG00000175595	ERCC4	False	0.21699708390122582	0.53479	False
ENSG00000175606	TMEM70	True	0.13933070912829895	0.13572	False
ENSG00000175619	OR4B1	False	0.5876954263590652		False
ENSG00000175634	RPS6KB2	False	0.10235095378808537	0.20599	False
ENSG00000175646	PRM1	False	0.3549963834867019		False
ENSG00000175662	TOM1L2	False	0.5689776279311377	0.57651	False
ENSG00000175664	TEX26	False	0.11578201142437729	0.20363	False
ENSG00000175691	ZNF77	False	0.13938105942060633	0.22978	False
ENSG00000175697	GPR156	False	0.0015538676292701694	0.0039779	False
ENSG00000175707	KDF1	False	0.09801209799256179	0.44256	False
ENSG00000175711	B3GNTL1	False	0.25950479230951473	0.022834	False
ENSG00000175727	MLXIP	False	0.003835721147930305	0.0074778	False
ENSG00000175745	NR2F1	True	0.16354232102785843	0.19812	False
ENSG00000175756	AURKAIP1	False	0.1005739833120044	0.58506	False
ENSG00000175766	EIF4E1B	False	0.06058024619874686	0.79249	False
ENSG00000175782	SLC35E3	False	0.001881953582624236	0.3108	False
ENSG00000175785	PRIMA1	True	0.12419949059769507	0.6789	False
ENSG00000175787	ZNF169	False	0.4965821931431086	0.43691	False
ENSG00000175792	RUVBL1	False	0.23784986627469124	0.095748	False
ENSG00000175793	SFN	False	0.004138329627718622	0.037011	False
ENSG00000175806	MSRA	False	0.14818496071786538	0.36765	False
ENSG00000175820	CCDC168	False	0.002933645090072695	0.21877	False
ENSG00000175826	CTDNEP1	False	0.9339299791616316	0.35766	False
ENSG00000175832	ETV4	False	0.20531403135764084	0.19435	False
ENSG00000175854	SWI5	False	0.8529539660420484	0.31585	False
ENSG00000175857	GAPT	False	0.07954396389649378		False
ENSG00000175866	BAIAP2	False	0.09540908686321364	0.031199	False
ENSG00000175868	CALCB	False	0.02684132311043034	0.20357	False
ENSG00000175874	CREG2	False	0.012192216200853258	0.03963	False
ENSG00000175877	TMEM270	False	0.6138461340828496	0.36584	False
ENSG00000175879	HOXD8	False	0.1047657102019979	0.58196	False
ENSG00000175893	ZDHHC21	False	0.08416138567478762	0.45867	False
ENSG00000175894	TSPEAR	False	0.45307843910510925	0.65366	False
ENSG00000175895	PLEKHF2	False	0.002760533895130324	0.20009	False
ENSG00000175899	A2M	False	0.1198833910190027	0.10417	False
ENSG00000175906	ARL4D	False	0.08714517395250117	0.47963	False
ENSG00000175920	DOK7	False	0.18392444811616476	0.43254	False
ENSG00000175928	LRRN1	False	0.09234467968219659	0.019611	False
ENSG00000175931	UBE2O	False	0.16478930935339284	0.29802	False
ENSG00000175938	ORAI3	False	0.520599658173458	0.58319	False
ENSG00000175946	KLHL38	False	0.30120632237891964	0.43968	False
ENSG00000175970	UNC119B	False	0.289910953415574	0.14372	False
ENSG00000175984	DENND2C	False	0.03889307726058409	0.32671	False
ENSG00000175985	PLEKHD1	False	0.06959400456787247	0.32762	False
ENSG00000176009	ASCL3	False	0.6946017869728562	0.21094	False
ENSG00000176014	TUBB6	False	0.4608153774198621	0.019164	False
ENSG00000176018	LYSMD3	False	0.6366305547691078	0.32316	False
ENSG00000176020	AMIGO3	False	0.42072644388656355	0.31057	False
ENSG00000176024	ZNF613	False	0.34348223987218085	0.23444	False
ENSG00000176029	C11orf16	False	0.03608353366442729	0.25521	False
ENSG00000176040	TMPRSS7	False	0.2179032805132516	0.03401	False
ENSG00000176046	NUPR1	False	0.1610531939379849	0.46612	False
ENSG00000176049	JAKMIP2	False	0.2790410279748854	0.27413	False
ENSG00000176055	MBLAC2	False	0.009611526146246444	0.051109	False
ENSG00000176058	TPRN	False	0.477248170199154	0.24325	False
ENSG00000176083	ZNF683	False	0.0214478800855302	0.3226	False
ENSG00000176087	SLC35A4	False	0.22697425108403232	0.17887	False
ENSG00000176095	IP6K1	False	0.22536781217294244	0.26797	False
ENSG00000176101	SSNA1	False	0.07184111456962171	0.22002	False
ENSG00000176102	CSTF3	False	0.3007269922524011	0.033677	False
ENSG00000176105	YES1	False	0.4197128362682664	0.25215	False
ENSG00000176108	CHMP6	False	0.21801999361078822	0.20086	False
ENSG00000176125	UFSP1	False	0.5089109140020107		False
ENSG00000176136	MC5R	False	0.06475150587642745		False
ENSG00000176142	TMEM39A	False	0.03601436494522937	0.045692	False
ENSG00000176148	TCP11L1	False	0.002630855479318245	0.23471	False
ENSG00000176153	GPX2	False	0.6157552839407593	0.58459	False
ENSG00000176155	CCDC57	False	0.10666783135527766	0.046742	False
ENSG00000176160	HSF5	False	0.16020236638514523	0.22213	False
ENSG00000176165	FOXG1	True	0.006634240518268283	0.28888	False
ENSG00000176170	SPHK1	False	0.0065837605393617785	0.089056	False
ENSG00000176177	ENTHD1	False	0.4209047046397011	0.39219	False
ENSG00000176182	MYPOP	False	0.40613620477121926	0.2384	False
ENSG00000176194	CIDEA	False	0.06105078046269587	0.13763	False
ENSG00000176200	OR4D11	False	0.4893596060867006	0.62344	False
ENSG00000176204	LRRTM4	False	0.31037053279777693	0.25529	False
ENSG00000176208	ATAD5	False	0.5860359265369404	0.07397	False
ENSG00000176209	SMIM19	False	0.13235759613884557	0.3748	False
ENSG00000176219	OR11H6	False	0.47014112975218947	0.61255	False
ENSG00000176222	ZNF404	False	0.17731271645512678		False
ENSG00000176225	RTTN	True	0.08090777374487822	0.074278	False
ENSG00000176231	OR10H4	False	0.06851652961085919	0.31771	False
ENSG00000176239	OR51B6	False	0.20905261216040388		False
ENSG00000176244	ACBD7	False	0.5360937047388816		False
ENSG00000176246	OR4L1	False	0.3959064790024552		False
ENSG00000176248	ANAPC2	False	0.03234359865135322	0.40231	False
ENSG00000176253	OR4K13	False	0.09216956040330898	0.012688	False
ENSG00000176256	HMGB4	False	0.6007247666194732		False
ENSG00000176261	ZBTB8OS	False	0.06633984809936001	0.28281	False
ENSG00000176273	SLC35G1	False	0.12413514433231404	0.095571	False
ENSG00000176293	ZNF135	False	0.3265955969839444	0.21057	False
ENSG00000176302	FOXR1	False	0.05869900422341643	0.2014	False
ENSG00000176358	TAC4	False	0.6134264539602565	0.49852	False
ENSG00000176371	ZSCAN2	False	0.3513568571353531	0.080434	False
ENSG00000176383	B3GNT4	False	0.252074969156453	0.28656	False
ENSG00000176387	HSD11B2	False	0.0015271935580945613	0.076245	False
ENSG00000176390	CRLF3	False	0.4973519500860687	0.36499	False
ENSG00000176393	RNPEP	False	0.29825124009486303	0.17088	False
ENSG00000176396	EID2	False	0.027136167307977944		False
ENSG00000176399	DMRTA1	False	0.17081759811683037	0.15669	False
ENSG00000176401	EID2B	False	0.050760223853198595	0.20293	False
ENSG00000176402	GJC3	False	0.19238924275275218	0.23524	False
ENSG00000176406	RIMS2	False	0.00020904404408067945	0.093345	False
ENSG00000176407	KCMF1	False	0.4633096005322639	0.0077763	False
ENSG00000176410	DNAJC30	False	0.18621233132623863	0.11143	False
ENSG00000176422	SPRYD4	False	0.3355710705817946	0.044908	False
ENSG00000176428	VPS37D	False	0.026291555402153548	0.2327	False
ENSG00000176435	CLEC14A	False	0.050500927157134806	0.014227	False
ENSG00000176438	SYNE3	False	0.0009474122327432725	0.1551	False
ENSG00000176444	CLK2	False	0.15994039983749156	0.08477	False
ENSG00000176454	LPCAT4	False	0.01217671995770395	0.2708	False
ENSG00000176463	SLCO3A1	False	0.24193744143168144	0.1283	False
ENSG00000176472	ZNF575	False	0.6632885872619514	0.27551	False
ENSG00000176473	WDR25	False	0.2224312229401487	0.10003	False
ENSG00000176476	SGF29	False	0.008160401814202845	0.1205	False
ENSG00000176490	DIRAS1	False	0.039326081390331225	0.25697	False
ENSG00000176495	OR5AN1	False	0.00016002242957026505		False
ENSG00000176531	PHLDB3	False	0.11466399888749287	0.010837	False
ENSG00000176532	PRR15	False	0.7920593182509741	0.43754	False
ENSG00000176542	USF3	False	0.18154533695792374	0.15875	False
ENSG00000176555	OR4S1	False	0.14063687092129745		False
ENSG00000176563	CNTD1	False	0.1651863358321076	0.19746	False
ENSG00000176566	DCAF4L2	False	0.3409152132098088	0.50904	False
ENSG00000176567	OR4X1	False	0.03237563143536008	0.37899	False
ENSG00000176571	CNBD1	False	0.5052913925611006	0.47108	False
ENSG00000176597	B3GNT5	False	0.13227302815621791	0.026758	False
ENSG00000176601	MAP3K19	False	0.10413999948149961	0.33241	False
ENSG00000176619	LMNB2	True	0.5441376881521529	0.008242	False
ENSG00000176623	RMDN1	False	0.020119926468852665	0.016934	False
ENSG00000176624	MEX3C	False	0.5937840528307745	0.13879	False
ENSG00000176635	HORMAD2	False	0.30496095771018994	0.15071	False
ENSG00000176641	RNF152	False	0.7726118290421724	0.25726	False
ENSG00000176658	MYO1D	False	0.7911192296685869	0.29844	False
ENSG00000176678	FOXL1	False	0.7460272733015544	0.11596	False
ENSG00000176692	FOXC2	False	0.18909096638490125	0.084403	False
ENSG00000176697	BDNF	False	0.01096182144192312	0.45245	False
ENSG00000176714	CCDC121	False	0.1630570762644965	0.15316	False
ENSG00000176715	ACSF3	False	0.018298941653791125	0.20044	False
ENSG00000176720	BOK	False	0.0980645503118718	0.19783	False
ENSG00000176723	ZNF843	False	0.3904830267397097		False
ENSG00000176732	PFN4	False	0.026043644922108807	0.0061451	False
ENSG00000176749	CDK5R1	False	0.029838327123718436	0.30671	False
ENSG00000176769	TCERG1L	False	0.3199106674487763	0.43924	False
ENSG00000176771	NCKAP5	False	0.07076240488384254	0.4971	False
ENSG00000176783	RUFY1	False	0.0020994876594809075	0.071846	False
ENSG00000176787	OR52E2	False	0.2947373342741809		False
ENSG00000176788	BASP1	False	0.46887626945864647	0.20958	False
ENSG00000176798	OR51L1	False	0.4409386845727812	0.64483	False
ENSG00000176809	LRRC37A3	False	0.3173824165620794	0.23033	False
ENSG00000176834	VSIG10	False	0.5117973456849718	0.013746	False
ENSG00000176842	IRX5	False	0.38452932781385113	0.27122	False
ENSG00000176845	METRNL	False	0.5004511930273003	0.079947	False
ENSG00000176853	FAM91A1	False	0.008248260833208428	0.1052	False
ENSG00000176871	WSB2	False	0.02361603008276982		False
ENSG00000176884	GRIN1	True	0.0005751490192931767	0.00074134	False
ENSG00000176887	SOX11	True	0.008078294027284737	0.0024296	False
ENSG00000176893	OR51G2	False	0.37327801292192286	0.06882	False
ENSG00000176894	PXMP2	False	0.3962965570866133	0.14244	False
ENSG00000176895	OR51A7	False	0.06833263111641605	0.22265	False
ENSG00000176903	PNMA1	False	0.034121625419902726	0.32191	False
ENSG00000176907	TCIM	False	0.2689417626687892	0.10978	False
ENSG00000176909	MAMSTR	False	0.4735068519533874	0.47158	False
ENSG00000176915	ANKLE2	False	0.35217319176014444	0.28543	False
ENSG00000176919	C8G	False	0.011992686327645847	0.30487	False
ENSG00000176920	FUT2	False	0.01965647497609008	0.043624	False
ENSG00000176922	OR51S1	False	0.3111355505387117	0.32456	False
ENSG00000176927	EFCAB5	False	0.053275899507710285	0.0095652	False
ENSG00000176928	GCNT4	False	0.275447075619623	0.33024	False
ENSG00000176946	THAP4	False	0.09944028662205791	0.21551	False
ENSG00000176953	NFATC2IP	False	0.05261456619319065	0.77359	False
ENSG00000176956	LY6H	False	0.7497623178996207	0.41927	False
ENSG00000176971	FIBIN	False	0.0381702775436742	0.094111	False
ENSG00000176974	SHMT1	False	0.08890563482920141	0.25964	False
ENSG00000176978	DPP7	False	0.05095234621726916	0.036986	False
ENSG00000176979	TRIM60	False	0.010284331627995837		False
ENSG00000176986	SEC24C	False	0.4268614150341723	0.22832	False
ENSG00000176994	SMCR8	False	0.07229309563039552	0.68758	False
ENSG00000177000	MTHFR	True	0.4595555085849321	0.083356	False
ENSG00000177025	C19orf18	False	0.4012106422317046	0.010663	False
ENSG00000177030	DEAF1	True	0.3393500756554382	0.092185	False
ENSG00000177034	MTX3	False	0.01772455101322185	0.36016	False
ENSG00000177045	SIX5	False	0.11285090952579828	0.19999	False
ENSG00000177047	IFNW1	False	0.06105643455743217		False
ENSG00000177051	FBXO46	False	0.5779649878075317	0.33765	False
ENSG00000177054	ZDHHC13	False	0.10451798511129687	0.10229	False
ENSG00000177058	SLC38A9	False	0.003079727792521475	0.13919	False
ENSG00000177076	ACER2	False	0.07418434195815335	0.35839	False
ENSG00000177082	WDR73	True	0.32826517454764315	0.58933	False
ENSG00000177084	POLE	False	0.10824842757101659	0.2623	False
ENSG00000177096	PHETA2	False	0.008343041017584119		False
ENSG00000177098	SCN4B	False	0.16644072307790866	0.069335	False
ENSG00000177105	RHOG	False	0.4039054539081051	0.06987	False
ENSG00000177106	EPS8L2	False	0.11911194065771709	0.017078	False
ENSG00000177108	ZDHHC22	False	0.030606578124999336		False
ENSG00000177119	ANO6	False	0.005801244932392388	0.55328	False
ENSG00000177143	CETN1	False	0.3035868282256302	0.55184	False
ENSG00000177150	FAM210A	False	0.1541809895681683	0.10057	False
ENSG00000177156	TALDO1	False	0.029105821357856918	0.16316	False
ENSG00000177169	ULK1	False	0.2683894043449342	0.074774	False
ENSG00000177174	OR14C36	False	0.5238549312002115		False
ENSG00000177181	RIMKLA	False	0.26571334600217794	0.044784	False
ENSG00000177182	CLVS1	False	0.0903483652035411	0.1542	False
ENSG00000177186	OR2M7	False	0.3111198867589275		False
ENSG00000177191	B3GNT8	False	0.19825789741886368		False
ENSG00000177192	PUS1	False	0.26776871689786896	0.30226	False
ENSG00000177200	CHD9	False	0.02728820922753362	0.0020015	False
ENSG00000177201	OR2T12	False	0.1781894656754091	0.064549	False
ENSG00000177202	SPACA4	False	0.13082657371155104	0.74577	False
ENSG00000177212	OR2T33	False	0.4802067345800487	0.014571	False
ENSG00000177225	GATD1	False	0.5954486950071952	0.57908	False
ENSG00000177238	TRIM72	False	0.2995458080468137	0.28651	False
ENSG00000177239	MAN1B1	False	0.19195464123423978	0.22605	False
ENSG00000177272	KCNA3	True	0.15587141231507154	0.15676	False
ENSG00000177283	FZD8	False	0.3746796588345349	0.10785	False
ENSG00000177291	GJD4	False	0.3635583355482415	0.33678	False
ENSG00000177294	FBXO39	False	0.021299440449833215	0.011113	False
ENSG00000177300	CLDN22	False	0.012540093833697282		False
ENSG00000177301	KCNA2	True	0.00025995598071061274	0.00031418	False
ENSG00000177302	TOP3A	False	0.05555177488942563	0.097078	False
ENSG00000177303	CASKIN2	False	0.0002984913359955145	0.0029559	False
ENSG00000177311	ZBTB38	False	0.12855561494186565	0.38099	False
ENSG00000177352	CCDC71	False	0.21524167640343228	0.60637	False
ENSG00000177354	C10orf71	False	0.4698630851417226	0.21005	False
ENSG00000177363	LRRN4CL	False	0.08587639266812208		False
ENSG00000177370	TIMM22	False	0.15878465044346335	0.042453	False
ENSG00000177374	HIC1	False	0.5404542702728146	0.047632	False
ENSG00000177380	PPFIA3	True	0.00808009540581839	0.037697	False
ENSG00000177383	MAGEF1	False	0.0427940678197472	0.29958	False
ENSG00000177398	UMODL1	False	0.10037172187260891	0.081584	False
ENSG00000177409	SAMD9L	False	0.04089060255605398	0.33861	False
ENSG00000177414	UBE2U	False	0.2613838942176099	0.30608	False
ENSG00000177425	PAWR	False	0.3922105342844041	0.42473	False
ENSG00000177426	TGIF1	True	0.20791371609811318	0.26089	False
ENSG00000177427	MIEF2	False	0.2636643128477337	0.031903	False
ENSG00000177432	NAP1L5	False	0.09494297582227217		False
ENSG00000177453	NIM1K	False	0.2962869438950621	0.2021	False
ENSG00000177455	CD19	False	0.025983727318089615	0.20943	False
ENSG00000177459	ERICH5	False	0.29220895995904433	0.18024	False
ENSG00000177462	OR2T8	False	0.027394242047212098		False
ENSG00000177463	NR2C2	False	0.34402676678853744	0.021192	False
ENSG00000177464	GPR4	False	0.044476044075256425	0.30479	False
ENSG00000177465	ACOT4	False	0.14347541270421163	0.40016	False
ENSG00000177468	OLIG3	False	0.24496749149294844	0.085206	False
ENSG00000177469	CAVIN1	False	0.7208992948283985	0.26232	False
ENSG00000177476	OR2G3	False	0.1810370778699119		False
ENSG00000177479	ARIH2	False	0.15623622564874498	0.21889	False
ENSG00000177489	OR2G2	False	0.10979462574612754		False
ENSG00000177494	ZBED2	False	0.3035026928091781		False
ENSG00000177508	IRX3	False	0.1616277351981663	0.52189	False
ENSG00000177511	ST8SIA3	False	0.19529613688986866	0.11837	False
ENSG00000177519	RPRM	False	0.44697553394814726	0.1358	False
ENSG00000177535	OR2B11	False	0.4551636500435391		False
ENSG00000177542	SLC25A22	True	0.017681509411941156	0.0030491	False
ENSG00000177548	RABEP2	False	0.035698661166647404	0.51289	False
ENSG00000177551	NHLH2	False	0.6370930010331028	0.23582	False
ENSG00000177558	FAM187B	False	0.28000809470721916	0.048573	False
ENSG00000177565	TBL1XR1	True	3.365774711648676e-08	7.4407e-05	True
ENSG00000177570	SAMD12	True	0.3778722118505059	0.38816	False
ENSG00000177575	CD163	False	0.0159727832386055	0.095616	False
ENSG00000177576	C18orf32	False	0.494569639698335	0.12038	False
ENSG00000177595	PIDD1	True	0.028132821294848818	0.079816	False
ENSG00000177599	ZNF491	False	0.1914642676643316	0.41827	False
ENSG00000177600	RPLP2	False	0.35187804399650996		False
ENSG00000177602	HASPIN	False	0.26587188733301415	0.083484	False
ENSG00000177606	JUN	False	0.5622385467056323	0.18872	False
ENSG00000177613	CSTF2T	False	0.21433612046318212	0.20516	False
ENSG00000177614	PGBD5	False	0.060280855958332734	0.17762	False
ENSG00000177627	C12orf54	False	0.5686761558419366	0.13361	False
ENSG00000177646	ACAD9	False	0.15938041818253965	0.14548	False
ENSG00000177663	IL17RA	False	0.050482989129206214	0.21301	False
ENSG00000177666	PNPLA2	False	0.003995830910386034	0.077594	False
ENSG00000177669	MBOAT4	False	0.4307201258335437	0.087351	False
ENSG00000177673	TEX44	False	0.5754916339248095		False
ENSG00000177674	AGTRAP	False	0.023612555623102455	0.26444	False
ENSG00000177675	CD163L1	False	0.018172777774161823	0.29934	False
ENSG00000177683	THAP5	False	0.1542464165837819	0.25393	False
ENSG00000177685	CRACR2B	False	0.022765564104677814	0.06862	False
ENSG00000177688	SUMO4	False	0.11377744319269698	0.31324	False
ENSG00000177692	DNAJC28	False	0.04335484534403081	0.054235	False
ENSG00000177694	NAALADL2	False	0.5587727649833318	0.21213	False
ENSG00000177697	CD151	False	0.7505704031714064	0.16201	False
ENSG00000177706	FAM20C	False	0.01046621065615643	0.18279	False
ENSG00000177707	NECTIN3	False	0.30832483624693385		False
ENSG00000177710	SLC35G5	False	0.05459999197350507	0.0058005	False
ENSG00000177721	ANXA2R	False	0.08391111415378495		False
ENSG00000177728	TMEM94	False	0.028722198514492165	0.15405	False
ENSG00000177731	FLII	False	0.3085718429511955	0.18573	False
ENSG00000177733	HNRNPA0	False	0.07369042080625315	0.17641	False
ENSG00000177791	MYOZ1	False	0.06537793285301462	0.29964	False
ENSG00000177807	KCNJ10	True	0.04688197967289464	0.22629	False
ENSG00000177830	CHID1	False	0.3754585170261694	0.45554	False
ENSG00000177839	PCDHB9	False	0.5148629328749204		False
ENSG00000177842	ZNF620	False	0.1568845681560008	0.43597	False
ENSG00000177853	ZNF518A	False	0.006629342439164735	0.10834	False
ENSG00000177873	ZNF619	False	0.01132308096643198	0.23731	False
ENSG00000177875	CCDC184	False	0.08460819665575292	0.28203	False
ENSG00000177879	AP3S1	False	0.1889802699493443	0.43833	False
ENSG00000177888	ZBTB41	False	0.44843950099052676	0.15963	False
ENSG00000177917	ARL6IP6	False	0.6246752536785851	0.2532	False
ENSG00000177932	ZNF354C	False	0.04091907821990376	0.46854	False
ENSG00000177938	CAPZA3	False	0.0937145170141168	0.0046984	False
ENSG00000177943	MAMDC4	False	0.047486786375457814	0.51203	False
ENSG00000177947	ODF3	False	0.35402450049620066	0.081229	False
ENSG00000177951	BET1L	False	0.502370155141481	0.24256	False
ENSG00000177963	RIC8A	False	0.323232786442434	0.31978	False
ENSG00000177971	IMP3	False	0.5049149796533976	0.23765	False
ENSG00000177981	ASB8	False	0.2240181143803149	0.0052639	False
ENSG00000177984	LCN15	False	0.5041304387320558	0.84705	False
ENSG00000177989	ODF3B	False	0.01886339777358667	0.41629	False
ENSG00000177990	DPY19L2	False	0.017382538416383184	0.12096	False
ENSG00000177992	SPATA31E1	False	0.03902762933291514	0.10649	False
ENSG00000177994	C2orf73	False	0.27983895128007974	0.60392	False
ENSG00000178015	GPR150	False	0.4532673215990207	0.42463	False
ENSG00000178021	TSPYL6	False	0.17622692406110402	0.45421	False
ENSG00000178026	LRRC75B	False	0.28567352172014354	0.25813	False
ENSG00000178028	DMAP1	False	0.25155916325135347	0.37798	False
ENSG00000178031	ADAMTSL1	False	0.0789362412798436	0.0048691	False
ENSG00000178033	CALHM5	False	0.08562178727981494	0.020957	False
ENSG00000178035	IMPDH2	False	0.009641676685440172	0.015167	False
ENSG00000178038	ALS2CL	False	0.13657490773662997	0.50936	False
ENSG00000178053	MLF1	False	0.21377185982763222	0.10932	False
ENSG00000178057	NDUFAF3	True	0.029275369502260486	0.41325	False
ENSG00000178074	C2orf69	True	0.5346525976895842	0.31351	False
ENSG00000178075	GRAMD1C	False	0.820763941075326	0.35866	False
ENSG00000178078	STAP2	False	0.007981466934585226	0.076307	False
ENSG00000178084	HTR3C	False	0.10377216476230995	0.11725	False
ENSG00000178093	TSSK6	False	0.7559974823867182	0.16839	False
ENSG00000178096	BOLA1	False	0.035109292138352	0.064563	False
ENSG00000178104	PDE4DIP	False	0.10505648253954493	0.031948	False
ENSG00000178105	DDX10	False	0.5731287677231074	0.18074	False
ENSG00000178125	PPP1R42	False	0.9141933490208836	0.44835	False
ENSG00000178127	NDUFV2	False	0.0045683491193498	0.42285	False
ENSG00000178149	DALRD3	False	0.13458784495603457	0.15027	False
ENSG00000178150	ZNF114	False	0.38898676012443334	0.12331	False
ENSG00000178163	ZNF518B	False	0.24366919313717536	0.3339	False
ENSG00000178171	AMER3	False	0.021366090440272288		False
ENSG00000178175	ZNF366	False	0.34777621538199077	0.033908	False
ENSG00000178177	LCORL	False	0.05626317250985269	0.082022	False
ENSG00000178184	PARD6G	False	0.44173326230053844	0.43535	False
ENSG00000178187	ZNF454	False	0.006276369533890386	0.11154	False
ENSG00000178188	SH2B1	False	0.14463708494891342	0.1787	False
ENSG00000178199	ZC3H12D	False	0.004267668801861332	0.22705	False
ENSG00000178201	VN1R1	False	0.407761800339016		False
ENSG00000178209	PLEC	False	0.003283055435884381	0.011074	False
ENSG00000178217	SH2D4B	False	0.05959858013126132	0.018937	False
ENSG00000178222	RNF212	False	0.09773664077055533	0.04974	False
ENSG00000178226	PRSS36	False	0.44413241143033255	0.11182	False
ENSG00000178229	ZNF543	False	0.3305761247659497	0.327	False
ENSG00000178233	TMEM151B	False	0.044533950576181765	0.2501	False
ENSG00000178234	GALNT11	False	0.2157291755318647	0.23593	False
ENSG00000178235	SLITRK1	False	0.012063445578498498	0.30147	False
ENSG00000178252	WDR6	False	0.6162586863254411	0.37126	False
ENSG00000178257	PRM3	False	0.16812537776666614		False
ENSG00000178279	TNP2	False	0.09510205511766258	0.1913	False
ENSG00000178295	GEN1	False	0.6257864032586542	0.67444	False
ENSG00000178297	TMPRSS9	False	0.12582701820929376	0.13016	False
ENSG00000178301	AQP11	False	0.31976820210753126	0.31074	False
ENSG00000178307	TMEM11	False	0.1356489263336248	0.17288	False
ENSG00000178338	ZNF354B	False	0.13965768715104873	0.2692	False
ENSG00000178342	KCNG2	False	0.11432927220203823		False
ENSG00000178343	SHISA3	False	0.20223555203478705	0.36941	False
ENSG00000178358	OR2D3	False	0.13317118214749157	0.48448	False
ENSG00000178363	CALML3	False	0.27493933514216795	0.34457	False
ENSG00000178372	CALML5	False	0.587799954952071		False
ENSG00000178381	ZFAND2A	False	0.011536058921354168	0.5132	False
ENSG00000178385	PLEKHM3	False	0.5292246331575625	0.17021	False
ENSG00000178386	ZNF223	False	0.3668131684134559		False
ENSG00000178394	HTR1A	False	0.12753955602311257	0.19547	False
ENSG00000178395	CCDC185	False	0.27928553115903176		False
ENSG00000178397	FAM220A	False	0.11957661384198687	0.092775	False
ENSG00000178401	DNAJC22	False	0.08706536663155118	0.33487	False
ENSG00000178403	NEUROG2	False	0.24216213513608398	0.21569	False
ENSG00000178404	CEP295NL	False	0.09226861132856425	0.10426	False
ENSG00000178409	BEND3	False	0.023421744411317856	0.36868	False
ENSG00000178425	NT5DC1	False	0.0485454739697756	0.038075	False
ENSG00000178445	GLDC	True	0.007101075447264138	0.3075	False
ENSG00000178449	COX14	False	0.2796890729596178	0.24446	False
ENSG00000178460	MCMDC2	False	0.3137458459365138	0.16973	False
ENSG00000178462	TUBAL3	False	0.1340407863739482	0.040214	False
ENSG00000178467	P4HTM	True	0.15560593700273243	0.12332	False
ENSG00000178473	UCN3	False	0.24898928904982398	0.51109	False
ENSG00000178498	DTX3	False	0.556267225984098	0.27191	False
ENSG00000178502	KLHL11	False	0.5506476399052418	0.44614	False
ENSG00000178522	AMBN	False	0.5522267239085132	0.49361	False
ENSG00000178537	SLC25A20	False	0.0959764195066004	0.021362	False
ENSG00000178538	CA8	False	0.05579501288845717	0.010677	False
ENSG00000178562	CD28	False	0.34636621330874745	0.36655	False
ENSG00000178567	EPM2AIP1	False	0.18909207700166958	0.63963	False
ENSG00000178568	ERBB4	False	0.3338657642686603	0.11462	False
ENSG00000178573	MAF	True	0.30116066279783377	0.39126	False
ENSG00000178586	OR6B3	False	0.17080285033676149	0.036931	False
ENSG00000178591	DEFB125	False	0.4418077733143533	0.41766	False
ENSG00000178597	PSAPL1	False	0.14638583664950267		False
ENSG00000178602	OTOS	False	0.10244001784432541	0.096567	False
ENSG00000178607	ERN1	False	0.22249525834908968	0.062644	False
ENSG00000178623	GPR35	False	0.26736577610816825	0.31675	False
ENSG00000178645	C10orf53	False	0.1697893381428356	0.19061	False
ENSG00000178662	CSRNP3	False	0.666472866354563	0.29119	False
ENSG00000178665	ZNF713	False	0.2610415622827723	0.23662	False
ENSG00000178685	PARP10	False	0.05263078999871027	0.23139	False
ENSG00000178690	DYNAP	False	0.45596248272347906	0.34184	False
ENSG00000178691	SUZ12	False	0.24006879225656141	0.48914	False
ENSG00000178694	NSUN3	False	0.22069187290277073	0.57757	False
ENSG00000178695	KCTD12	False	0.2986164615706008	0.0067101	False
ENSG00000178700	DHFR2	False	0.35527302018445933	0.18778	False
ENSG00000178718	RPP25	False	0.09454074484779466	0.35815	False
ENSG00000178719	GRINA	False	0.34388929397691986	0.21887	False
ENSG00000178726	THBD	False	0.6184018417021486		False
ENSG00000178732	GP5	False	0.0003793229450200109	0.024034	False
ENSG00000178741	COX5A	False	0.46088011504028525		False
ENSG00000178750	STX19	False	0.07404140929475762	0.56653	False
ENSG00000178752	ERFE	False	0.4756605734865359	0.24017	False
ENSG00000178761	FAM219B	False	0.17669569120809903	0.03212	False
ENSG00000178764	ZHX2	False	0.5716684407979988	0.12536	False
ENSG00000178772	CPN2	False	0.19773964064085572		False
ENSG00000178773	CPNE7	False	0.6077420308500421	0.41257	False
ENSG00000178789	CD300LB	False	0.10819803932585072	0.5495	False
ENSG00000178795	GDPD4	False	0.06145954537117425	0.10005	False
ENSG00000178802	MPI	False	0.2802684966278582	0.070087	False
ENSG00000178814	OPLAH	False	0.0926125970430667	0.08668	False
ENSG00000178821	TMEM52	False	0.033540347315373684		False
ENSG00000178826	TMEM139	False	0.10780835889534313	0.20334	False
ENSG00000178828	RNF186	False	0.3440397217106477	0.27057	False
ENSG00000178852	EFCAB13	False	0.14968625120561097	0.6887	False
ENSG00000178860	MSC	False	0.013152985846046756	0.021262	False
ENSG00000178878	APOLD1	False	0.0021014545884677945	0.13629	False
ENSG00000178896	EXOSC4	False	0.18775235136027058	0.25448	False
ENSG00000178904	DPY19L3	False	0.00011659930351069428	0.010749	False
ENSG00000178913	TAF7	False	0.07140709406621953	0.088941	False
ENSG00000178919	FOXE1	False	0.11934205605480255		False
ENSG00000178921	PFAS	False	0.17709305688635557	0.16342	False
ENSG00000178922	HYI	False	0.28267372271295876	0.1534	False
ENSG00000178927	CYBC1	False	0.4059414842814274	0.3725	False
ENSG00000178935	ZNF552	False	0.08763427000659865	0.1272	False
ENSG00000178950	GAK	False	0.6523674654539238	0.41146	False
ENSG00000178951	ZBTB7A	False	0.03467218977085805	0.14857	False
ENSG00000178952	TUFM	False	0.00031137909792195584	0.11277	False
ENSG00000178965	ERICH3	False	0.749509352266081	0.69123	False
ENSG00000178966	RMI1	False	0.4737908182398205	0.60543	False
ENSG00000178971	CTC1	False	0.45966650350080984	0.34311	False
ENSG00000178974	FBXO34	False	0.3014428793427826	0.58199	False
ENSG00000178980	SELENOW	False	0.13898873150696742	0.55574	False
ENSG00000178982	EIF3K	False	0.15750551717485237	0.088485	False
ENSG00000178988	MRFAP1L1	False	0.8908051113544113	0.56965	False
ENSG00000178996	SNX18	False	0.23955025780601633	0.35561	False
ENSG00000178997	EXD1	False	0.3665071329830046	0.045834	False
ENSG00000178999	AURKB	False	0.2592816388375973	0.1583	False
ENSG00000179002	TAS1R2	False	0.05316663507173982	0.069441	False
ENSG00000179008	C14orf39	False	0.09034895506823575	0.17331	False
ENSG00000179010	MRFAP1	False	0.6412187584713258	0.48177	False
ENSG00000179021	C3orf38	False	0.7203234294372993	0.32287	False
ENSG00000179023	KLHDC7A	False	0.19444188775284169		False
ENSG00000179029	TMEM107	False	0.25601870300532475	0.22147	False
ENSG00000179041	RRS1	False	0.38875123215951857	0.32486	False
ENSG00000179044	EXOC3L1	False	0.20175948388137366	0.01455	False
ENSG00000179046	TRIML2	False	0.6311523368273657	0.17844	False
ENSG00000179051	RCC2	False	0.06700853231156326	0.22207	False
ENSG00000179057	IGSF22	False	0.2779935820642964	0.22657	False
ENSG00000179058	C9orf50	False	0.5018569526017427	0.038304	False
ENSG00000179059	ZFP42	False	0.5782587825621124		False
ENSG00000179071	CCDC89	False	0.7670217563543693	0.31843	False
ENSG00000179085	DPM3	True	0.11195726538940257	0.16159	False
ENSG00000179088	C12orf42	False	0.5527755851723584	0.11935	False
ENSG00000179091	CYC1	False	0.3780805435183894	0.039505	False
ENSG00000179094	PER1	False	0.5257351767465104	0.1348	False
ENSG00000179097	HTR1F	False	0.1192026345442551	0.37649	False
ENSG00000179104	TMTC2	False	0.699684996786837	0.55698	False
ENSG00000179111	HES7	False	0.4057886798962013	0.69275	False
ENSG00000179115	FARSA	False	0.18011361371565718	0.03753	False
ENSG00000179119	SPTY2D1	False	0.5106425613580731	0.21469	False
ENSG00000179133	C10orf67	False	0.3359913065760508	0.43368	False
ENSG00000179134	SAMD4B	False	0.27552505448348674	0.041087	False
ENSG00000179142	CYP11B2	False	0.059177219974070126	0.18026	False
ENSG00000179144	GIMAP7	False	0.15938528160681456		False
ENSG00000179148	ALOXE3	False	0.12065786484553605	0.22769	False
ENSG00000179151	EDC3	False	0.584067143311795	0.35541	False
ENSG00000179152	TCAIM	False	0.3729379603667541	0.092222	False
ENSG00000179163	FUCA1	True	0.003826109699874222	0.0068975	False
ENSG00000179165	PXT1	False	0.28555407578879666	0.30435	False
ENSG00000179168	GGN	False	0.005819887665068783	0.0060786	False
ENSG00000179172	HNRNPCL1	False	0.13802515734206575	0.25304	False
ENSG00000179178	TMEM125	False	0.178452098320605	0.044751	False
ENSG00000179195	ZNF664	False	0.37833949227286295	0.22333	False
ENSG00000179213	SIGLECL1	False	0.025444302229399224	0.087633	False
ENSG00000179218	CALR	False	0.0697981642634085	0.25274	False
ENSG00000179240	GVQW3	False	0.08880923549680712	0.41951	False
ENSG00000179241	LDLRAD3	False	0.027269746998820264	0.020093	False
ENSG00000179242	CDH4	False	0.17184549042817285	0.22841	False
ENSG00000179256	SMCO3	False	0.1227209479244203	0.21267	False
ENSG00000179262	RAD23A	False	0.22410778497597325	0.25372	False
ENSG00000179270	PCARE	False	0.32237104950853224	0.20155	False
ENSG00000179271	GADD45GIP1	False	0.11368221884080651	0.088751	False
ENSG00000179284	DAND5	False	0.0128211344645735	0.048076	False
ENSG00000179292	TMEM151A	False	0.5207482789678963	0.24	False
ENSG00000179295	PTPN11	False	0.07806015404995872	0.22927	False
ENSG00000179299	NSUN7	False	0.49679351309632824	0.20375	False
ENSG00000179314	WSCD1	False	0.14295578645078297	0.30172	False
ENSG00000179331	RAB39A	False	0.028455058674194452	0.071798	False
ENSG00000179335	CLK3	False	0.15049373031245716	0.077511	False
ENSG00000179348	GATA2	False	0.4545016127107364	0.36668	False
ENSG00000179361	ARID3B	False	0.471165584523107	0.27723	False
ENSG00000179364	PACS2	True	0.6853160970513423	0.51396	False
ENSG00000179387	ELMOD2	False	0.38435831036558143	0.42063	False
ENSG00000179388	EGR3	False	0.5035065514779208	0.30908	False
ENSG00000179397	CATSPERE	False	0.2141954740084543	0.34118	False
ENSG00000179399	GPC5	False	0.14818634306918688	0.34452	False
ENSG00000179403	VWA1	False	0.32924975731294154	0.33022	False
ENSG00000179407	DNAJB8	False	0.14098180841604938	0.35752	False
ENSG00000179409	GEMIN4	False	0.06515496329358719	0.20233	False
ENSG00000179431	FJX1	False	0.052495910442605674	0.21596	False
ENSG00000179454	KLHL28	False	0.2473535650692714	0.19542	False
ENSG00000179455	MKRN3	False	0.3812339037858683		False
ENSG00000179456	ZBTB18	True	0.026883479046542723	0.15584	False
ENSG00000179468	OR9A2	False	0.027552569745523305	0.40689	False
ENSG00000179476	C14orf28	False	0.346825004064535	0.093039	False
ENSG00000179477	ALOX12B	False	0.0377434333810889	0.087368	False
ENSG00000179520	SLC17A8	False	0.17013656354333911	0.29141	False
ENSG00000179526	SHARPIN	False	0.35492418881792603	0.57205	False
ENSG00000179528	LBX2	False	0.6918726120266494	0.35202	False
ENSG00000179532	DNHD1	False	0.0032008147981450854	0.12344	False
ENSG00000179546	HTR1D	False	0.09984315033910586	0.27933	False
ENSG00000179562	GCC1	False	0.3817195257261758	0.1302	False
ENSG00000179564	LSMEM2	False	0.2894775569599666	0.36988	False
ENSG00000179580	RNF151	False	0.2299350799539189	0.20984	False
ENSG00000179583	CIITA	False	0.08353865920170497	0.057439	False
ENSG00000179588	ZFPM1	False	0.6403500414938603	0.32445	False
ENSG00000179593	ALOX15B	False	0.28445318806034026	0.23387	False
ENSG00000179598	PLD6	False	0.9105740753602882		False
ENSG00000179600	GPHB5	False	0.04270229630129019	0.3638	False
ENSG00000179603	GRM8	False	0.13218226247495424	0.015571	False
ENSG00000179604	CDC42EP4	False	0.007642673028693222	0.12958	False
ENSG00000179615	OR2AP1	False	0.07743938739045916	0.029046	False
ENSG00000179626	OR6C4	False	0.0923059902029864	0.024521	False
ENSG00000179627	ZBTB42	False	0.014971649251367007	0.14239	False
ENSG00000179630	LACC1	False	0.20808222242598817	0.28421	False
ENSG00000179632	MAF1	False	0.050733583637757276	0.20475	False
ENSG00000179636	TPPP2	False	0.082941330361816	0.2297	False
ENSG00000179639	FCER1A	False	0.488359462736459	0.034156	False
ENSG00000179674	ARL14	False	0.46037651378096334	0.42752	False
ENSG00000179695	OR6C2	False	0.32065887844674057		False
ENSG00000179709	NLRP8	False	0.06702042191711305	0.19667	False
ENSG00000179715	PCED1B	False	0.0088071482709372		False
ENSG00000179750	APOBEC3B	False	0.04811717361949652	0.025675	False
ENSG00000179751	SYCN	False	0.00895604977227229	0.30813	False
ENSG00000179761	PIPOX	False	0.48774448354757927	0.52477	False
ENSG00000179772	FOXS1	False	0.2597953294464077	0.56911	False
ENSG00000179776	CDH5	False	0.2184988524977436	0.26	False
ENSG00000179796	LRRC3B	False	0.4259469528860367	0.12323	False
ENSG00000179813	FAM216B	False	0.5310882879942331		False
ENSG00000179817	MRGPRX4	False	0.13262868121302845	0.24864	False
ENSG00000179820	MYADM	False	0.14612853840192733		False
ENSG00000179826	MRGPRX3	False	0.13044978341898716	0.22432	False
ENSG00000179832	MROH1	False	0.30465223601650904	0.17243	False
ENSG00000179833	SERTAD2	False	0.0004702054963434375		False
ENSG00000179841	AKAP5	False	0.08381963649647006	0.27801	False
ENSG00000179855	GIPC3	False	0.3843240191495091	0.34932	False
ENSG00000179869	ABCA13	False	0.13306363234368254	0.30045	False
ENSG00000179873	NLRP11	False	0.06094195768898804	0.32391	False
ENSG00000179886	TIGD5	False	0.8179500246503907	0.11724	False
ENSG00000179909	ZNF154	False	0.695988909229202	0.46507	False
ENSG00000179912	R3HDM2	False	0.6632411047822069	0.22025	False
ENSG00000179913	B3GNT3	False	0.00832550802352317	0.18323	False
ENSG00000179914	ITLN1	False	0.6941621067525813	0.54879	False
ENSG00000179915	NRXN1	True	0.1041225918925592	0.03692	False
ENSG00000179918	SEPHS2	False	0.07865020165671073	0.18071	False
ENSG00000179919	OR10A7	False	0.11049905470313992		False
ENSG00000179921	GPBAR1	False	0.031545919382844706	0.0020462	False
ENSG00000179922	ZNF784	False	0.15612606727567158		False
ENSG00000179930	ZNF648	False	0.06262650831095146		False
ENSG00000179933	C14orf119	False	0.2948213327982929	0.165	False
ENSG00000179934	CCR8	False	0.2683656635461471	0.20656	False
ENSG00000179938	GOLGA8J	False	0.1056311548781485	0.057075	False
ENSG00000179941	BBS10	False	0.015984014145147062	0.033411	False
ENSG00000179943	FIZ1	False	0.42742148169760463		False
ENSG00000179950	PUF60	True	0.04699965826283997	0.012902	False
ENSG00000179954	SSC5D	False	0.18749644478024352	0.52164	False
ENSG00000179958	DCTPP1	False	0.3094206059530101	0.16373	False
ENSG00000179981	TSHZ1	False	0.0544783449143318	0.18383	False
ENSG00000179988	PSTK	False	0.01493089957677421	0.18085	False
ENSG00000180008	SOCS4	False	0.06657717402832383	0.1262	False
ENSG00000180016	OR1E1	False	0.14389456840154466		False
ENSG00000180035	ZNF48	False	0.157086907458756	0.023706	False
ENSG00000180061	TMEM150B	False	0.08389998029187568	0.086966	False
ENSG00000180071	ANKRD18A	False	0.16380823637110092	0.096564	False
ENSG00000180083	WFDC11	False	0.17808765936201898	0.11187	False
ENSG00000180089	TMEM86B	False	0.11414464103393089	0.078093	False
ENSG00000180090	OR3A1	False	0.14612611778445614		False
ENSG00000180098	TRNAU1AP	False	0.023567402473749575	0.16076	False
ENSG00000180104	EXOC3	False	0.09728239359643748	0.45133	False
ENSG00000180113	TDRD6	False	0.2382548227709044	0.21105	False
ENSG00000180116	C12orf40	False	0.17397511062122764	0.26085	False
ENSG00000180138	CSNK1A1L	False	0.24224603082647117	0.15045	False
ENSG00000180155	LYNX1	False	0.819091628087165	0.23952	False
ENSG00000180176	TH	False	0.10127502361074053	0.23534	False
ENSG00000180190	TDRP	False	0.020500266782489323	0.46288	False
ENSG00000180198	RCC1	False	0.06818298160375101	0.44921	False
ENSG00000180210	F2	False	0.04070395248416185	0.14076	False
ENSG00000180245	RRH	False	0.22841812744744586	0.21228	False
ENSG00000180251	SLC9A4	False	0.22623379379936526	0.14704	False
ENSG00000180257	ZNF816	False	0.37292979036843116	0.10148	False
ENSG00000180263	FGD6	False	0.009641794546127095	0.012949	False
ENSG00000180269	GPR139	False	0.15212759988670657	0.10895	False
ENSG00000180287	PLD5	False	0.4884813228461633	0.036194	False
ENSG00000180304	OAZ2	False	0.11227362337783006	0.23102	False
ENSG00000180305	WFDC10A	False	0.6140363049540642		False
ENSG00000180316	PNPLA1	False	0.4163447118390263	0.59806	False
ENSG00000180318	ALX1	False	0.18571606908916077		False
ENSG00000180329	CCDC43	False	0.017375045709898954	0.2404	False
ENSG00000180332	KCTD4	False	0.3423089285387596	0.077389	False
ENSG00000180336	MEIOC	False	0.02314090008418401	0.14338	False
ENSG00000180340	FZD2	False	0.028314945344183533	0.11961	False
ENSG00000180346	TIGD2	False	0.15501300069752944	0.3869	False
ENSG00000180347	ITPRID1	False	0.015119090040491688	0.18472	False
ENSG00000180353	HCLS1	False	0.08266115158973582	0.6137	False
ENSG00000180357	ZNF609	False	0.49717143171922584	0.064331	False
ENSG00000180370	PAK2	True	0.8089853970690657	0.16383	False
ENSG00000180376	CCDC66	False	0.4044667592122934	0.17069	False
ENSG00000180383	DEFB124	False	0.6511901152301106		False
ENSG00000180386	KRTAP9-7	False	0.18402250571230847	0.20003	False
ENSG00000180398	MCFD2	False	0.24242028622598014	0.46724	False
ENSG00000180423	HARBI1	False	0.0728355347427036	0.62426	False
ENSG00000180425	C11orf71	False	0.08223730411534232	0.6303	False
ENSG00000180432	CYP8B1	False	0.327090410193193	0.039628	False
ENSG00000180447	GAS1	False	0.5130634638748697		False
ENSG00000180448	ARHGAP45	False	0.3084896942634082	0.016567	False
ENSG00000180475	OR10Q1	False	0.41986705662916424		False
ENSG00000180479	ZNF571	False	0.21783297513570485	0.22012	False
ENSG00000180481	GLIPR1L2	False	0.01900175674143954	0.01393	False
ENSG00000180483	DEFB119	False	0.6559753082905719	0.40649	False
ENSG00000180488	MIGA1	False	0.3008218616500896	0.082614	False
ENSG00000180530	NRIP1	False	0.028794476166472557	0.31683	False
ENSG00000180532	ZSCAN4	False	0.0009699781986398929	0.11347	False
ENSG00000180535	BHLHA15	False	0.4693102272881088	0.15231	False
ENSG00000180537	RNF182	False	0.18323135055258155	0.011582	False
ENSG00000180543	TSPYL5	False	0.06799912106527026	0.091176	False
ENSG00000180549	FUT7	False	0.13046331539728626		False
ENSG00000180592	SKIDA1	False	0.7905744387230615	0.12508	False
ENSG00000180611	MB21D2	False	0.3493023589421939	0.1214	False
ENSG00000180613	GSX2	False	0.13027697450584033	0.2163	False
ENSG00000180616	SSTR2	False	0.04878403644342224	0.12854	False
ENSG00000180626	ZNF594	False	0.01137293613128671		False
ENSG00000180628	PCGF5	False	0.7580520591158535	0.14517	False
ENSG00000180638	SLC47A2	False	0.29621654578369166	0.086376	False
ENSG00000180644	PRF1	False	0.502741074642689	0.35201	False
ENSG00000180660	MAB21L1	False	0.6029721495371543	0.26532	False
ENSG00000180667	YOD1	False	0.8118433277405723	0.25846	False
ENSG00000180694	TMEM64	False	0.015857817221617252	0.02449	False
ENSG00000180697	C3orf22	False	0.018700703343243096	0.14499	False
ENSG00000180708	OR10K2	False	0.6262928466165893		False
ENSG00000180720	CHRM4	False	0.05572817979036097	0.012204	False
ENSG00000180730	SHISA2	False	0.30599931575400385	0.42427	False
ENSG00000180739	S1PR5	False	0.39626200925372074		False
ENSG00000180745	CLRN3	False	0.662096733786711	0.43038	False
ENSG00000180758	GPR157	False	0.00869400073500813	0.17709	False
ENSG00000180767	CHST13	False	0.018847180898699308	0.15272	False
ENSG00000180773	SLC36A4	False	0.23818729222795687	0.10901	False
ENSG00000180776	ZDHHC20	False	0.41807493070491863	0.16711	False
ENSG00000180785	OR51E1	False	0.005981127023799591	0.44989	False
ENSG00000180787	ZFP3	False	0.19382705641965547	0.22457	False
ENSG00000180801	ARSJ	False	0.6271398117014593	0.2321	False
ENSG00000180806	HOXC9	False	0.5211504573814429	0.1169	False
ENSG00000180817	PPA1	False	0.40652137028423835	0.30954	False
ENSG00000180818	HOXC10	False	0.15414942216330108	0.61569	False
ENSG00000180822	PSMG4	False	0.12225229507977818	0.019243	False
ENSG00000180855	ZNF443	False	0.33344857782420195	0.3025	False
ENSG00000180871	CXCR2	False	0.0017380299430876725	0.11129	False
ENSG00000180875	GREM2	False	0.7673451786542791	0.17278	False
ENSG00000180878	C11orf42	False	0.003192589507049493	0.14534	False
ENSG00000180881	CAPS2	False	0.12696167218959425	0.091755	False
ENSG00000180884	ZNF792	False	0.06915653845390538	0.41682	False
ENSG00000180891	CUEDC1	False	0.07659170149027941	0.43614	False
ENSG00000180900	SCRIB	False	0.042108413989200226	0.34522	False
ENSG00000180901	KCTD2	False	0.07329658604969375	0.045621	False
ENSG00000180902	D2HGDH	True	0.25341961657662176	0.13425	False
ENSG00000180914	OXTR	False	0.03030713595961929	0.029193	False
ENSG00000180917	CMTR2	False	0.4437290397143113	0.019774	False
ENSG00000180919	OR56B4	False	0.000887487296595923		False
ENSG00000180921	FAM83H	False	0.11596883346136584	0.46645	False
ENSG00000180929	GPR62	False	0.2083631925442823		False
ENSG00000180938	ZNF572	False	0.6150257784626674	0.22313	False
ENSG00000180974	OR52E4	False	0.010077333880174223	0.48097	False
ENSG00000180992	MRPL14	False	0.0009586543502568579	0.21271	False
ENSG00000180998	GPR137C	False	0.3377816086901461	0.33327	False
ENSG00000180999	C1orf105	False	0.33346733040612414	0.29316	False
ENSG00000181001	OR52N1	False	0.028192657875234527	0.28568	False
ENSG00000181004	BBS12	False	0.2684423538574217	0.49182	False
ENSG00000181007	ZFP82	False	0.25344493826529657	0.23104	False
ENSG00000181016	LSMEM1	False	0.2512707068783537	0.17894	False
ENSG00000181019	NQO1	False	0.11983536801050808	0.0017596	False
ENSG00000181023	OR56B1	False	0.11872778238885308	0.45694	False
ENSG00000181026	AEN	False	0.6382148953325955	0.27723	False
ENSG00000181027	FKRP	True	0.06829991309199157	0.13423	False
ENSG00000181029	TRAPPC5	False	4.745994830334231e-05	0.00098291	False
ENSG00000181031	RPH3AL	False	0.03515146665540904	0.34418	False
ENSG00000181035	SLC25A42	False	0.12885308104009574	0.093763	False
ENSG00000181036	FCRL6	False	0.08439911909694607	0.083978	False
ENSG00000181038	METTL23	False	0.7013609999200221	0.12445	False
ENSG00000181045	SLC26A11	False	0.1251563449930521	0.12754	False
ENSG00000181061	HIGD1A	False	0.2898875512984496		False
ENSG00000181072	CHRM2	False	0.13198928927375045	0.042874	False
ENSG00000181074	OR52N4	False	0.2521968583566017	0.43839	False
ENSG00000181085	MAPK15	False	0.0891476137159561	0.38514	False
ENSG00000181090	EHMT1	True	0.184200311327838	0.056271	False
ENSG00000181092	ADIPOQ	False	0.09022811563932417	0.0019178	False
ENSG00000181104	F2R	False	0.1764370187057382	0.022111	False
ENSG00000181135	ZNF707	False	0.26725013366297695		False
ENSG00000181143	MUC16	False	0.0028754076588468976	0.10634	False
ENSG00000181163	NPM1	False	0.35028987325830485	0.36552	False
ENSG00000181192	DHTKD1	False	0.23335244292025928	0.54389	False
ENSG00000181195	PENK	False	0.2368560994320045	0.16928	False
ENSG00000181220	ZNF746	False	0.5865289986753685	0.15695	False
ENSG00000181234	TMEM132C	False	0.0024681449961732314	0.41222	False
ENSG00000181240	SLC25A41	False	0.01860660097577941	0.078968	False
ENSG00000181273	OR5AK2	False	0.15565310814915906	0.20532	False
ENSG00000181274	FRAT2	False	0.7427854727938219	0.26159	False
ENSG00000181284	TMEM102	False	0.01603355768711165	0.3701	False
ENSG00000181291	TMEM132E	False	0.026364104426375594	0.13711	False
ENSG00000181322	NME9	False	0.20394145070698283	0.059452	False
ENSG00000181323	SPEM1	False	0.019862451704084388	0.32037	False
ENSG00000181333	HEPHL1	False	0.0466954607278712	0.49079	False
ENSG00000181350	LRRC75A	False	0.12742998021384602	0.33765	False
ENSG00000181371	OR5M8	False	0.27488196505192336		False
ENSG00000181374	CCL13	False	0.6917966481921857	0.1568	False
ENSG00000181378	CFAP65	False	0.08619012321125223	0.026208	False
ENSG00000181381	DDX60L	False	0.07390298761488383	0.15702	False
ENSG00000181392	SYNE4	False	0.1919871137580924	0.22744	False
ENSG00000181396	OGFOD3	False	0.00772470580260113	0.11828	False
ENSG00000181408	UTS2R	False	0.02944665555002183		False
ENSG00000181409	AATK	False	0.0074653351299144854	0.0031873	False
ENSG00000181418	DDN	False	0.29512711061225255	0.36598	False
ENSG00000181444	ZNF467	False	0.31897110922126876	0.0057955	False
ENSG00000181449	SOX2	True	0.4042486557097244	0.085083	False
ENSG00000181458	TMEM45A	False	0.3643238820893597	0.23842	False
ENSG00000181472	ZBTB2	False	0.09167103013462831	0.0010715	False
ENSG00000181481	RNF135	False	0.2653587491485435	0.14406	False
ENSG00000181499	OR6T1	False	0.17473716765477276	0.34093	False
ENSG00000181513	ACBD4	False	0.020713174036691297	0.51713	False
ENSG00000181518	OR8D4	False	0.037124279805589834		False
ENSG00000181523	SGSH	True	0.0069159796262203655	0.24973	False
ENSG00000181541	MAB21L2	False	0.7544797851436651	0.17103	False
ENSG00000181552	EDDM3B	False	0.3259988874015334		False
ENSG00000181555	SETD2	False	0.1377349581909338	0.16424	False
ENSG00000181562	EDDM3A	False	0.004637624956335846		False
ENSG00000181585	TMIE	False	0.10594899753923154	0.074399	False
ENSG00000181588	MEX3D	False	0.05035658873117697	0.42695	False
ENSG00000181609	OR52D1	False	0.48733652266542316	0.15598	False
ENSG00000181610	MRPS23	False	0.07187003882371641	0.4241	False
ENSG00000181619	GPR135	False	0.014116628902768111	0.23746	False
ENSG00000181626	ANKRD62	False	0.08125880070267429	0.03779	False
ENSG00000181631	P2RY13	False	0.29235611110141685	0.2573	False
ENSG00000181634	TNFSF15	False	0.20863309040460423	0.65121	False
ENSG00000181649	PHLDA2	False	0.38502188709216595	0.023098	False
ENSG00000181652	ATG9B	False	0.11593064764721796	0.19526	False
ENSG00000181656	GPR88	False	0.20280831482316167	0.53215	False
ENSG00000181690	PLAG1	False	0.015703961835227036	0.1573	False
ENSG00000181693	OR8H1	False	0.42392784193770916		False
ENSG00000181698	OR5T1	False	0.5237034142311727	0.29545	False
ENSG00000181722	ZBTB20	False	0.49016544702246956	0.013983	False
ENSG00000181733	OR2Z1	False	0.7163690319979223		False
ENSG00000181744	DIPK2A	False	0.016466803403379145	0.093917	False
ENSG00000181752	OR8K5	False	0.006044157293204584		False
ENSG00000181754	AMIGO1	False	0.02488251630712437	0.032113	False
ENSG00000181761	OR8H3	False	0.03243495761781202		False
ENSG00000181767	OR8H2	False	0.24065019161397408		False
ENSG00000181773	GPR3	False	0.5565862501492551	0.48211	False
ENSG00000181778	TMEM252	False	0.1864953742495507	0.24397	False
ENSG00000181781	ODF3L2	False	0.06469555875340903	0.2795	False
ENSG00000181785	OR5AS1	False	0.4922083648373239		False
ENSG00000181786	ACTL9	False	0.03145913423045865	0.27834	False
ENSG00000181788	SIAH2	False	0.03580679732847518	0.12359	False
ENSG00000181789	COPG1	False	0.036588603083026874	0.44276	False
ENSG00000181790	ADGRB1	False	0.15376595404947435	0.046113	False
ENSG00000181803	OR6S1	False	0.002225541052040494		False
ENSG00000181804	SLC9A9	False	0.10678077534760635	0.081285	False
ENSG00000181817	LSM10	False	0.2399093047340145	0.092519	False
ENSG00000181826	RELL1	False	0.06315618444851093	0.18213	False
ENSG00000181830	SLC35C1	False	0.7082070249262649	0.29094	False
ENSG00000181847	TIGIT	False	0.12161603180951691	0.35381	False
ENSG00000181852	RNF41	False	0.36180308824032603	0.024537	False
ENSG00000181856	SLC2A4	False	0.6086572993164776	0.51872	False
ENSG00000181867	FTMT	False	0.13895867853654986	0.026097	False
ENSG00000181873	IBA57	True	0.14880708824886607	0.0089243	False
ENSG00000181885	CLDN7	False	0.230252349665797	0.41539	False
ENSG00000181894	ZNF329	False	0.20261234487821414	0.028275	False
ENSG00000181896	ZNF101	False	0.1297988097527803	0.26853	False
ENSG00000181903	OR4C6	False	0.034463343069629726	0.12311	False
ENSG00000181904	C5orf24	False	0.10303562001831869		False
ENSG00000181915	ADO	False	0.3358522406722886	0.066223	False
ENSG00000181924	COA4	False	0.6705199282973109	0.11423	False
ENSG00000181929	PRKAG1	False	0.9573104735911806	0.2578	False
ENSG00000181938	GINS3	False	0.16766782937840596	0.28406	False
ENSG00000181961	OR4A16	False	0.5224464469625378		False
ENSG00000181963	OR52K2	False	0.5487541647456913	0.39814	False
ENSG00000181965	NEUROG1	False	0.0984241817208664	0.064791	False
ENSG00000181982	CCDC149	False	0.6826365677820116	0.33836	False
ENSG00000181991	MRPS11	False	0.47423398215007195	0.20792	False
ENSG00000182010	RTKN2	False	0.40906698542376346	0.24401	False
ENSG00000182013	PNMA8A	False	0.07154105330531325	0.17997	False
ENSG00000182022	CHST15	False	0.04299036794507095	0.013019	False
ENSG00000182035	ADIG	False	0.17347881971624468	0.75411	False
ENSG00000182040	USH1G	False	0.29211464230526774	0.34433	False
ENSG00000182050	MGAT4C	False	0.01516132499538514	0.26659	False
ENSG00000182053	TRIM49B	False	0.25649455989667236	0.075782	False
ENSG00000182054	IDH2	True	0.31869098794817385	0.49162	False
ENSG00000182070	OR52A1	False	0.3306878624433437	0.38463	False
ENSG00000182077	PTCHD3	False	0.019382149981916383	0.2581	False
ENSG00000182083	OR6B2	False	0.08339583639775178	0.40249	False
ENSG00000182087	TMEM259	False	0.6156297669924644	0.088078	False
ENSG00000182095	TNRC18	False	0.279736852257384	0.096531	False
ENSG00000182103	FAM181B	False	0.17484410043947207	0.079998	False
ENSG00000182107	TMEM30B	False	0.560940158683118	0.11595	False
ENSG00000182111	ZNF716	False	0.21555537842654915	0.34822	False
ENSG00000182118	FAM89A	False	0.5303717570420865	0.24977	False
ENSG00000182132	KCNIP1	False	0.2671838066302474	0.18482	False
ENSG00000182134	TDRKH	False	0.26632441899621423	0.22195	False
ENSG00000182141	ZNF708	False	0.027985195163678717	0.099527	False
ENSG00000182149	IST1	False	8.501767663907784e-06	0.1742	False
ENSG00000182156	ENPP7	False	0.49406996090279687	0.096143	False
ENSG00000182158	CREB3L2	False	0.32281945690633385	0.25702	False
ENSG00000182168	UNC5C	False	0.395400464517339		False
ENSG00000182170	MRGPRG	False	0.003635821230304836		False
ENSG00000182173	TSEN54	True	0.0017047794502155424	0.00042356	False
ENSG00000182175	RGMA	False	0.10630077046978091	0.11262	False
ENSG00000182177	ASB18	False	0.14696604239117614	0.21943	False
ENSG00000182179	UBA7	False	0.4257541838290242	0.35409	False
ENSG00000182180	MRPS16	False	0.04965171069551811	0.51314	False
ENSG00000182183	SHISAL2A	False	0.11493489035019828	0.18319	False
ENSG00000182185	RAD51B	False	0.2993416885351734	0.054966	False
ENSG00000182187	CRYGB	False	0.19346786158556492	0.27597	False
ENSG00000182196	ARL6IP4	False	0.08826495857461691	0.11041	False
ENSG00000182197	EXT1	False	0.005979121380943987	0.037146	False
ENSG00000182199	SHMT2	False	0.4228918021039879	0.20046	False
ENSG00000182208	MOB2	False	0.4284968931684764	0.5246	False
ENSG00000182218	HHIPL1	False	0.006340132209622364	0.048486	False
ENSG00000182223	ZAR1	False	0.44507738522831886	0.13154	False
ENSG00000182224	CYB5D1	False	0.09741063219270807	0.22773	False
ENSG00000182240	BACE2	False	0.24030934024831202	0.13452	False
ENSG00000182247	UBE2E2	False	0.8357683509840061	0.55831	False
ENSG00000182253	SYNM	False	0.18505138973221769	0.20684	False
ENSG00000182255	KCNA4	False	0.14585058941979925	0.090917	False
ENSG00000182256	GABRG3	False	0.02620783741457081	0.02708	False
ENSG00000182261	NLRP10	False	0.19834499801360242	0.81685	False
ENSG00000182263	FIGN	False	0.47160357974371747	0.057413	False
ENSG00000182264	IZUMO1	False	0.025829143272729903	0.20188	False
ENSG00000182271	TMIGD1	False	0.7144865886582217	0.082017	False
ENSG00000182272	B4GALNT4	False	0.31375795283455243	0.57635	False
ENSG00000182307	C8orf33	False	0.09363352708914692	0.15948	False
ENSG00000182308	DCAF4L1	False	0.47942094658231227	0.2352	False
ENSG00000182318	ZSCAN22	False	0.17545086297146617	0.079819	False
ENSG00000182324	KCNJ14	False	0.12989349824714408	0.053924	False
ENSG00000182325	FBXL6	False	0.2994796327559088	0.16432	False
ENSG00000182326	C1S	False	0.36039710780842527	0.37482	False
ENSG00000182327	GLTPD2	False	0.17881663373240775	0.30244	False
ENSG00000182329	KIAA2012	False	0.1000750951919372	0.071175	False
ENSG00000182333	LIPF	False	0.3537900341320599	0.23599	False
ENSG00000182334	OR5P3	False	0.5626177087821828	0.28948	False
ENSG00000182346	DAOA	False	0.3320105877807746	0.21843	False
ENSG00000182348	ZNF804B	False	0.0029990693694355954	0.35371	False
ENSG00000182359	KBTBD3	False	0.2580147427145124	0.34587	False
ENSG00000182362	YBEY	False	0.36156316548630296	0.297	False
ENSG00000182372	CLN8	True	0.4332882104252821	0.30401	False
ENSG00000182379	NXPH4	False	0.21936336681276047	0.0027981	False
ENSG00000182389	CACNB4	False	0.4234899662544478	0.092014	False
ENSG00000182393	IFNL1	False	0.012938858491718237	0.12464	False
ENSG00000182405	PGBD4	False	0.43528733707024847	0.17991	False
ENSG00000182446	NPLOC4	False	0.0006268879938332544	0.0071693	False
ENSG00000182447	OTOL1	False	0.09248713036473022	0.09817	False
ENSG00000182450	KCNK4	True	0.34435061378206117	0.15239	False
ENSG00000182459	TEX19	False	0.08761805691661018		False
ENSG00000182463	TSHZ2	False	0.281258905330233	0.15955	False
ENSG00000182472	CAPN12	False	0.0778180175374893	0.061637	False
ENSG00000182473	EXOC7	True	0.45114437810153407	0.16949	False
ENSG00000182481	KPNA2	False	0.5550110892017978	0.40501	False
ENSG00000182504	CEP97	False	0.14532004513561064	0.30488	False
ENSG00000182511	FES	False	0.1133125181681526	0.36406	False
ENSG00000182533	CAV3	False	0.3567586994714061	0.64234	False
ENSG00000182534	MXRA7	False	0.642676260798227	0.57087	False
ENSG00000182541	LIMK2	False	0.044866058561795784	0.14091	False
ENSG00000182544	MFSD5	False	0.06569992312987032	0.007393	False
ENSG00000182545	RNASE10	False	0.3417471543999826		False
ENSG00000182551	ADI1	False	0.6848938992492108	0.4101	False
ENSG00000182552	RWDD4	False	0.14005597271412384	0.54687	False
ENSG00000182557	SPNS3	False	0.6275456253562142	0.14019	False
ENSG00000182566	CLEC4G	False	0.05581226989871445	0.04864	False
ENSG00000182568	SATB1	True	1.2330000960303814e-06	0.044607	False
ENSG00000182575	NXPH3	False	0.46157288300702837	0.15516	False
ENSG00000182578	CSF1R	True	0.3619867835438206	0.081142	False
ENSG00000182580	EPHB3	False	0.6762621104103198	0.15338	False
ENSG00000182585	EPGN	False	0.12072537921201952	0.36256	False
ENSG00000182591	KRTAP11-1	False	0.742576245235866	0.10824	False
ENSG00000182601	HS3ST4	False	0.13693429491267467	0.10392	False
ENSG00000182606	TRAK1	True	0.05433079557104646	0.16164	False
ENSG00000182613	OR2V2	False	0.008943680159968695		False
ENSG00000182621	PLCB1	True	0.2233023997502896	0.064945	False
ENSG00000182628	SKA2	False	0.7888819874764567	0.56477	False
ENSG00000182631	RXFP3	False	0.036552975001028054	0.77002	False
ENSG00000182634	OR10G7	False	0.04452885774337918		False
ENSG00000182636	NDN	False	0.19203727095155265	0.034843	False
ENSG00000182645	CCDC172	False	0.006702359196394876	0.54667	False
ENSG00000182667	NTM	False	0.11055009214362316	0.10568	False
ENSG00000182670	TTC3	False	0.011009057297287938	0.031678	False
ENSG00000182674	KCNB2	True	0.1990062417474022	0.096173	False
ENSG00000182676	PPP1R27	False	0.0012183782286297041	0.012524	False
ENSG00000182685	BRICD5	False	0.313863748502786	0.34958	False
ENSG00000182687	GALR2	False	0.03990697166339724	0.24197	False
ENSG00000182698	RESP18	False	0.1724370449805244	0.94299	False
ENSG00000182704	TSKU	False	0.23826660381114376	0.39465	False
ENSG00000182718	ANXA2	False	0.40818582751007265	0.18473	False
ENSG00000182732	RGS6	False	0.5675641399239391	0.073359	False
ENSG00000182742	HOXB4	False	0.08195263087458901	0.29555	False
ENSG00000182747	SLC35D3	False	0.34512151630415383	0.075069	False
ENSG00000182749	PAQR7	False	0.4078298353428324	0.35717	False
ENSG00000182752	PAPPA	False	0.06832450162479328	0.37253	False
ENSG00000182768	NGRN	False	0.25855138005310635	0.45649	False
ENSG00000182771	GRID1	False	0.2835037849503131	0.058361	False
ENSG00000182782	HCAR2	False	0.14056825494125458	0.26212	False
ENSG00000182791	CCDC87	False	0.2627231221812409		False
ENSG00000182793	GSTA5	False	0.347753714547879	0.0021103	False
ENSG00000182795	C1orf116	False	0.20564074795668041	0.24808	False
ENSG00000182809	CRIP2	False	0.1615678871569535	0.017701	False
ENSG00000182810	DDX28	False	0.12491535882805886	0.76126	False
ENSG00000182816	KRTAP13-2	False	0.18308283420746713	0.48567	False
ENSG00000182827	ACBD3	False	0.6774461166523745	0.53781	False
ENSG00000182836	PLCXD3	False	0.03294730595646987	0.39607	False
ENSG00000182853	VMO1	False	0.5465093843776546	0.56393	False
ENSG00000182854	OR4F15	False	0.011610939038938818	0.0040499	False
ENSG00000182858	ALG12	True	0.41218732959167337	0.14541	False
ENSG00000182866	LCK	False	0.13046560151974262	0.19272	False
ENSG00000182870	GALNT9	False	0.49081929182588613	0.28626	False
ENSG00000182871	COL18A1	True	0.0013770450330210166	0.044532	False
ENSG00000182885	ADGRG3	False	0.39849385169187296	0.17511	False
ENSG00000182896	TMEM95	False	0.2962440844405382	0.24193	False
ENSG00000182898	TCHHL1	False	0.1796769175225247	0.26702	False
ENSG00000182901	RGS7	False	0.07647984738974904	0.30123	False
ENSG00000182902	SLC25A18	False	0.3644477470989534	0.082655	False
ENSG00000182903	ZNF721	False	0.3576457154740847	0.29895	False
ENSG00000182919	C11orf54	False	0.29392297889264335	0.11642	False
ENSG00000182923	CEP63	False	0.4780223886319762	0.15713	False
ENSG00000182931	WFDC10B	False	0.3366115641686907	0.9155	False
ENSG00000182934	SRPRA	False	0.2917341359284349	0.30761	False
ENSG00000182938	OTOP3	False	0.33452017210898854	0.059038	False
ENSG00000182944	EWSR1	False	0.512355888164985	0.39298	False
ENSG00000182950	ODF3L1	False	0.1371028136056718	0.088903	False
ENSG00000182957	SPATA13	False	0.10928273011336925	0.41723	False
ENSG00000182963	GJC1	False	0.1937534307147391	0.049149	False
ENSG00000182973	CNOT10	False	0.348636829643092	0.17345	False
ENSG00000182979	MTA1	False	0.03635742148979009	0.0023329	False
ENSG00000182983	ZNF662	False	0.112070755852206	0.34831	False
ENSG00000182985	CADM1	False	0.08902876323080229	0.29455	False
ENSG00000182993	C12orf60	False	0.06910800065503844		False
ENSG00000183010	PYCR1	False	0.04668568615810339	0.29651	False
ENSG00000183011	NAA38	False	0.0365865831774539	0.70724	False
ENSG00000183018	SPNS2	False	0.002087120113766898	0.12747	False
ENSG00000183020	AP2A2	False	0.06881855633599038	0.067311	False
ENSG00000183023	SLC8A1	False	0.13458146096633375	0.16075	False
ENSG00000183024	OR1G1	False	0.514627868556927		False
ENSG00000183032	SLC25A21	False	0.0035741817925750525	0.56169	False
ENSG00000183034	OTOP2	False	0.009911151033720672	0.058665	False
ENSG00000183044	ABAT	True	0.08994036936171097	0.49613	False
ENSG00000183048	SLC25A10	False	0.2718589940214803	0.41356	False
ENSG00000183049	CAMK1D	False	0.31883700837498435	0.037272	False
ENSG00000183060	LYSMD4	False	0.5002215849727778	0.23311	False
ENSG00000183066	WBP2NL	False	0.3918051109208695	0.096244	False
ENSG00000183067	IGSF5	False	0.06414167819435618	0.13698	False
ENSG00000183072	NKX2-5	False	0.41866797252983745	0.18807	False
ENSG00000183077	AFMID	False	0.06711428831936178	0.36371	False
ENSG00000183087	GAS6	False	0.42922774632033267	0.10491	False
ENSG00000183090	FREM3	False	0.3870461947050179	0.041147	False
ENSG00000183091	NEB	False	0.021878072792171088	0.20385	False
ENSG00000183092	BEGAIN	False	0.66424600890378	0.1989	False
ENSG00000183098	GPC6	False	0.7752823607671175	0.16943	False
ENSG00000183111	ARHGEF37	False	0.36774989887510456	0.24701	False
ENSG00000183114	FAM43B	False	0.14729105767978223	0.26366	False
ENSG00000183117	CSMD1	False	0.0021593085729034707	0.024206	False
ENSG00000183128	CALHM3	False	0.4444750143895778	0.046001	False
ENSG00000183134	PTGDR2	False	0.3823238045432065	0.020113	False
ENSG00000183137	CEP57L1	False	0.09494987523635845	0.21182	False
ENSG00000183145	RIPPLY3	False	0.012693175822763067		False
ENSG00000183150	GPR19	False	0.5698637486150349	0.1762	False
ENSG00000183155	RABIF	False	0.06930487808421018	0.19969	False
ENSG00000183160	TMEM119	False	0.5469620208101336	0.057841	False
ENSG00000183161	FANCF	False	0.13594800669997353		False
ENSG00000183166	CALN1	False	0.3014745214802607	0.14927	False
ENSG00000183172	SMDT1	False	0.015458173880455249	0.10495	False
ENSG00000183185	GABRR3	False	0.00046341270766561763	0.32	False
ENSG00000183186	C2CD4C	False	0.08473075392336228	0.49769	False
ENSG00000183196	CHST6	False	0.3115821310069852	0.43742	False
ENSG00000183206	POTEC	False	0.5278854190961124	0.46818	False
ENSG00000183207	RUVBL2	False	0.17751703132404423	0.41956	False
ENSG00000183208	GDPGP1	False	0.02148148461453216	0.12815	False
ENSG00000183230	CTNNA3	False	0.13677448979461398	0.34468	False
ENSG00000183248	PRR36	False	0.06782869547890077	0.35116	False
ENSG00000183251	OR51B4	False	0.218312611263368		False
ENSG00000183255	PTTG1IP	False	0.0005677041342771658	0.040366	False
ENSG00000183258	DDX41	False	0.0036739493490178417	0.23301	False
ENSG00000183260	ABHD16B	False	0.17316079760705594	0.087441	False
ENSG00000183273	CCDC60	False	0.26188664967983166	0.5497	False
ENSG00000183283	DAZAP2	False	0.08364159221280525	0.017008	False
ENSG00000183287	CCBE1	False	0.09827494406177731	0.25649	False
ENSG00000183291	SELENOF	False	0.3151867178081578	0.092645	False
ENSG00000183303	OR5P2	False	0.23883122515982555	0.29004	False
ENSG00000183307	TMEM121B	False	0.23221840864824203	0.27757	False
ENSG00000183309	ZNF623	False	0.13510982699449584	0.34436	False
ENSG00000183310	OR2T34	False	0.4795216752238801		False
ENSG00000183313	OR52L1	False	0.031181045901932915	0.14937	False
ENSG00000183317	EPHA10	False	0.0603762282148607	0.18514	False
ENSG00000183318	SPDYE4	False	0.003425496624328927	0.0096459	False
ENSG00000183323	CCDC125	False	0.24309338465606486	0.14302	False
ENSG00000183324	REC114	False	0.5098534726661177	0.2851	False
ENSG00000183340	JRKL	False	0.5374453732643627	0.34773	False
ENSG00000183346	CABCOCO1	False	0.0655199229135222	0.56895	False
ENSG00000183347	GBP6	False	0.31955738723682725	0.025138	False
ENSG00000183378	OVCH2	False	0.1825870149020511	0.42691	False
ENSG00000183379	SYNDIG1L	False	0.38688761274205447		False
ENSG00000183386	FHL3	False	0.26261105531143925	0.25941	False
ENSG00000183395	PMCH	False	0.2695813652655237	0.25684	False
ENSG00000183396	TMEM89	False	0.41934211429484824	0.045924	False
ENSG00000183401	CCDC159	False	0.22860180773782485	0.0059525	False
ENSG00000183421	RIPK4	False	0.004412692945864484	0.30494	False
ENSG00000183423	LRIT3	False	0.2820187211995721	0.48496	False
ENSG00000183431	SF3A3	False	0.26640685378256107	0.10365	False
ENSG00000183439	TRIM61	False	0.29514735525511465	0.25733	False
ENSG00000183454	GRIN2A	True	0.00230617385570237	0.008644	False
ENSG00000183475	ASB7	False	0.013577946614292239	0.051606	False
ENSG00000183476	SH2D7	False	0.504380690937209	0.1723	False
ENSG00000183484	GPR132	False	0.04168041657867768		False
ENSG00000183486	MX2	False	0.5445468357452319	0.33871	False
ENSG00000183495	EP400	True	0.09307896714511955	0.56827	False
ENSG00000183496	MEX3B	False	0.24986193876483467	0.28875	False
ENSG00000183508	TENT5C	False	0.6896731937776872	0.48615	False
ENSG00000183513	COA5	False	0.2100350369617111	0.91585	False
ENSG00000183520	UTP11	False	0.13295385453067898	0.23011	False
ENSG00000183527	PSMG1	False	0.429254760415286	0.16081	False
ENSG00000183530	PRR14L	False	0.1601476354220265	0.28343	False
ENSG00000183542	KLRC4	False	0.4595124912111852	0.52299	False
ENSG00000183549	ACSM5	False	0.19114024127687007	0.050974	False
ENSG00000183559	C10orf120	False	0.009960682923423107	0.32705	False
ENSG00000183560	IZUMO1R	False	0.07237602828925031	0.1656	False
ENSG00000183569	SERHL2	False	0.022971873906418975	0.096242	False
ENSG00000183570	PCBP3	False	0.20276453185500723	0.20881	False
ENSG00000183571	PGPEP1L	False	0.029659257043144906	0.059607	False
ENSG00000183576	SETD3	False	0.13281731546923753	0.25561	False
ENSG00000183578	TNFAIP8L3	False	0.01544100938022474	0.0248	False
ENSG00000183579	ZNRF3	False	0.21603511515621462		False
ENSG00000183580	FBXL7	False	0.6908479415225366	0.24163	False
ENSG00000183597	TANGO2	True	0.11354494500826473	0.25628	False
ENSG00000183605	SFXN4	False	0.04318071133591598	0.25444	False
ENSG00000183607	GKN2	False	0.5636591063136721	0.31972	False
ENSG00000183615	FAM167B	False	0.8150281369903961	0.40278	False
ENSG00000183617	MRPL54	False	0.2709957085688477	0.16517	False
ENSG00000183621	ZNF438	False	0.0016858472537806186	0.098431	False
ENSG00000183624	HMCES	False	0.3694909768642468	0.3119	False
ENSG00000183625	CCR3	False	0.32811063645782734		False
ENSG00000183638	RP1L1	False	0.11368000713196809	0.23048	False
ENSG00000183647	ZNF530	False	0.10140665541429983	0.20523	False
ENSG00000183655	KLHL25	False	0.2380402891746002	0.062681	False
ENSG00000183665	TRMT12	False	0.5297865377888066	0.19807	False
ENSG00000183668	PSG9	False	0.3060113163734455	0.019717	False
ENSG00000183682	BMP8A	False	0.11914122130865197	0.02569	False
ENSG00000183684	ALYREF	False	0.5911112240851573	0.11315	False
ENSG00000183691	NOG	False	0.19942704688771587	0.2139	False
ENSG00000183695	MRGPRX2	False	0.05610221132692025		False
ENSG00000183696	UPP1	False	0.42790052002634416	0.13816	False
ENSG00000183709	IFNL2	False	0.07330716631315497	0.42154	False
ENSG00000183715	OPCML	False	0.24442669523718075	0.30289	False
ENSG00000183718	TRIM52	False	0.017768752774019386	0.16333	False
ENSG00000183722	LHFPL6	False	0.3238178955816676	0.13307	False
ENSG00000183723	CMTM4	False	0.17047184699964898	0.38385	False
ENSG00000183726	TMEM50A	False	0.2875500227634198	0.23114	False
ENSG00000183733	FIGLA	False	0.21565123376043266	0.3685	False
ENSG00000183735	TBK1	False	0.006140266850992266	0.0050908	False
ENSG00000183741	CBX6	False	0.023391863057839603	0.001933	False
ENSG00000183742	MACC1	False	0.11657603793758983	0.11878	False
ENSG00000183747	ACSM2A	False	0.06019483711127545	0.15124	False
ENSG00000183751	TBL3	False	0.2986636510261486	0.12184	False
ENSG00000183760	ACP7	False	0.2931883492308571	0.11084	False
ENSG00000183762	KREMEN1	False	0.03125191300818848	0.071254	False
ENSG00000183763	TRAIP	False	0.13731452240651887	0.16402	False
ENSG00000183765	CHEK2	False	0.24230890164882035	0.26748	False
ENSG00000183770	FOXL2	False	0.023487877978387087		False
ENSG00000183773	AIFM3	False	0.06179764843075892	0.095893	False
ENSG00000183775	KCTD16	False	0.23253522113453445		False
ENSG00000183778	B3GALT5	False	0.132922164876146		False
ENSG00000183779	ZNF703	False	0.07891323256223932	0.097558	False
ENSG00000183780	SLC35F3	False	0.6080925224210065	0.51287	False
ENSG00000183783	KCTD8	False	0.0816363318883341	0.23024	False
ENSG00000183785	TUBA8	True	0.15997481387022042	0.14825	False
ENSG00000183798	EMILIN3	False	0.06211910913652265	0.17317	False
ENSG00000183801	OLFML1	False	0.019064508163135544	0.0028261	False
ENSG00000183808	RBM12B	False	0.34842815664929405	0.32641	False
ENSG00000183813	CCR4	False	0.22315467012201176	0.80529	False
ENSG00000183814	LIN9	False	0.06079240298519175	0.30836	False
ENSG00000183826	BTBD9	False	0.041099538664751425	0.0059073	False
ENSG00000183828	NUDT14	False	0.515013970786071	0.35752	False
ENSG00000183840	GPR39	False	0.11833950247196541	0.51409	False
ENSG00000183844	FAM3B	False	0.6197933086919492	0.08628	False
ENSG00000183850	ZNF730	False	0.5611189187412118	0.29353	False
ENSG00000183853	KIRREL1	False	0.060840294895234535	0.019526	False
ENSG00000183856	IQGAP3	False	0.18116880354179118	0.44795	False
ENSG00000183864	TOB2	False	0.23433926140756445		False
ENSG00000183873	SCN5A	False	8.105181193433172e-05	0.20636	False
ENSG00000183876	ARSI	False	0.5666938498129324	0.38706	False
ENSG00000183888	SRARP	False	0.3992058734330411	0.17537	False
ENSG00000183891	TTC32	False	0.11080349015337608	0.36735	False
ENSG00000183914	DNAH2	False	0.09387244825867173	0.17287	False
ENSG00000183955	KMT5A	False	0.0004398628410665781	0.23143	False
ENSG00000183960	KCNH8	False	0.46993743331756077	0.020335	False
ENSG00000183963	SMTN	False	0.13005062328023428	0.075488	False
ENSG00000183977	PP2D1	False	0.13263041545329096	0.51348	False
ENSG00000183978	COA3	False	0.46362786675888734	0.25945	False
ENSG00000184005	ST6GALNAC3	False	0.19137417305514007	0.6654	False
ENSG00000184009	ACTG1	True	0.00030779245136560763	0.0011614	False
ENSG00000184012	TMPRSS2	False	0.021285402069300866	0.4836	False
ENSG00000184014	DENND5A	True	0.04870279303791248	0.2529	False
ENSG00000184022	OR2T10	False	0.47211795653346766		False
ENSG00000184056	VPS33B	False	0.04196327116493542		False
ENSG00000184058	TBX1	False	0.10929362276365855		False
ENSG00000184060	ADAP2	False	0.07687949706082688	0.35291	False
ENSG00000184076	UQCR10	False	0.10691398937592933		False
ENSG00000184108	TRIML1	False	0.12695788677542025	0.4369	False
ENSG00000184113	CLDN5	True	0.6272346905754865	0.1374	False
ENSG00000184117	NIPSNAP1	False	0.001508271341375819	0.1106	False
ENSG00000184140	OR4F6	False	0.23672159713159283	0.42821	False
ENSG00000184144	CNTN2	False	0.5861413826719701	0.079423	False
ENSG00000184148	SPRR4	False	0.7199395968785046		False
ENSG00000184155	OR10J5	False	0.0917747794916593	0.13115	False
ENSG00000184156	KCNQ3	True	0.25100837849576474	0.2325	False
ENSG00000184160	ADRA2C	False	0.46909207463467695		False
ENSG00000184162	NR2C2AP	False	0.24579564500754658	0.25746	False
ENSG00000184163	C1QTNF12	False	0.014069662975095005	0.063819	False
ENSG00000184164	CRELD2	False	0.15709302758056878	0.038337	False
ENSG00000184166	OR1D2	False	0.44199812299867025		False
ENSG00000184178	SCFD2	False	0.22094163487352464	0.3802	False
ENSG00000184203	PPP1R2	False	0.5216351997338504	0.3319	False
ENSG00000184207	PGP	False	0.6682285712749843	0.19674	False
ENSG00000184209	SNRNP35	False	0.6244898904646317	0.45081	False
ENSG00000184220	CMSS1	False	0.33071301614365983	0.11858	False
ENSG00000184226	PCDH9	False	0.02483185009237995	0.32464	False
ENSG00000184227	ACOT1	False	0.24760324003425307		False
ENSG00000184232	OAF	False	0.04142841993491156	0.17071	False
ENSG00000184254	ALDH1A3	False	0.07234155176554243	0.045707	False
ENSG00000184261	KCNK12	False	0.10041170042035155	0.20524	False
ENSG00000184271	POU6F1	False	0.4629027490488785	0.23545	False
ENSG00000184276	DEFB108B	False	0.8719968614202992		False
ENSG00000184277	TM2D3	False	0.45665394294781503	0.10065	False
ENSG00000184281	TSSC4	False	0.03712361695419293	0.20863	False
ENSG00000184292	TACSTD2	False	0.05187282735239859	0.016124	False
ENSG00000184302	SIX6	False	0.13497080925130645	0.19846	False
ENSG00000184304	PRKD1	False	0.06066634224664123	0.41322	False
ENSG00000184305	CCSER1	False	0.023868895794537826	0.015755	False
ENSG00000184307	ZDHHC23	False	0.4481192549405236	0.44132	False
ENSG00000184313	MROH7	False	0.2318489555376794	0.29431	False
ENSG00000184330	S100A7A	False	0.19614888605503158	0.0022512	False
ENSG00000184344	GDF3	False	0.7084762396906605	0.38557	False
ENSG00000184345	IQCF2	False	0.40314723132399755	0.5364	False
ENSG00000184347	SLIT3	False	0.014104540699054743	0.061588	False
ENSG00000184349	EFNA5	False	0.27229828404340967		False
ENSG00000184350	MRGPRE	False	0.20099874022696973		False
ENSG00000184351	KRTAP19-1	False	0.293981073756202		False
ENSG00000184361	SPATA32	False	0.0028687622278160277	0.20743	False
ENSG00000184363	PKP3	False	0.0009806600878974974	0.034093	False
ENSG00000184371	CSF1	False	0.08860585093910178		False
ENSG00000184374	COLEC10	False	0.003558061233216836	0.043476	False
ENSG00000184378	ACTRT3	False	0.12518351356536897	0.17447	False
ENSG00000184381	PLA2G6	True	0.1662632122895382	0.50282	False
ENSG00000184384	MAML2	False	0.08784572625778805	0.51615	False
ENSG00000184389	A3GALT2	False	0.1758676143654582	0.070613	False
ENSG00000184394	OR4N5	False	0.06855387605510764		False
ENSG00000184402	SS18L1	False	0.1445649234104472	0.41732	False
ENSG00000184408	KCND2	True	0.18292461322576797	0.26895	False
ENSG00000184428	TOP1MT	False	0.6016113103116747	0.072512	False
ENSG00000184432	COPB2	False	0.2804161409762049	0.14528	False
ENSG00000184434	LRRC19	False	0.6589899902606471	0.030645	False
ENSG00000184436	THAP7	False	0.01296706528224538	0.14677	False
ENSG00000184445	KNTC1	False	0.13937959619010137	0.48033	False
ENSG00000184451	CCR10	False	0.11505336588334941	0.21428	False
ENSG00000184454	NCMAP	False	0.09310023718798065	0.70874	False
ENSG00000184459	BPIFC	False	0.4437567678935419	0.50414	False
ENSG00000184465	WDR27	False	0.01950327921499041	0.27263	False
ENSG00000184470	TXNRD2	False	0.11615008326192384	0.2541	False
ENSG00000184471	C1QTNF8	False	0.00833178056733738	0.1267	False
ENSG00000184478	OR56A3	False	0.05429667464577762	0.13754	False
ENSG00000184486	POU3F2	False	0.03605182246551159		False
ENSG00000184489	PTP4A3	False	0.822861447734764	0.07439	False
ENSG00000184492	FOXD4L1	False	0.005081902910536335	0.099467	False
ENSG00000184497	TMEM255B	False	0.27917142082477814	0.012771	False
ENSG00000184500	PROS1	False	0.21701941401023228	0.4414	False
ENSG00000184502	GAST	False	0.1754578381358084	0.22936	False
ENSG00000184507	NUTM1	False	0.10567565497720369	0.1518	False
ENSG00000184508	HDDC3	False	0.21399684815143818	0.3978	False
ENSG00000184517	ZFP1	False	0.24937151487455492	0.078243	False
ENSG00000184524	CEND1	False	0.05652936009668841	0.4822	False
ENSG00000184530	C6orf58	False	0.1498611471616884	0.15449	False
ENSG00000184544	DHRS7C	False	0.02687720390439129	0.13463	False
ENSG00000184545	DUSP8	False	0.4581556368461709	0.18799	False
ENSG00000184557	SOCS3	False	0.15761412590119414	0.28033	False
ENSG00000184560	SPEM2	False	0.09419396224001401	0.5071	False
ENSG00000184564	SLITRK6	False	0.1523627070375998	0.040341	False
ENSG00000184571	PIWIL3	False	0.6449015220883147	0.3231	False
ENSG00000184574	LPAR5	False	0.2693034369305503	0.26583	False
ENSG00000184575	XPOT	False	0.2288349587424624	0.5544	False
ENSG00000184588	PDE4B	False	0.003124704477699804	0.010081	False
ENSG00000184601	C14orf180	False	0.6444576795447416	0.12069	False
ENSG00000184602	SNN	False	0.872384217335715	0.20854	False
ENSG00000184611	KCNH7	True	0.09156723529300441	0.047606	False
ENSG00000184613	NELL2	False	0.5131518599507136	0.47146	False
ENSG00000184619	KRBA2	False	0.5262024736533097	0.23473	False
ENSG00000184635	ZNF93	False	0.23536034494854657	0.21164	False
ENSG00000184647	PRSS55	False	0.5060372726474467	0.40989	False
ENSG00000184650	ODF4	False	0.0035814728165072625	0.15841	False
ENSG00000184661	CDCA2	False	0.23537873889391026	0.39261	False
ENSG00000184672	RALYL	False	0.06649970474734399	0.14595	False
ENSG00000184677	ZBTB40	False	0.8371236020355305	0.42377	False
ENSG00000184697	CLDN6	False	0.09014831045955116		False
ENSG00000184698	OR51M1	False	0.18053452690651928		False
ENSG00000184708	EIF4ENIF1	False	0.05078246774025742	0.3065	False
ENSG00000184716	SERINC4	False	0.0021598266917046906	0.14874	False
ENSG00000184719	RNLS	False	0.08344411448665259	0.10655	False
ENSG00000184724	KRTAP6-1	False	0.3203269572018223	0.31072	False
ENSG00000184730	APOBR	False	0.31486180773177996	0.28317	False
ENSG00000184731	FAM110C	False	0.1800106014629998	0.054822	False
ENSG00000184743	ATL3	False	0.13107718684289396	0.090279	False
ENSG00000184752	NDUFA12	False	0.2538738602047517	0.096797	False
ENSG00000184787	UBE2G2	False	0.572093067267132	0.21291	False
ENSG00000184792	OSBP2	False	0.5455721472136018	0.1604	False
ENSG00000184811	TRARG1	False	0.5996618886515388	0.32095	False
ENSG00000184814	PRR23B	False	0.013582953648053765		False
ENSG00000184828	ZBTB7C	False	0.10828681326592067	0.35647	False
ENSG00000184838	PRR16	False	0.14519307873255363	0.076369	False
ENSG00000184840	TMED9	False	0.7556667142526112	0.57255	False
ENSG00000184845	DRD1	False	0.0071454902871925345	0.18507	False
ENSG00000184857	TMEM186	False	0.04171008532075515	0.24386	False
ENSG00000184860	SDR42E1	False	0.050100008605388324	0.088717	False
ENSG00000184863	RBM33	False	0.4639295238518003	0.25522	False
ENSG00000184887	BTBD6	False	0.020363042072704396	0.017342	False
ENSG00000184898	RBM43	False	0.17444491705441542	0.1555	False
ENSG00000184900	SUMO3	False	0.6407400882676033	0.35483	False
ENSG00000184903	IMMP2L	False	0.13320229132289743	0.17105	False
ENSG00000184908	CLCNKB	False	0.3683579195259093	0.01402	False
ENSG00000184916	JAG2	False	0.2687738505510621	0.23818	False
ENSG00000184922	FMNL1	False	0.14520831092646982	0.093769	False
ENSG00000184924	PTRHD1	False	0.0035696413775935833	0.42742	False
ENSG00000184925	LCN12	False	0.11563905794336754	0.33263	False
ENSG00000184933	OR6A2	False	0.0029094187435008303	0.036733	False
ENSG00000184937	WT1	False	0.2112220222809046	0.25983	False
ENSG00000184939	ZFP90	False	0.06627616444689753	0.40005	False
ENSG00000184954	OR6C70	False	0.31618736250900803		False
ENSG00000184956	MUC6	False	0.16053927639418183	0.37867	False
ENSG00000184967	NOC4L	False	0.5199068287343309	0.34225	False
ENSG00000184979	USP18	True	0.5586301456538088	0.30643	False
ENSG00000184984	CHRM5	False	0.037148293067552816	0.016246	False
ENSG00000184985	SORCS2	False	0.4594778957402371	0.40282	False
ENSG00000184986	TMEM121	False	0.08605358584362854	0.17022	False
ENSG00000184988	TMEM106A	False	0.552763988076955	0.27459	False
ENSG00000184990	SIVA1	False	0.32017080009485305	0.2728	False
ENSG00000184992	BRI3BP	False	0.04501582814828027	0.27608	False
ENSG00000184995	IFNE	False	0.009536138457662187		False
ENSG00000184999	SLC22A10	False	0.025695353308271367	0.2104	False
ENSG00000185000	DGAT1	False	0.1493560107173961	0.13656	False
ENSG00000185002	RFX6	False	0.4224292939335863	0.50588	False
ENSG00000185008	ROBO2	False	0.021378737454438544	0.0066097	False
ENSG00000185009	AP3M1	False	0.040119064794128315	0.0896	False
ENSG00000185013	NT5C1B	False	0.2612053970945574	0.32879	False
ENSG00000185015	CA13	False	0.0023524051676402763	0.011991	False
ENSG00000185019	UBOX5	False	0.2549373148871075	0.31781	False
ENSG00000185024	BRF1	False	0.05213018789395998	0.05963	False
ENSG00000185028	LRRC14B	False	0.07574661301331938	0.28181	False
ENSG00000185033	SEMA4B	False	0.5236009903204184	0.068762	False
ENSG00000185043	CIB1	False	0.11903837042451816	0.029407	False
ENSG00000185046	ANKS1B	False	0.2629979528109816	0.079292	False
ENSG00000185052	SLC24A3	False	0.2934897864022846	0.3178	False
ENSG00000185053	SGCZ	False	0.10165883347048019	0.42724	False
ENSG00000185069	KRT76	False	0.03527443297512283	0.50587	False
ENSG00000185070	FLRT2	False	0.41276111139828564		False
ENSG00000185085	INTS5	False	0.16793982709479358	0.18161	False
ENSG00000185090	MANEAL	False	0.043672456109515374	0.002031	False
ENSG00000185101	ANO9	False	0.0667625641941967	0.50131	False
ENSG00000185104	FAF1	False	0.027442655261244366	0.0098565	False
ENSG00000185105	MYADML2	False	0.5887703278590851	0.19148	False
ENSG00000185112	FAM43A	False	0.03884384410147402	0.077807	False
ENSG00000185115	NSMCE3	False	0.17449836405804198		False
ENSG00000185122	HSF1	False	0.11695174961682264	0.16876	False
ENSG00000185127	C6orf120	False	0.21533860593682608	0.078732	False
ENSG00000185133	INPP5J	False	0.05992513891812509	0.080633	False
ENSG00000185149	NPY2R	False	0.004118372799992024	0.045252	False
ENSG00000185155	MIXL1	False	0.10125975080093404	0.57112	False
ENSG00000185156	MFSD6L	False	0.13407337922025486	0.06951	False
ENSG00000185158	LRRC37B	False	0.07064925327681243	0.29862	False
ENSG00000185163	DDX51	False	0.33967084263315356	0.13584	False
ENSG00000185176	AQP12B	False	0.055134712766455644	0.053705	False
ENSG00000185177	ZNF479	False	0.39960154657121033	0.089379	False
ENSG00000185187	SIGIRR	False	0.015661892632508157	0.014997	False
ENSG00000185189	NRBP2	False	0.3272901937838125	0.22103	False
ENSG00000185198	PRSS57	False	0.20136330474233857	0.014485	False
ENSG00000185201	IFITM2	False	0.3496698978166901	0.60545	False
ENSG00000185215	TNFAIP2	False	0.0630924761048112	0.040191	False
ENSG00000185219	ZNF445	False	0.07761219874155784	0.046992	False
ENSG00000185220	PGBD2	False	0.21345811896506922	0.12548	False
ENSG00000185231	MC2R	False	0.662983172266741	0.34395	False
ENSG00000185236	RAB11B	True	0.6784121438624817	0.10628	False
ENSG00000185238	PRMT3	False	0.30494361931461955	0.17794	False
ENSG00000185245	GP1BA	False	0.2926578279615092	0.1098	False
ENSG00000185246	PRPF39	False	0.11113957907230433	0.08402	False
ENSG00000185250	PPIL6	False	0.2712313164204866	0.27256	False
ENSG00000185252	ZNF74	False	0.03242770710451657	0.27717	False
ENSG00000185261	KIAA0825	False	0.35224704093706277	0.056657	False
ENSG00000185264	TEX33	False	0.3209909843107267	0.2453	False
ENSG00000185267	CDNF	False	0.1882157092510779	0.18413	False
ENSG00000185269	NOTUM	False	0.19609414548770418	0.051907	False
ENSG00000185271	KLHL33	False	0.001523062198053879	0.42303	False
ENSG00000185272	RBM11	False	0.24560075940240647	0.21192	False
ENSG00000185274	GALNT17	False	0.22542824485214888	0.27797	False
ENSG00000185278	ZBTB37	False	0.43684204484617684	0.1379	False
ENSG00000185290	NUPR2	False	0.5762738127701711	0.4204	False
ENSG00000185294	SPPL2C	False	0.059964505268283716	0.051689	False
ENSG00000185298	CCDC137	False	0.257157332170583	0.61617	False
ENSG00000185303	SFTPA2	False	0.08450015257965049	0.027966	False
ENSG00000185304	RGPD2	False	0.12151792030778441	0.40089	False
ENSG00000185305	ARL15	False	0.14397138863840905	0.28234	False
ENSG00000185306	C12orf56	False	0.155209569888951	0.10118	False
ENSG00000185313	SCN10A	True	0.322258062453304	0.052358	False
ENSG00000185324	CDK10	False	0.056857835032248526	0.32329	False
ENSG00000185339	TCN2	False	0.3540090311355596	0.19611	False
ENSG00000185340	GAS2L1	False	0.1667620987666935	0.13612	False
ENSG00000185344	ATP6V0A2	True	0.06825104837644044	0.62755	False
ENSG00000185345	PRKN	False	0.0710214687600299	0.034855	False
ENSG00000185347	TEDC1	False	0.041572126100569096	0.0054544	False
ENSG00000185352	HS6ST3	False	0.15333309641451984	0.37096	False
ENSG00000185359	HGS	False	0.09122129579035781	0.17325	False
ENSG00000185361	TNFAIP8L1	False	0.01538354983186509	0.28227	False
ENSG00000185372	OR2V1	False	0.010691013035550301	0.29816	False
ENSG00000185379	RAD51D	False	0.030235306631392313	0.35363	False
ENSG00000185385	OR7A17	False	0.0731441771866536		False
ENSG00000185386	MAPK11	False	0.10585561975630685	0.28275	False
ENSG00000185404	SP140L	False	0.42032850594509785	0.023214	False
ENSG00000185420	SMYD3	False	0.1761613830885078	0.25271	False
ENSG00000185432	METTL7A	False	0.2456204163910347	0.14068	False
ENSG00000185436	IFNLR1	False	0.16063403547506946	0.050078	False
ENSG00000185437	SH3BGR	False	0.8227099369299382	0.3407	False
ENSG00000185442	FAM174B	False	0.5696797645778838	0.85492	False
ENSG00000185453	ZSWIM9	False	0.42668532947973825	0.34534	False
ENSG00000185467	KPNA7	False	0.02838959134808845	0.21525	False
ENSG00000185475	TMEM179B	False	0.013460189251220701	0.071547	False
ENSG00000185477	GPRIN3	False	0.0068006376343272825	0.18798	False
ENSG00000185479	KRT6B	False	0.04918165831778177	0.10471	False
ENSG00000185480	PARPBP	False	0.5560918309421128	0.61928	False
ENSG00000185482	STAC3	False	0.18360530809117484	0.32495	False
ENSG00000185483	ROR1	False	0.6106725278797698	0.16942	False
ENSG00000185499	MUC1	False	0.5223646821259	0.27614	False
ENSG00000185504	FAAP100	False	0.1673253211723571	0.05808	False
ENSG00000185507	IRF7	False	0.5381715908726925	0.22821	False
ENSG00000185513	L3MBTL1	False	0.4081891497551793	0.099218	False
ENSG00000185518	SV2B	False	0.2362116945142732	0.044401	False
ENSG00000185522	LMNTD2	False	0.013793146778887166	0.077718	False
ENSG00000185523	SPATA45	False	0.8819138914153994	0.62626	False
ENSG00000185527	PDE6G	False	0.6338304603847669	0.56694	False
ENSG00000185532	PRKG1	False	0.1741565127838363	0.094128	False
ENSG00000185551	NR2F2	False	0.31552662439065243	0.49868	False
ENSG00000185559	DLK1	False	0.09967994861367324	0.033116	False
ENSG00000185561	TLCD2	False	0.16259928116765937	0.19355	False
ENSG00000185565	LSAMP	False	0.21808192942146098	0.19606	False
ENSG00000185567	AHNAK2	False	0.00027117044793610265	0.41177	False
ENSG00000185585	OLFML2A	False	0.527798635912069	0.2308	False
ENSG00000185591	SP1	False	0.0026301890561062184	0.062779	False
ENSG00000185608	MRPL40	False	0.0393267933194703	0.02436	False
ENSG00000185610	DBX2	False	0.2034143275911141	0.52805	False
ENSG00000185615	PDIA2	False	0.0071012032863947356	0.096417	False
ENSG00000185619	PCGF3	False	0.06360733698930417	0.41309	False
ENSG00000185624	P4HB	False	0.8083883907836519	0.3605	False
ENSG00000185627	PSMD13	False	0.1830326959015217	0.21148	False
ENSG00000185630	PBX1	False	0.3204228671932955	0.2127	False
ENSG00000185633	NDUFA4L2	False	0.10260774926708313	0.31198	False
ENSG00000185634	SHC4	False	0.3180505619239337	0.13425	False
ENSG00000185640	KRT79	False	0.005425468720998549	0.044534	False
ENSG00000185650	ZFP36L1	False	0.23927471419601268	0.24461	False
ENSG00000185652	NTF3	False	0.6723500111646155	0.20277	False
ENSG00000185658	BRWD1	False	0.25835070098291685	0.18488	False
ENSG00000185664	PMEL	False	0.14321205498406506	0.13966	False
ENSG00000185666	SYN3	False	0.26983683464500485	0.37576	False
ENSG00000185669	SNAI3	False	0.4429116646407524	0.068738	False
ENSG00000185674	LYG2	False	0.24276198332132323	0.38884	False
ENSG00000185681	MORN5	False	0.21858885324579608	0.20904	False
ENSG00000185686	PRAME	False	0.16411703238057523	0.29704	False
ENSG00000185697	MYBL1	False	0.15582575633488235	0.069801	False
ENSG00000185716	MOSMO	False	0.540070706667175	0.3696	False
ENSG00000185721	DRG1	False	0.0023146875286425765	0.1578	False
ENSG00000185722	ANKFY1	False	0.02841442198013582	0.046099	False
ENSG00000185728	YTHDF3	False	0.34041090268162266	0.16813	False
ENSG00000185730	ZNF696	False	0.34264292029003696	0.033966	False
ENSG00000185736	ADARB2	False	0.42046950145856676	0.025493	False
ENSG00000185737	NRG3	False	0.009229266804864873	0.016873	False
ENSG00000185739	SRL	False	0.45368233894289633	0.13626	False
ENSG00000185742	C11orf87	False	0.030908519712217503	0.26429	False
ENSG00000185745	IFIT1	False	0.7720749948703847		False
ENSG00000185758	CLDN24	False	0.27124460155048474	0.057943	False
ENSG00000185760	KCNQ5	True	0.04732275632969256	0.20185	False
ENSG00000185761	ADAMTSL5	False	0.2881485024549731	0.0823	False
ENSG00000185774	KCNIP4	False	0.014956143504889493		False
ENSG00000185787	MORF4L1	False	0.4706571775585212	0.29726	False
ENSG00000185792	NLRP9	False	0.07806907097870441	0.63208	False
ENSG00000185798	WDR53	False	0.005052265192860363	0.030668	False
ENSG00000185800	DMWD	False	0.008224823829594927	0.045352	False
ENSG00000185803	SLC52A2	False	0.03709234326503784	0.14454	False
ENSG00000185808	PIGP	True	0.16935235335852106	0.20931	False
ENSG00000185811	IKZF1	False	0.014486641790391898	0.071362	False
ENSG00000185813	PCYT2	True	0.3992125392839103	0.17554	False
ENSG00000185818	NAT8L	False	0.27758634228437634	0.87129	False
ENSG00000185821	OR6C76	False	0.08468809430808966		False
ENSG00000185823	NPAP1	False	0.22716949325943483		False
ENSG00000185838	GNB1L	False	0.09802826026341772	0.041331	False
ENSG00000185842	DNAH14	True	0.07222281225308287	0.71119	False
ENSG00000185860	CCDC190	False	0.25938574249091284	0.1421	False
ENSG00000185862	EVI2B	False	0.06667795844567914	0.28333	False
ENSG00000185863	TMEM210	False	0.6792709898919669	0.41303	False
ENSG00000185869	ZNF829	False	0.016329595330387622	0.09986	False
ENSG00000185873	TMPRSS11B	False	0.08557117475240325	0.14332	False
ENSG00000185875	THNSL1	False	0.4037197557053616	0.034706	False
ENSG00000185880	TRIM69	False	0.3349571302835306	0.60421	False
ENSG00000185885	IFITM1	False	0.09777531748381216	0.061167	False
ENSG00000185888	PRSS38	False	0.05192021074451855	0.13136	False
ENSG00000185896	LAMP1	False	0.2441108399443659	0.081918	False
ENSG00000185899	TAS2R60	False	0.15525486472033734	0.56844	False
ENSG00000185900	POMK	True	0.2914473208433009	0.17216	False
ENSG00000185905	C16orf54	False	0.8100637893735533	0.23617	False
ENSG00000185909	KLHDC8B	False	0.017538856593911367	0.099344	False
ENSG00000185917	SETD4	False	0.038046722267366585	0.28541	False
ENSG00000185920	PTCH1	True	0.09375108426807459	0.059766	False
ENSG00000185924	RTN4RL1	False	0.04299495320687766	0.0021439	False
ENSG00000185926	OR4C46	False	0.057089485551110555	0.3653	False
ENSG00000185933	CALHM1	False	0.1241775699761304	0.071179	False
ENSG00000185940	KRTAP5-5	False	0.2381603848047437	0.44666	False
ENSG00000185946	RNPC3	False	0.11471020918250045	0.15361	False
ENSG00000185947	ZNF267	False	0.5258183432381827	0.36483	False
ENSG00000185950	IRS2	False	0.14162840191816625	0.28522	False
ENSG00000185958	FAM186A	False	0.0034847319719824126	0.24996	False
ENSG00000185962	LCE3A	False	0.522260847506099		False
ENSG00000185963	BICD2	True	0.06315449071620388	0.036999	False
ENSG00000185966	LCE3E	False	0.08717325954585432	0.17287	False
ENSG00000185972	CCIN	False	0.019529659331309197	0.24509	False
ENSG00000185974	GRK1	False	0.6999744975070615	0.32215	False
ENSG00000185982	DEFB128	False	0.2795728050877765		False
ENSG00000185988	PLK5	False	0.197344395068807	0.28314	False
ENSG00000185989	RASA3	False	0.0420702789699378	0.16372	False
ENSG00000186001	LRCH3	False	0.38011467070736515	0.17493	False
ENSG00000186007	LEMD1	False	0.0826832263016059	0.064229	False
ENSG00000186009	ATP4B	False	0.39164249129028594	0.011285	False
ENSG00000186017	ZNF566	False	0.18879387334035508	0.028255	False
ENSG00000186020	ZNF529	False	0.5978666430970447	0.25039	False
ENSG00000186026	ZNF284	False	0.0007732045253629761	0.016307	False
ENSG00000186038	HTR3E	False	0.06691803671174153	0.23386	False
ENSG00000186047	DLEU7	False	0.32262680017219997	0.14416	False
ENSG00000186049	KRT73	False	0.011314382466284058	0.082973	False
ENSG00000186063	AIDA	False	0.2021273271420943	0.14761	False
ENSG00000186074	CD300LF	False	0.3323075486543227	0.05853	False
ENSG00000186075	ZPBP2	False	0.3945906929485581	0.36027	False
ENSG00000186081	KRT5	False	0.035071395950496596	0.047009	False
ENSG00000186088	GSAP	False	0.3169627623468156	0.024693	False
ENSG00000186090	HTR3D	False	0.16711931491202778	0.15014	False
ENSG00000186094	AGBL4	False	0.10271366939512101	0.1275	False
ENSG00000186103	ARGFX	False	0.14402168419502412	0.35671	False
ENSG00000186104	CYP2R1	False	0.1873774499574832	0.064578	False
ENSG00000186105	LRRC70	False	0.04292009901702983	0.1951	False
ENSG00000186106	ANKRD46	False	0.6703448875510014	0.08256	False
ENSG00000186111	PIP5K1C	True	0.0774702512254124	0.022261	False
ENSG00000186113	OR5D14	False	0.40913792509605096	0.22929	False
ENSG00000186115	CYP4F2	False	0.35235216506585654	0.20798	False
ENSG00000186118	TEX38	False	0.1450906370562226	0.21426	False
ENSG00000186119	OR5D18	False	0.26167667269096667		False
ENSG00000186130	ZBTB6	False	0.32107473562433053	0.27647	False
ENSG00000186132	C2orf76	False	0.2700929797793275	0.92274	False
ENSG00000186136	TAS2R42	False	0.6050454939575044		False
ENSG00000186141	POLR3C	False	0.2025709495115747	0.50971	False
ENSG00000186143	PRR30	False	0.037764837180727845	0.20193	False
ENSG00000186146	DEFB131A	False	0.6078410207452336	0.51233	False
ENSG00000186150	UBL4B	False	0.08093801664530005		False
ENSG00000186153	WWOX	True	0.41981521413416567	0.083764	False
ENSG00000186160	CYP4Z1	False	0.031427201774936527	0.033895	False
ENSG00000186174	BCL9L	False	0.3072910607986893	0.40934	False
ENSG00000186184	POLR1D	False	0.6396394570148386	0.38142	False
ENSG00000186185	KIF18B	False	0.2631104164310595	0.40508	False
ENSG00000186187	ZNRF1	False	0.7021177702556309	0.36269	False
ENSG00000186188	FFAR4	False	0.06779437399467575	0.023056	False
ENSG00000186191	BPIFB4	False	0.34498892861968417	0.07478	False
ENSG00000186193	SAPCD2	False	0.15560554614175193	0.11748	False
ENSG00000186197	EDARADD	False	0.09247088038672452	0.51721	False
ENSG00000186198	SLC51B	False	0.059950126858489695	0.38685	False
ENSG00000186204	CYP4F12	False	0.4242707291163432	0.59693	False
ENSG00000186207	LCE5A	False	0.06705393430244805		False
ENSG00000186212	SOWAHB	False	0.08910403657010015	0.37113	False
ENSG00000186222	BLOC1S4	False	0.5185684243540976	0.067484	False
ENSG00000186226	LCE1E	False	0.27023226672526934	0.34125	False
ENSG00000186230	ZNF749	False	0.1238968428430093		False
ENSG00000186231	KLHL32	False	0.16278116984053756	0.053781	False
ENSG00000186260	MRTFB	False	0.206945085587555	0.1894	False
ENSG00000186265	BTLA	False	0.6926593675201073	0.06744	False
ENSG00000186272	ZNF17	False	0.5869961799578498	0.16337	False
ENSG00000186280	KDM4D	False	0.38480157198148407	0.0044722	False
ENSG00000186281	GPAT2	False	0.09621877492723792	0.013205	False
ENSG00000186283	TOR3A	False	0.42795429106253313	0.041777	False
ENSG00000186297	GABRA5	True	0.41687636180300625	0.082325	False
ENSG00000186298	PPP1CC	False	0.24605313226141595	0.16186	False
ENSG00000186300	ZNF555	False	0.3619231553673053	0.41663	False
ENSG00000186306	OR10T2	False	0.010951957453947963		False
ENSG00000186314	PRELID2	False	0.037905257900619396	0.23305	False
ENSG00000186318	BACE1	False	0.006752613060519235	0.1193	False
ENSG00000186326	RGS9BP	False	0.24435667251300597	0.3115	False
ENSG00000186329	TMEM212	False	0.3184257824658365	0.034993	False
ENSG00000186334	SLC36A3	False	0.11219071739732525	0.11665	False
ENSG00000186335	SLC36A2	False	0.1426726655350052	0.23478	False
ENSG00000186340	THBS2	False	0.49488209620370094	0.029411	False
ENSG00000186350	RXRA	False	0.41141114780260307	0.13254	False
ENSG00000186352	ANKRD37	False	0.34156632605303644	0.33059	False
ENSG00000186364	NUDT17	False	0.1658646146652846	0.061547	False
ENSG00000186367	MINAR2	False	0.187370767941052	0.081872	False
ENSG00000186377	CYP4X1	False	0.14152478123399245	0.030978	False
ENSG00000186393	KRT26	False	0.029782365774848146	0.0093827	False
ENSG00000186395	KRT10	False	0.028936737598151522	0.42765	False
ENSG00000186407	CD300E	False	0.31825369206725734	0.32917	False
ENSG00000186409	CCDC30	False	0.16304288991097315	0.23926	False
ENSG00000186417	GLDN	False	0.00011356714055266623	0.031672	False
ENSG00000186431	FCAR	False	0.11253151608112558	0.23736	False
ENSG00000186432	KPNA4	False	0.9666667288977515	0.6984	False
ENSG00000186439	TRDN	False	0.3739495263876633	0.24873	False
ENSG00000186440	OR6P1	False	0.2165643755888174	0.39988	False
ENSG00000186442	KRT3	False	0.10256702554502305	0.24978	False
ENSG00000186446	ZNF501	False	0.23518517072104678	0.23102	False
ENSG00000186451	SPATA12	False	0.05574781058448527	0.20201	False
ENSG00000186452	TMPRSS12	False	0.613849923873689	0.0073552	False
ENSG00000186453	FAM228A	False	0.0047824564611057266	0.39353	False
ENSG00000186458	DEFB132	False	0.10964958369229133		False
ENSG00000186470	BTN3A2	False	0.03626084329469031	0.22409	False
ENSG00000186472	PCLO	True	0.09049654654556466	0.2701	False
ENSG00000186474	KLK12	False	0.07195776611151579	0.29521	False
ENSG00000186479	RGS7BP	False	0.06181582511941301	0.33242	False
ENSG00000186480	INSIG1	False	0.21558598928086986	0.097778	False
ENSG00000186487	MYT1L	True	0.0011614660407518924	0.32886	False
ENSG00000186496	ZNF396	False	0.220471139362615	0.31345	False
ENSG00000186501	TMEM222	True	0.3289931160695633	0.38919	False
ENSG00000186509	OR9Q1	False	0.5803819044275468	0.087291	False
ENSG00000186510	CLCNKA	False	0.0025916097169130362	0.026315	False
ENSG00000186513	OR9Q2	False	0.08719138236983337	0.48379	False
ENSG00000186517	ARHGAP30	False	0.3152657597912063	0.46677	False
ENSG00000186526	CYP4F8	False	0.652403391256204	0.25232	False
ENSG00000186529	CYP4F3	False	0.36949282297085473	0.064031	False
ENSG00000186532	SMYD4	False	0.013490877850767342	0.60141	False
ENSG00000186564	FOXD2	False	0.06975886390968847	0.10373	False
ENSG00000186566	GPATCH8	False	0.1629701612625464	0.19937	False
ENSG00000186567	CEACAM19	False	0.4768043241505233	0.28524	False
ENSG00000186575	NF2	False	0.40981608764971483	0.19133	False
ENSG00000186583	SPATC1	False	0.07607195102999852	0.039235	False
ENSG00000186603	HPDL	True	0.49779334539352593	0.3176	False
ENSG00000186625	KATNA1	False	0.2991391456833714	0.058933	False
ENSG00000186628	FSD2	False	0.02790656414144208	0.044472	False
ENSG00000186635	ARAP1	False	0.4818933689758498	0.28827	False
ENSG00000186638	KIF24	False	0.30355488563823907	0.24012	False
ENSG00000186642	PDE2A	True	0.00032072384952491675	0.00090143	False
ENSG00000186648	CARMIL3	False	0.7584937184161926	0.12818	False
ENSG00000186652	PRG2	False	0.4542038307908697	0.059705	False
ENSG00000186654	PRR5	False	0.03105564445178282	0.31619	False
ENSG00000186660	ZFP91	False	0.45184283670723047	0.10698	False
ENSG00000186665	C17orf58	False	0.59716781830378	0.25384	False
ENSG00000186666	BCDIN3D	False	0.20952709450167573	0.012427	False
ENSG00000186684	CYP27C1	False	0.014791807946221362	0.037127	False
ENSG00000186710	CFAP73	False	0.4402157737322572	0.28834	False
ENSG00000186714	CCDC73	False	0.20543347237549342	0.010389	False
ENSG00000186716	BCR	False	0.18336305479985013	0.23709	False
ENSG00000186723	OR10H1	False	0.5302564857162947	0.08308	False
ENSG00000186732	MPPED1	False	0.5964453114761672	0.19036	False
ENSG00000186765	FSCN2	False	0.08469162293325903	0.29512	False
ENSG00000186766	FOXI2	False	0.024440350675478693	0.17954	False
ENSG00000186777	ZNF732	False	0.4085169490026744	0.22154	False
ENSG00000186788	SPATA31D3	False	0.011343844826371815	0.33706	False
ENSG00000186792	HYAL3	False	0.17296061393248954	0.17959	False
ENSG00000186795	KCNK18	False	0.00021563154748264923	0.13722	False
ENSG00000186803	IFNA10	False	0.02997058631671435		False
ENSG00000186806	VSIG10L	False	0.4772361673409865	0.45872	False
ENSG00000186812	ZNF397	False	0.010629709277363255	0.3919	False
ENSG00000186814	ZSCAN30	False	0.73482282519635	0.25259	False
ENSG00000186815	TPCN1	False	0.045433421877912314	0.12723	False
ENSG00000186818	LILRB4	False	0.8334313596244236	0.22741	False
ENSG00000186827	TNFRSF4	False	0.21395913693466562	0.31021	False
ENSG00000186832	KRT16	False	0.27368175681555806	0.41859	False
ENSG00000186834	HEXIM1	False	0.006700616299122267	0.22184	False
ENSG00000186838	SELENOV	False	0.5195453267786089	0.56234	False
ENSG00000186844	LCE1A	False	0.07611986837204082	0.3962	False
ENSG00000186847	KRT14	False	0.16043835058516132	0.30794	False
ENSG00000186854	TRABD2A	False	0.35867350336387754	0.24925	False
ENSG00000186860	KRTAP17-1	False	0.05313484719351526	0.244	False
ENSG00000186862	PDZD7	False	0.53867453124839	0.56006	False
ENSG00000186866	POFUT2	False	0.006502173804833981	0.34786	False
ENSG00000186867	QRFPR	False	0.0011451232091975376	0.0033216	False
ENSG00000186868	MAPT	False	0.4594865935819423	0.24794	False
ENSG00000186881	OR13F1	False	0.13015135248599397	0.21767	False
ENSG00000186889	TMEM17	False	0.07010983525061164	0.11827	False
ENSG00000186891	TNFRSF18	False	0.041273111412561105	0.033052	False
ENSG00000186895	FGF3	False	0.06277104956529404	0.21053	False
ENSG00000186897	C1QL4	False	0.18617698474006766	0.05038	False
ENSG00000186907	RTN4RL2	False	0.12301405423491206	0.044348	False
ENSG00000186908	ZDHHC17	False	0.4059187340484757	0.54115	False
ENSG00000186910	SERPINA11	False	0.6779579936392259	0.15533	False
ENSG00000186918	ZNF395	False	0.14759430921673994	0.24856	False
ENSG00000186919	ZACN	False	0.006811045124306218	0.27141	False
ENSG00000186925	KRTAP19-6	False	0.3938799309290331		False
ENSG00000186943	OR13C8	False	0.11716279509056926	0.06783	False
ENSG00000186951	PPARA	False	0.047888418664654236	0.40264	False
ENSG00000186952	TMEM232	False	0.013948375281649064	0.053693	False
ENSG00000186967	KRTAP19-4	False	0.021324900040910148		False
ENSG00000186970	KRTAP15-1	False	0.1037875843733536		False
ENSG00000186971	KRTAP13-4	False	0.008566873272151526		False
ENSG00000186973	CFAP144	False	0.014785607120504042	0.26081	False
ENSG00000186976	EFCAB6	False	0.1280650624220762	0.36385	False
ENSG00000186977	KRTAP19-5	False	0.08020261074568774	0.33501	False
ENSG00000186994	KANK3	False	0.3840951610372041	0.47791	False
ENSG00000186998	EMID1	False	0.5504532601439016	0.34499	False
ENSG00000187003	ACTL7A	False	0.0673620671910665	0.23653	False
ENSG00000187017	ESPN	False	0.2753298931971799	0.47172	False
ENSG00000187021	PNLIPRP1	False	0.0004637701641409907	0.0032447	False
ENSG00000187024	PTRH1	False	0.19631567996358645	0.28328	False
ENSG00000187026	KRTAP21-2	False	0.2607870851479937	0.42819	False
ENSG00000187033	SAMD7	False	0.43824970712963585	0.32795	False
ENSG00000187037	GPR141	False	0.05459723345949092	0.056088	False
ENSG00000187045	TMPRSS6	False	0.007819667123907022	0.61241	False
ENSG00000187048	CYP4A11	False	0.10240750230975024	0.2042	False
ENSG00000187049	TMEM216	False	0.20057483698928505	0.19796	False
ENSG00000187051	RPS19BP1	False	0.5332624962450654	0.07001	False
ENSG00000187054	TMPRSS11A	False	0.03382241757963917	0.63249	False
ENSG00000187066	TMEM262	False	0.11909012039708745	0.26849	False
ENSG00000187068	C3orf70	False	0.42037536802428144	0.33681	False
ENSG00000187079	TEAD1	False	0.0010768606914557887	0.048429	False
ENSG00000187091	PLCD1	False	0.24858684756127794	0.42081	False
ENSG00000187094	CCK	False	0.22842104803934118	0.33958	False
ENSG00000187097	ENTPD5	False	0.04740505690859602	0.21617	False
ENSG00000187098	MITF	False	0.6165018202316387	0.16446	False
ENSG00000187105	HEATR4	False	0.002149987858190771	0.039037	False
ENSG00000187109	NAP1L1	False	0.27498111066765896	0.11464	False
ENSG00000187116	LILRA5	False	0.1465071782242776	0.36242	False
ENSG00000187122	SLIT1	False	0.0958380268290941	0.31689	False
ENSG00000187123	LYPD6	False	0.015119601421221224	0.013677	False
ENSG00000187134	AKR1C1	False	0.21794626918711815	0.40204	False
ENSG00000187135	VSTM2B	False	0.15078683123890713	0.47061	False
ENSG00000187140	FOXD3	False	0.09514619406276599	0.14787	False
ENSG00000187144	SPATA21	False	0.2894214641736191	0.15952	False
ENSG00000187147	RNF220	False	0.5276450470071901	0.16115	False
ENSG00000187151	ANGPTL5	False	0.47397508592255677	0.020848	False
ENSG00000187164	SHTN1	False	0.4414726126469658	0.27876	False
ENSG00000187170	LCE4A	False	0.5907599925847649	0.17896	False
ENSG00000187173	LCE2A	False	0.09470724466936939		False
ENSG00000187175	KRTAP12-1	False	0.24991489845525303		False
ENSG00000187180	LCE2C	False	0.4505963993262154	0.13192	False
ENSG00000187187	ZNF546	False	0.13031848545332878	0.25687	False
ENSG00000187189	TSPYL4	False	0.36889054522051706	0.082084	False
ENSG00000187210	GCNT1	False	0.052798546210974594	0.37494	False
ENSG00000187223	LCE2D	False	0.4911074309589184		False
ENSG00000187231	SESTD1	False	0.28231361901576174	0.13829	False
ENSG00000187239	FNBP1	False	0.02277913967378222	0.079035	False
ENSG00000187240	DYNC2H1	True	0.07832572460172084	0.063302	False
ENSG00000187242	KRT12	False	0.5662544076106095	0.17948	False
ENSG00000187244	BCAM	False	0.08423291618838455	0.24906	False
ENSG00000187257	RSBN1L	False	0.025524084201598886	0.0081669	False
ENSG00000187258	NPSR1	False	6.878099156584866e-06	0.048701	False
ENSG00000187260	WDR86	False	0.0959659102585101	0.11977	False
ENSG00000187266	EPOR	False	0.000842741976882531	0.071628	False
ENSG00000187272	KRTAP9-8	False	0.0946402516002484	0.23976	False
ENSG00000187288	CIDEC	False	0.045686094266377174	0.084575	False
ENSG00000187323	DCC	False	0.017782137422195088	0.26786	False
ENSG00000187372	PCDHB13	False	0.07042851824238641	0.32396	False
ENSG00000187391	MAGI2	False	0.06874010406876105	0.39229	False
ENSG00000187398	LUZP2	False	0.031327502841267084	0.3363	False
ENSG00000187446	CHP1	False	0.3369457670015471	0.15056	False
ENSG00000187474	FPR3	False	0.030287787556562147		False
ENSG00000187486	KCNJ11	True	0.10514090847607872	0.23541	False
ENSG00000187492	CDHR4	False	0.10086461046721601	0.19821	False
ENSG00000187498	COL4A1	True	0.3668470414873408	0.47076	False
ENSG00000187510	PLEKHG7	False	0.0038957195152361825	0.10898	False
ENSG00000187513	GJA4	False	0.007228617927593336	0.076595	False
ENSG00000187514	PTMA	False	0.346328603884706		False
ENSG00000187522	HSPA14	False	0.009235898158672541	0.11502	False
ENSG00000187527	ATP13A5	False	0.41510706405257114	0.059623	False
ENSG00000187531	SIRT7	False	0.31201564533264275	0.14995	False
ENSG00000187533	PRR27	False	0.03286229033267471	0.163	False
ENSG00000187535	IFT140	False	0.33919415567124556	0.33904	False
ENSG00000187546	AGMO	True	0.4484547140026991	0.20706	False
ENSG00000187550	SBK2	False	0.34420453578419086	0.10945	False
ENSG00000187553	CYP26C1	False	0.22842030343196182	0.23019	False
ENSG00000187554	TLR5	False	0.7204438224055458		False
ENSG00000187555	USP7	False	0.1535862121421702	0.18298	False
ENSG00000187556	NANOS3	False	0.12902594431975298	0.13207	False
ENSG00000187566	NHLRC1	True	0.14788165210146317	0.17625	False
ENSG00000187569	DPPA3	False	0.17723081498776905	0.25337	False
ENSG00000187581	COX8C	False	0.34476709331534344	0.60746	False
ENSG00000187583	PLEKHN1	False	0.6814382006870281	0.20732	False
ENSG00000187605	TET3	True	0.41554340752777075	0.15602	False
ENSG00000187608	ISG15	False	0.04297933432841372	0.33142	False
ENSG00000187609	EXD3	False	0.19230229648664282	0.39866	False
ENSG00000187612	OR5W2	False	0.2822592159032326		False
ENSG00000187616	MYMK	False	0.6045763976524623	0.51436	False
ENSG00000187624	C17orf97	False	0.04557607426312997	0.24843	False
ENSG00000187626	ZKSCAN4	False	0.23545667123967612	0.22134	False
ENSG00000187627	RGPD1	False	0.7236377380679833	0.55578	False
ENSG00000187630	DHRS4L2	False	0.42781742697311864	0.015645	False
ENSG00000187634	SAMD11	False	0.05791834989298652	0.07283	False
ENSG00000187642	PERM1	False	0.03173765869299752	0.091964	False
ENSG00000187650	VMAC	False	0.18954519617282348	0.19479	False
ENSG00000187658	C5orf52	False	0.045288023640102454	0.015663	False
ENSG00000187664	HAPLN4	False	0.07309627784896536	0.11144	False
ENSG00000187672	ERC2	False	0.05632082730708378	0.52339	False
ENSG00000187676	B3GLCT	False	0.2955602512424368	0.13061	False
ENSG00000187678	SPRY4	False	0.2537271989852352	0.11275	False
ENSG00000187688	TRPV2	False	0.0053474993631209096	0.094925	False
ENSG00000187689	AMTN	False	0.01677839253546099	0.30805	False
ENSG00000187699	C2orf88	False	0.07356842523568075	0.47366	False
ENSG00000187714	SLC18A3	False	0.09190548965955456	0.017783	False
ENSG00000187715	KBTBD12	False	0.041230860097400804	0.032856	False
ENSG00000187720	THSD4	False	0.16589552394733664	0.054519	False
ENSG00000187726	DNAJB13	False	0.6813494827941706	0.2962	False
ENSG00000187730	GABRD	True	0.5518168338386353	0.12599	False
ENSG00000187735	TCEA1	False	0.1354934250776458	0.056312	False
ENSG00000187736	NHEJ1	False	0.25237978053615845	0.41935	False
ENSG00000187741	FANCA	False	0.06531800768682354	0.20118	False
ENSG00000187742	SECISBP2	False	0.0005587274383001776	0.24326	False
ENSG00000187747	OR52B6	False	0.4660968971147458		False
ENSG00000187753	C9orf153	False	0.3987100341652475	0.90238	False
ENSG00000187758	ADH1A	False	0.11639696291602399	0.2816	False
ENSG00000187764	SEMA4D	False	0.0003478587756079957	0.10586	False
ENSG00000187766	KRTAP10-8	False	0.4002072911804765	0.48607	False
ENSG00000187772	LIN28B	False	0.036604778324923294	0.062467	False
ENSG00000187773	DIPK1C	False	0.057781792295725984	0.092832	False
ENSG00000187778	MCRS1	False	0.3507328285021247	0.12756	False
ENSG00000187783	TMEM72	False	0.0499553288650983	0.099531	False
ENSG00000187790	FANCM	False	0.17844542508793998	0.24625	False
ENSG00000187792	ZNF70	False	0.12096519649053421	0.38544	False
ENSG00000187796	CARD9	False	0.17993265591119123	0.24581	False
ENSG00000187800	PEAR1	False	0.4778791649198204	0.27853	False
ENSG00000187801	ZFP69B	False	0.17654180472559067	0.60172	False
ENSG00000187806	TMEM202	False	0.7060896888641128	0.084664	False
ENSG00000187815	ZFP69	False	0.14370686417120151	0.27193	False
ENSG00000187821	HELT	False	0.049164822565473144	0.14389	False
ENSG00000187824	TMEM220	False	0.12054675570358105	0.3812	False
ENSG00000187833	C2orf78	False	0.1397958227887092	0.37131	False
ENSG00000187838	PLSCR3	False	0.826593977750492	0.29646	False
ENSG00000187848	P2RX2	False	0.05163311403593199	0.5551	False
ENSG00000187857	OR6C75	False	0.33413387876177497		False
ENSG00000187860	CCDC157	False	0.2725882287695157	0.1375	False
ENSG00000187862	TTC24	False	0.08807197043926336	0.0276	False
ENSG00000187871	GFRAL	False	0.05244688279178569	0.30177	False
ENSG00000187889	FYB2	False	0.3707852041544656	0.34229	False
ENSG00000187902	SHISA7	False	0.5717360756644762		False
ENSG00000187908	DMBT1	False	0.009502798712569717	0.1172	False
ENSG00000187912	CLEC17A	False	0.09335088855710977	0.10565	False
ENSG00000187918	OR51I2	False	0.3163816754094935	0.12739	False
ENSG00000187922	LCN10	False	0.17460016763969594	0.31309	False
ENSG00000187942	LDLRAD2	False	0.5101050597980472	0.24764	False
ENSG00000187955	COL14A1	False	0.1712911985259111	0.25729	False
ENSG00000187957	DNER	False	0.1372020916999964	0.5852	False
ENSG00000187959	CPSF4L	False	0.17537235350947736	0.35483	False
ENSG00000187961	KLHL17	False	0.4982386327364081	0.37319	False
ENSG00000187987	ZSCAN23	False	0.1021237708976124	0.24186	False
ENSG00000187994	RINL	False	0.47190086539748455	0.13242	False
ENSG00000187997	C17orf99	False	0.06265798646774008	0.48206	False
ENSG00000188000	OR7D2	False	0.29935605808343874		False
ENSG00000188001	TPRG1	False	0.06138533469340862	0.18	False
ENSG00000188011	RTP5	False	0.20684740233940102	0.037602	False
ENSG00000188015	S100A3	False	0.4061112410598563	0.72843	False
ENSG00000188026	RILPL1	False	0.34699215245986126	0.4211	False
ENSG00000188032	C19orf67	False	0.13665470744115668	0.37445	False
ENSG00000188033	ZNF490	False	0.31814249199959316	0.42448	False
ENSG00000188037	CLCN1	False	0.020316702372843654	0.32608	False
ENSG00000188038	NRN1L	False	0.28918701520763046	0.22272	False
ENSG00000188039	NWD1	False	0.019463482571894165	0.042496	False
ENSG00000188050	RNF133	False	0.08548486206435735		False
ENSG00000188051	TMEM221	False	0.3617730349533605	0.36668	False
ENSG00000188056	TREML4	False	0.35131842614523223	0.30496	False
ENSG00000188060	RAB42	False	0.0982162844187945	0.24341	False
ENSG00000188064	WNT7B	False	0.018140923527835327	0.16448	False
ENSG00000188089	PLA2G4E	False	0.05080889689251061	0.39942	False
ENSG00000188092	GPR89B	False	0.10780571054887966	0.17112	False
ENSG00000188095	MESP2	False	0.25244412051925247	0.57985	False
ENSG00000188100	FAM25A	False	0.3478426949669913	0.45704	False
ENSG00000188107	EYS	False	0.08758475886017532	0.44301	False
ENSG00000188112	C6orf132	False	0.1766413926482229	0.028143	False
ENSG00000188124	OR2AG2	False	0.6734736353163284		False
ENSG00000188130	MAPK12	False	0.4083995043423627	0.22284	False
ENSG00000188133	TMEM215	False	0.4125151778813426	0.36122	False
ENSG00000188152	NUTM2G	False	0.04217225216636452	0.39316	False
ENSG00000188155	KRTAP10-6	False	0.24469460236463791	0.11789	False
ENSG00000188157	AGRN	False	0.021446147506281155	0.11773	False
ENSG00000188162	OTOG	False	0.0005123284317242133	0.28629	False
ENSG00000188163	FAM166A	False	0.26572440080070536	0.58959	False
ENSG00000188167	TMPPE	False	0.09966388969046402	0.13988	False
ENSG00000188171	ZNF626	False	0.09232753017593862	0.26671	False
ENSG00000188175	HEPACAM2	False	0.18575410119727992	0.063524	False
ENSG00000188176	SMTNL2	False	0.5267551684169978	0.21972	False
ENSG00000188177	ZC3H6	False	0.43645921682841593	0.099754	False
ENSG00000188186	LAMTOR4	False	0.4375448028141057	0.12198	False
ENSG00000188191	PRKAR1B	False	0.24457227046925037	0.28398	False
ENSG00000188211	NCR3LG1	False	0.0010584541561981034	0.43061	False
ENSG00000188215	DCUN1D3	False	0.3349469948648275	0.2142	False
ENSG00000188227	ZNF793	False	0.009904085571178941	0.16713	False
ENSG00000188229	TUBB4B	False	0.5947161544779562	0.080381	False
ENSG00000188234	AGAP4	False	0.057598403309325266	0.073701	False
ENSG00000188243	COMMD6	False	0.03850594253516539	0.063797	False
ENSG00000188257	PLA2G2A	False	0.09461009095046759	0.058344	False
ENSG00000188263	IL17REL	False	0.21326054682577752	0.34668	False
ENSG00000188266	HYKK	False	0.1822310923089312	0.33538	False
ENSG00000188269	OR7A5	False	0.5236728240190776		False
ENSG00000188277	C15orf62	False	0.08486290186809954	0.00024838	False
ENSG00000188283	ZNF383	False	0.012624902389917371	0.028119	False
ENSG00000188290	HES4	False	0.26929758555347316	0.05108	False
ENSG00000188293	IGFL1	False	0.0065296898127877095	0.1543	False
ENSG00000188295	ZNF669	False	0.09772492766919642	0.33723	False
ENSG00000188305	PEAK3	False	0.6119546486708385	0.072336	False
ENSG00000188306	LRRIQ4	False	0.5790129529790272	0.2754	False
ENSG00000188312	CENPP	False	0.13576060706410814	0.3416	False
ENSG00000188313	PLSCR1	False	0.4467262359778301	0.1899	False
ENSG00000188315	C3orf62	False	0.36358481123802494	0.29796	False
ENSG00000188316	ENO4	False	0.17865786352505122	0.26061	False
ENSG00000188321	ZNF559	False	0.010361833726466409	0.32888	False
ENSG00000188322	SBK1	False	0.06664368279608475		False
ENSG00000188324	OR6C6	False	0.4573208910161004		False
ENSG00000188334	BSPH1	False	0.08993789797146295	0.37768	False
ENSG00000188338	SLC38A3	True	0.004399533227481926	0.45494	False
ENSG00000188340	OR6N2	False	0.19397551882262368		False
ENSG00000188352	FOCAD	False	0.04020501853113105	0.47308	False
ENSG00000188368	PRR19	False	0.016938872253668365	0.48322	False
ENSG00000188372	ZP3	False	0.1449738501851401	0.22835	False
ENSG00000188379	IFNA2	False	0.17180442201321777		False
ENSG00000188385	JAKMIP3	False	0.20446722116808266	0.12452	False
ENSG00000188389	PDCD1	False	0.02554560908451837	0.087927	False
ENSG00000188393	CLEC2A	False	0.6995326729932981	0.56205	False
ENSG00000188394	GPR21	False	0.5523508473850078	0.40049	False
ENSG00000188425	NANOS2	False	0.1441513747428624	0.19134	False
ENSG00000188428	BLOC1S5	False	0.21858430945181778	0.53861	False
ENSG00000188452	CERKL	False	0.05873930618685771	0.18919	False
ENSG00000188467	SLC24A5	False	0.048504081089104034	0.24311	False
ENSG00000188487	INSC	False	0.0017553186282699992	0.053089	False
ENSG00000188488	SERPINA5	False	0.4158709140557556	0.62701	False
ENSG00000188493	ACTMAP	False	0.4593832038565445	0.22258	False
ENSG00000188501	LCTL	False	0.49959727509342144	0.20535	False
ENSG00000188505	NCCRP1	False	0.36344514094884117	0.51972	False
ENSG00000188508	KRTDAP	False	0.0396817816495735	0.14543	False
ENSG00000188517	COL25A1	False	0.054832086170530946	0.50756	False
ENSG00000188522	FAM83G	False	0.22880462173400118	0.031974	False
ENSG00000188523	CFAP77	False	0.05275319492032641	0.032403	False
ENSG00000188529	SRSF10	False	0.7574901547917905	0.079658	False
ENSG00000188554	NBR1	False	0.00018724500852577815	0.62254	False
ENSG00000188558	OR2G6	False	0.2788527029063288		False
ENSG00000188559	RALGAPA2	False	0.5472504608738713	0.63323	False
ENSG00000188566	NDOR1	False	0.0659198795733025	0.60736	False
ENSG00000188580	NKAIN2	False	0.9144011683720568	0.049966	False
ENSG00000188581	KRTAP1-1	False	0.034632587614880146	0.29576	False
ENSG00000188582	PAQR9	False	0.32626824402433	0.00094705	False
ENSG00000188596	CFAP54	False	0.6370716595492392	0.51809	False
ENSG00000188611	ASAH2	False	0.35766922979595817	0.27716	False
ENSG00000188620	HMX3	False	0.023039997552750286	0.23764	False
ENSG00000188624	IGFL3	False	0.24393763515147207	0.14707	False
ENSG00000188626	GOLGA8M	False	0.33405146919572914	0.094487	False
ENSG00000188629	ZNF177	False	0.047852200310932375	0.045739	False
ENSG00000188636	RTL6	False	0.20694414203507652	0.13396	False
ENSG00000188641	DPYD	True	0.21234650741416752	0.19602	False
ENSG00000188643	S100A16	False	0.10985563635065641	0.61746	False
ENSG00000188647	PTAR1	False	0.10912564418976932	0.16683	False
ENSG00000188649	CC2D2B	False	0.0009338885163746376	0.44716	False
ENSG00000188655	RNASE9	False	0.09421952186636735	0.044355	False
ENSG00000188659	SAXO2	False	0.08397138548601543	0.32514	False
ENSG00000188672	RHCE	False	0.14734394317151886	0.072534	False
ENSG00000188674	C2orf80	False	0.34597078778494694	0.64304	False
ENSG00000188677	PARVB	False	0.10716410355474991	0.084797	False
ENSG00000188687	SLC4A5	False	0.07691521210127301	0.42129	False
ENSG00000188690	UROS	False	0.033537648704383964	0.33056	False
ENSG00000188691	OR56A5	False	0.20758761903665574	0.11071	False
ENSG00000188694	KRTAP24-1	False	0.05627038474595136		False
ENSG00000188710	QRFP	False	0.07568686437386593	0.10197	False
ENSG00000188725	SMIM15	False	0.8072220242891289	0.38236	False
ENSG00000188729	OSTN	False	0.8299120392496775	0.33312	False
ENSG00000188730	VWC2	False	0.3214203006575131	0.35014	False
ENSG00000188732	FAM221A	False	0.1914231595108168	0.23245	False
ENSG00000188735	TMEM120B	False	0.048439951756133456	0.031142	False
ENSG00000188738	FSIP2	False	0.09891396115444803	0.13055	False
ENSG00000188739	RBM34	False	0.6861247902672822	0.23182	False
ENSG00000188747	NOXA1	False	0.5112507149361221	0.21645	False
ENSG00000188760	TMEM198	False	0.4278397922953433	0.49758	False
ENSG00000188761	BCL2L15	False	0.12023621774768863	0.01473	False
ENSG00000188763	FZD9	False	0.6694482369168833	0.34175	False
ENSG00000188766	SPRED3	False	0.3835309361900275	0.12212	False
ENSG00000188770	OPTC	False	0.002104969750509882	0.098092	False
ENSG00000188771	PLET1	False	0.015916027324534707	0.31883	False
ENSG00000188778	ADRB3	False	0.266397082909294	0.020889	False
ENSG00000188782	CATSPER4	False	0.13960028341502692	0.21463	False
ENSG00000188783	PRELP	False	0.02667817579110719	0.06507	False
ENSG00000188784	PLA2G2E	False	0.5107314885446024	0.39299	False
ENSG00000188785	ZNF548	False	0.008205954118649049	0.35962	False
ENSG00000188786	MTF1	False	0.08243356910085098	0.1277	False
ENSG00000188800	TMCO2	False	0.4214065442615674	0.098827	False
ENSG00000188803	SHISA6	False	0.1607887065267459	0.3539	False
ENSG00000188807	TMEM201	False	0.09083234236152003	0.16623	False
ENSG00000188811	NHLRC3	False	0.3147323212902551	0.23727	False
ENSG00000188816	HMX2	False	0.35118216315367135	0.18123	False
ENSG00000188817	SNTN	False	0.1900164253175571	0.35446	False
ENSG00000188820	CALHM6	False	0.04697172321597038	0.39187	False
ENSG00000188822	CNR2	False	0.02933616855849092	0.35591	False
ENSG00000188827	SLX4	False	0.12496453149642155	0.055508	False
ENSG00000188833	ENTPD8	False	0.58052538010405	0.022326	False
ENSG00000188846	RPL14	False	0.0177689106548392	0.010313	False
ENSG00000188848	BEND4	False	0.03075638002338897	0.41021	False
ENSG00000188859	FAM78B	False	0.03740999576033975	0.46735	False
ENSG00000188868	ZNF563	False	0.2487274374932986	0.59519	False
ENSG00000188869	TMC3	False	0.231380539285702	0.08968	False
ENSG00000188878	FBF1	False	0.709103234274178	0.049026	False
ENSG00000188883	KLRG2	False	0.29669669567650336	0.087256	False
ENSG00000188886	ASTL	False	0.15532165569450979	0.17638	False
ENSG00000188895	MSL1	False	0.5289237884219125	0.32345	False
ENSG00000188906	LRRK2	False	0.18496534126702832	0.14575	False
ENSG00000188909	BSX	False	0.6224462473154986	0.74016	False
ENSG00000188910	GJB3	False	0.04681413744191642	0.53783	False
ENSG00000188921	HACD4	False	0.3592815206706487	0.35465	False
ENSG00000188931	CFAP126	False	0.08686760885633354	0.30374	False
ENSG00000188938	FAM120AOS	False	8.219712829014232e-05	0.32379	False
ENSG00000188959	C9orf152	False	0.32421129407057403	0.33781	False
ENSG00000188976	NOC2L	False	0.23274984458115286	0.4692	False
ENSG00000188981	MSANTD1	False	0.06549275443178285	0.56233	False
ENSG00000188984	AADACL3	False	0.08908178301212623	0.48134	False
ENSG00000188986	NELFB	False	0.06574912413141097	0.031448	False
ENSG00000188993	LRRC66	False	0.031057711111429152	0.50311	False
ENSG00000188994	ZNF292	False	0.016712155873973664	0.32246	False
ENSG00000188996	HUS1B	False	0.22466983184152797		False
ENSG00000188997	KCTD21	False	0.07714520926132537	0.041362	False
ENSG00000189001	SBSN	False	0.04695861899572365	0.26638	False
ENSG00000189007	ADAT2	False	0.0608401699989176	0.095719	False
ENSG00000189013	KIR2DL4	False	0.4843596799512554	0.029043	False
ENSG00000189042	ZNF567	False	0.11051274913155748	0.035784	False
ENSG00000189043	NDUFA4	False	0.09478184244313992	0.65249	False
ENSG00000189045	ANKDD1B	False	0.01128917412464584	0.07485	False
ENSG00000189046	ALKBH2	False	0.3437938930672308	0.40945	False
ENSG00000189050	RNFT1	False	0.5561615236656792	0.53598	False
ENSG00000189051	RNF222	False	0.19534131133865806	0.10634	False
ENSG00000189052	CGB5	False	0.3274454173637727	0.17026	False
ENSG00000189056	RELN	True	0.009672925811909565	0.053439	False
ENSG00000189057	FAM111B	False	0.28976455795756395		False
ENSG00000189058	APOD	False	0.2011832246020943	0.4579	False
ENSG00000189067	LITAF	False	0.2922911220474551	0.32221	False
ENSG00000189068	VSTM1	False	0.31327910558603744	0.50458	False
ENSG00000189077	TMEM120A	False	0.04357447370587846	0.045229	False
ENSG00000189079	ARID2	False	0.05605242849581874	0.041815	False
ENSG00000189091	SF3B3	False	0.3032894634481234	0.2396	False
ENSG00000189099	PRSS48	False	0.06278112244050467	0.075056	False
ENSG00000189114	BLOC1S3	False	0.24786346116399238	0.27871	False
ENSG00000189120	SP6	False	0.1579526837525391	0.021151	False
ENSG00000189127	ANKRD34B	False	0.14442598690614747	0.26955	False
ENSG00000189129	PLAC9	False	0.2546784568845808	0.17364	False
ENSG00000189134	NKAPL	False	0.05719837281111829	0.83813	False
ENSG00000189139	FSCB	False	0.4737769543850292		False
ENSG00000189143	CLDN4	False	0.023279281204074815	0.37941	False
ENSG00000189144	ZNF573	False	0.053963636861604665	0.0058784	False
ENSG00000189157	FAM47E	False	0.6141144581619711	0.44215	False
ENSG00000189159	JPT1	False	0.5294414821330151	0.074299	False
ENSG00000189164	ZNF527	False	0.03384751775734454	0.25184	False
ENSG00000189167	ZAR1L	False	0.3578546832089109	0.50666	False
ENSG00000189169	KRTAP10-12	False	0.10189272184112842	0.081229	False
ENSG00000189180	ZNF33A	False	0.21555095108381145	0.47357	False
ENSG00000189182	KRT77	False	0.12388678792438394	0.27797	False
ENSG00000189184	PCDH18	False	0.3820067514869049	0.28505	False
ENSG00000189190	ZNF600	False	0.19071587525402006		False
ENSG00000189195	BTBD8	False	0.04436124451119776	0.051574	False
ENSG00000189227	C15orf61	False	0.3903387147826206	0.34893	False
ENSG00000189233	NUGGC	False	0.07585830571941546	0.14847	False
ENSG00000189241	TSPYL1	True	0.0825375510308604	0.40671	False
ENSG00000189266	PNRC2	False	0.19839130691449558	0.28396	False
ENSG00000189269	DRICH1	False	0.07989531208469725	0.098684	False
ENSG00000189280	GJB5	False	0.10224941890591858	0.24105	False
ENSG00000189283	FHIT	False	0.20808435658497473	0.54325	False
ENSG00000189298	ZKSCAN3	False	0.04164724509443492	0.15955	False
ENSG00000189306	RRP7A	False	0.7694466514225513	0.10931	False
ENSG00000189308	LIN54	False	0.12835634542177607	0.17598	False
ENSG00000189319	FAM53B	False	0.03818861025620039	0.56762	False
ENSG00000189320	FAM180A	False	0.09333442493268863	0.092368	False
ENSG00000189334	S100A14	False	0.10184951744236544	0.27232	False
ENSG00000189337	KAZN	False	0.032341345060076264	0.096833	False
ENSG00000189339	SLC35E2B	False	0.15490012496461236	0.20465	False
ENSG00000189350	TOGARAM2	False	0.23096627262818537	0.26689	False
ENSG00000189362	NEMP2	False	0.18750522945272466	0.16686	False
ENSG00000189367	KIAA0408	False	0.014984632020625837	0.57126	False
ENSG00000189375	TBC1D28	False	0.44120786005950696	0.11423	False
ENSG00000189376	C8orf76	False	0.08096923206299768	0.28914	False
ENSG00000189377	CXCL17	False	0.14539948853859372	0.4415	False
ENSG00000189410	SH2D5	False	0.04069478106241435	0.52667	False
ENSG00000189430	NCR1	False	0.006584288772281328	0.042738	False
ENSG00000189433	GJB4	False	0.02656110357365152		False
ENSG00000196071	OR2L13	False	0.13496346904315	0.015044	False
ENSG00000196072	BLOC1S2	False	0.05111418091647345	0.013778	False
ENSG00000196074	SYCP2	False	0.03921869133830249	0.048771	False
ENSG00000196083	IL1RAP	False	0.3816835731117712	0.064304	False
ENSG00000196090	PTPRT	False	0.5572359154835913	0.091085	False
ENSG00000196091	MYBPC1	False	0.36135278629846	0.056532	False
ENSG00000196092	PAX5	False	0.07787164962904183	0.16708	False
ENSG00000196098	OR5K4	False	0.1394409165922216	0.29468	False
ENSG00000196099	OR6M1	False	0.1362891069350503		False
ENSG00000196104	SPOCK3	False	0.7820066787367961	0.36558	False
ENSG00000196109	ZNF676	False	0.007400069982857124	0.41406	False
ENSG00000196110	ZNF699	False	0.017095791664164015	0.45137	False
ENSG00000196116	TDRD7	False	0.410659385610082	0.47109	False
ENSG00000196131	VN1R2	False	0.17406177347933932		False
ENSG00000196132	MYT1	False	0.01445929070291399	0.18614	False
ENSG00000196136	SERPINA3	False	0.3323804856320135	0.022457	False
ENSG00000196139	AKR1C3	False	0.3108575261238823	0.2906	False
ENSG00000196141	SPATS2L	False	0.5414851546595456	0.026411	False
ENSG00000196150	ZNF250	False	0.22647210324368966	0.42809	False
ENSG00000196151	WDSUB1	False	0.22529202179626426	0.13363	False
ENSG00000196152	ZNF79	False	0.06896631276756315	0.37481	False
ENSG00000196154	S100A4	False	0.38620999133433664	0.68574	False
ENSG00000196155	PLEKHG4	False	0.477210237197791	0.55161	False
ENSG00000196156	KRTAP4-3	False	0.008538591607622468	0.23597	False
ENSG00000196159	FAT4	False	0.01009576023263542	0.12551	False
ENSG00000196169	KIF19	False	0.060771741666997336	0.20643	False
ENSG00000196171	OR6K2	False	0.19061863618618005	0.1446	False
ENSG00000196172	ZNF681	False	0.0005274528581947241	0.0038364	False
ENSG00000196177	ACADSB	False	0.3519188708926256	0.4146	False
ENSG00000196182	STK40	False	0.18850857859858608	0.24699	False
ENSG00000196184	OR10J1	False	0.31727182528999603	0.65019	False
ENSG00000196187	TMEM63A	False	0.32277673646541927	0.29995	False
ENSG00000196188	CTSE	False	0.42726650510306163	0.58288	False
ENSG00000196189	SEMA4A	False	0.49668175872987663	0.25555	False
ENSG00000196196	HRCT1	False	0.19464571385584872		False
ENSG00000196199	MPHOSPH8	False	0.2267027173246377	0.40941	False
ENSG00000196208	GREB1	False	0.002096899424737443	0.047671	False
ENSG00000196209	SIRPB2	False	0.7429059130750086	0.2224	False
ENSG00000196214	ZNF766	False	0.06982481440378285	0.44714	False
ENSG00000196218	RYR1	False	0.0045816084680529515	0.42388	False
ENSG00000196220	SRGAP3	False	0.1280209803190878	0.076644	False
ENSG00000196224	KRTAP5-3	False	0.045806772208167	0.40685	False
ENSG00000196227	FAM217B	False	0.014387937036417055	0.37711	False
ENSG00000196228	SULT1C3	False	0.31791790165801764	0.13706	False
ENSG00000196233	LCOR	False	0.017529621781035593		False
ENSG00000196235	SUPT5H	False	0.7527395039518028	0.29477	False
ENSG00000196236	XPNPEP3	False	0.019495070453702575	0.037302	False
ENSG00000196247	ZNF107	False	0.0486475860787138		False
ENSG00000196263	ZNF471	False	0.3687929525860894	0.3467	False
ENSG00000196267	ZNF836	False	0.006465226191599543	0.1888	False
ENSG00000196268	ZNF493	False	0.18255280351044667	0.56451	False
ENSG00000196277	GRM7	True	0.034612362153869584	0.10769	False
ENSG00000196284	SUPT3H	False	0.10885118172357267	0.21459	False
ENSG00000196290	NIF3L1	False	0.23858562196024927	0.2887	False
ENSG00000196296	ATP2A1	False	0.26573850350938594	0.65675	False
ENSG00000196313	POM121	False	0.060490136112840494	0.13747	False
ENSG00000196323	ZBTB44	False	0.17103022903693232	0.47364	False
ENSG00000196335	STK31	False	0.004104854136846363	0.052866	False
ENSG00000196337	CGB7	False	0.07736282852806811	0.014211	False
ENSG00000196341	OR8D1	False	0.23777217206756823		False
ENSG00000196344	ADH7	False	0.10498197666070867	0.22195	False
ENSG00000196345	ZKSCAN7	False	0.35123272468327027	0.30682	False
ENSG00000196350	ZNF729	False	0.04740637160290696	0.26463	False
ENSG00000196352	CD55	False	0.4086193856269053	0.5735	False
ENSG00000196353	CPNE4	False	0.308009524945343	0.18463	False
ENSG00000196357	ZNF565	False	0.21015814323605225	0.048158	False
ENSG00000196358	NTNG2	False	0.06881800466172566	0.18774	False
ENSG00000196361	ELAVL3	False	0.2301807143074418	0.07198	False
ENSG00000196363	WDR5	True	0.057565897750686566	0.054429	False
ENSG00000196365	LONP1	False	6.59210238053173e-05	0.0043325	False
ENSG00000196367	TRRAP	True	0.1293925568274049	0.0090895	False
ENSG00000196371	FUT4	False	0.1928969088614742	0.30812	False
ENSG00000196372	ASB13	False	0.5895718697606593	0.43165	False
ENSG00000196376	SLC35F1	False	0.20810751326773744	0.099072	False
ENSG00000196378	ZNF34	False	0.050327546021645214	0.38648	False
ENSG00000196387	ZNF140	False	0.30113876588001603	0.37822	False
ENSG00000196388	INCA1	False	0.704246265272737	0.62061	False
ENSG00000196391	ZNF774	False	0.007112285846481402	0.33468	False
ENSG00000196396	PTPN1	False	0.33254419696756765	0.0762	False
ENSG00000196405	EVL	False	0.48378516454317055	0.35842	False
ENSG00000196407	THEM5	False	0.025269236088384144	0.1086	False
ENSG00000196408	NOXO1	False	0.03163799718779915	0.044136	False
ENSG00000196411	EPHB4	False	0.09547213352597038	0.35904	False
ENSG00000196415	PRTN3	False	0.21482081442951576	0.62419	False
ENSG00000196417	ZNF765	False	0.3071345363259503	0.063118	False
ENSG00000196418	ZNF124	False	0.27003991501770913	0.12966	False
ENSG00000196419	XRCC6	False	0.10532747080392611	0.40127	False
ENSG00000196420	S100A5	False	0.11673303545910652	0.59882	False
ENSG00000196422	PPP1R26	False	0.2833542606385776	0.53926	False
ENSG00000196428	TSC22D2	False	0.20115819604095564	0.50779	False
ENSG00000196431	CRYBA4	False	0.28444528488782866	0.01445	False
ENSG00000196437	ZNF569	False	0.05186490713817203	0.056432	False
ENSG00000196449	YRDC	False	0.013575918695953699	0.35085	False
ENSG00000196453	ZNF777	False	0.11287457169267993	0.040623	False
ENSG00000196455	PIK3R4	False	0.037872128438274415	0.22498	False
ENSG00000196456	ZNF775	False	0.41428047392304923	0.4498	False
ENSG00000196458	ZNF605	False	0.34072900111066373	0.28732	False
ENSG00000196460	RFX8	False	0.4528284797961375	0.018787	False
ENSG00000196465	MYL6B	False	0.7312470843675882	0.60709	False
ENSG00000196466	ZNF799	False	0.21161921239894177	0.42349	False
ENSG00000196475	GK2	False	0.014458582603917285	0.15215	False
ENSG00000196476	C20orf96	False	0.020862220695564437	0.031809	False
ENSG00000196482	ESRRG	False	0.0032222875566690606	0.16771	False
ENSG00000196497	IPO4	False	0.06940131618025995	0.27955	False
ENSG00000196498	NCOR2	False	0.05093200855782571	0.19192	False
ENSG00000196503	ARL9	False	0.011011863167617993	0.20002	False
ENSG00000196504	PRPF40A	False	0.35712254509649494	0.67103	False
ENSG00000196505	GDAP2	False	0.11995781277951335	0.20406	False
ENSG00000196511	TPK1	True	0.49396156893218524	0.5069	False
ENSG00000196517	SLC6A9	False	0.15476259647134477	0.029802	False
ENSG00000196526	AFAP1	False	0.164653650520111	0.10036	False
ENSG00000196531	NACA	False	0.08662432443853241	0.081386	False
ENSG00000196535	MYO18A	False	0.035589536472289976	0.00021468	False
ENSG00000196544	BORCS6	False	0.027630575806123457	0.23539	False
ENSG00000196547	MAN2A2	False	0.026545395674311092	0.40243	False
ENSG00000196549	MME	False	0.17822473062313385	0.041499	False
ENSG00000196557	CACNA1H	False	0.08841093705200183	0.10147	False
ENSG00000196562	SULF2	False	0.5851406106121637	0.50178	False
ENSG00000196569	LAMA2	True	0.22517878057242413	0.36938	False
ENSG00000196576	PLXNB2	False	0.2680264766515385	0.18851	False
ENSG00000196578	OR5AC2	False	0.16378890375003366		False
ENSG00000196581	AJAP1	False	0.005634230605981359	0.06696	False
ENSG00000196584	XRCC2	False	0.012179225850538345	0.025351	False
ENSG00000196586	MYO6	False	0.30571945188238364	0.051706	False
ENSG00000196588	MRTFA	False	0.03598381452966018	0.11651	False
ENSG00000196591	HDAC2	False	0.31625610916320473	0.2023	False
ENSG00000196597	ZNF782	False	0.07679959371981866	0.12786	False
ENSG00000196600	SLC22A25	False	0.13512375532996568	0.28915	False
ENSG00000196604	POTEF	False	0.6028883144444533	0.098502	False
ENSG00000196605	ZNF846	False	0.1885807932208623	0.14583	False
ENSG00000196611	MMP1	False	0.42920336600739195	0.65773	False
ENSG00000196616	ADH1B	False	0.016823685260895317	0.00041387	False
ENSG00000196620	UGT2B15	False	0.013340173418517655	0.10118	False
ENSG00000196628	TCF4	True	0.012459658834627066	0.05994	False
ENSG00000196636	SDHAF3	False	0.08727866204335687	0.16893	False
ENSG00000196639	HRH1	False	0.036862691663337444	0.13094	False
ENSG00000196642	RABL6	False	0.21752194964736665	0.17568	False
ENSG00000196646	ZNF136	False	0.46771224377940257	0.29488	False
ENSG00000196652	ZKSCAN5	False	0.010885906652411141	0.536	False
ENSG00000196653	ZNF502	False	0.02551873202648475	0.19321	False
ENSG00000196655	TRAPPC4	True	0.5071048630545976	0.2958	False
ENSG00000196659	TTC30B	False	0.07847084367898195	0.21932	False
ENSG00000196660	SLC30A10	False	0.013670367277811572	0.16246	False
ENSG00000196663	TECPR2	False	0.7218418489601743	0.29595	False
ENSG00000196670	ZFP62	False	0.5610228958075469	0.3586	False
ENSG00000196678	ERI2	False	0.06826211789610265	0.36044	False
ENSG00000196684	HSH2D	False	0.27783587098031864	0.31031	False
ENSG00000196689	TRPV1	False	0.07815570935193404	0.23358	False
ENSG00000196693	ZNF33B	False	0.3330146585730437	0.3095	False
ENSG00000196700	ZNF512B	False	0.21332725185820312	0.28055	False
ENSG00000196704	AMZ2	False	0.21100355315610936	0.4263	False
ENSG00000196705	ZNF431	False	0.0022446390563037153	0.19601	False
ENSG00000196712	NF1	True	0.16230186206517175	0.033886	False
ENSG00000196715	VKORC1L1	False	0.22150814506920938	0.291	False
ENSG00000196724	ZNF418	False	0.005002760364952454	0.1127	False
ENSG00000196730	DAPK1	False	0.5103619932224299	0.084562	False
ENSG00000196734	LCE1B	False	0.025061333717612225	0.3482	False
ENSG00000196739	COL27A1	False	0.29088017225217067	0.14537	False
ENSG00000196743	GM2A	True	0.20852502135105924	0.35936	False
ENSG00000196748	CLPSL2	False	0.1696309339511315	0.46515	False
ENSG00000196757	ZNF700	False	0.7195906836388066	0.25752	False
ENSG00000196772	OR14A16	False	0.33963599794644583		False
ENSG00000196776	CD47	False	0.490431013325867		False
ENSG00000196778	OR52K1	False	0.4604821355563923	0.56628	False
ENSG00000196781	TLE1	False	0.17732839138876982	0.028609	False
ENSG00000196792	STRN3	False	0.6735482372646291	0.23845	False
ENSG00000196793	ZNF239	False	0.07328354667210411	0.033916	False
ENSG00000196805	SPRR2B	False	0.6156355817050244	0.47432	False
ENSG00000196811	CHRNG	False	0.28774071001603896	0.25237	False
ENSG00000196812	ZSCAN16	False	0.19404111060380266	0.061895	False
ENSG00000196814	MVB12B	False	0.3162937796871953	0.27503	False
ENSG00000196834	POTEI	False	0.2862487598769869	0.011666	False
ENSG00000196839	ADA	False	0.22585344836060475	0.45776	False
ENSG00000196843	ARID5A	False	0.06371859349776286	0.0901	False
ENSG00000196844	PATE2	False	0.09893652810763208	0.15639	False
ENSG00000196850	PPTC7	False	0.014018261674932633	0.43061	False
ENSG00000196859	KRT39	False	0.2758738223896083	0.28433	False
ENSG00000196860	TOMM20L	False	0.5963886445532176	0.65483	False
ENSG00000196862	RGPD4	False	0.08996361135525578	0.19268	False
ENSG00000196865	NHLRC2	True	0.5739633857549651	0.54463	False
ENSG00000196867	ZFP28	False	0.12423599584006922	0.25154	False
ENSG00000196876	SCN8A	True	0.0016225704508485398	0.00025676	False
ENSG00000196878	LAMB3	False	0.08110799058852838	0.044034	False
ENSG00000196900	TEX43	False	0.6308038170106272	0.46191	False
ENSG00000196911	KPNA5	False	0.2898024366774642	0.10594	False
ENSG00000196912	ANKRD36B	False	0.393361701457673	0.12236	False
ENSG00000196914	ARHGEF12	False	0.15922599928503542	0.020622	False
ENSG00000196917	HCAR1	False	0.2876477697177471		False
ENSG00000196923	PDLIM7	False	0.021315036711453003	0.38177	False
ENSG00000196932	TMEM26	False	0.01536195406127661	0.14384	False
ENSG00000196935	SRGAP1	False	0.08773960798867822	0.59117	False
ENSG00000196937	FAM3C	False	0.38725567758306095	0.6992	False
ENSG00000196943	NOP9	False	0.3941223476828061	0.52276	False
ENSG00000196946	ZNF705A	False	0.01651138183835412	0.0011181	False
ENSG00000196950	SLC39A10	False	0.0649769094881912	0.11864	False
ENSG00000196954	CASP4	False	0.3550113759585193	0.44414	False
ENSG00000196961	AP2A1	False	0.0002948192195066697	0.010323	False
ENSG00000196967	ZNF585A	False	0.048291116346026515	0.15825	False
ENSG00000196968	FUT11	False	0.015077265663115486	0.087218	False
ENSG00000196975	ANXA4	False	0.06783603998347487	0.14451	False
ENSG00000196981	WDR5B	False	0.21176152840421758	0.014108	False
ENSG00000196990	FAM163B	False	0.29755001646286566	0.06504	False
ENSG00000197006	METTL9	False	0.4058893535596267	0.066671	False
ENSG00000197008	ZNF138	False	0.06942482932722266	0.036784	False
ENSG00000197013	ZNF429	False	0.043809275477285935	0.045892	False
ENSG00000197016	ZNF470	False	0.6667841393877396	0.16953	False
ENSG00000197019	SERTAD1	False	0.7194420754888302	0.46718	False
ENSG00000197020	ZNF100	False	0.07390417283744202	0.12486	False
ENSG00000197024	ZNF398	False	0.3910556203805902	0.057419	False
ENSG00000197037	ZSCAN25	False	0.25881960848981195	0.19777	False
ENSG00000197043	ANXA6	False	0.08738560137999404	0.17225	False
ENSG00000197044	ZNF441	False	0.231835540980318	0.3486	False
ENSG00000197046	SIGLEC15	False	0.24830556400082934	0.11658	False
ENSG00000197050	ZNF420	False	0.4511884262128999	0.39951	False
ENSG00000197056	ZMYM1	False	0.17702083876864405	0.20323	False
ENSG00000197062	ZSCAN26	False	0.461533147870561	0.0028698	False
ENSG00000197070	ARRDC1	False	0.06413741919647604	0.14167	False
ENSG00000197077	KIAA1671	False	0.028372019721465185	0.005624	False
ENSG00000197079	KRT35	False	0.18573596770565542	0.50464	False
ENSG00000197081	IGF2R	False	0.05465178209515033	0.013808	False
ENSG00000197084	LCE1C	False	0.11823500518766093	0.16918	False
ENSG00000197093	GAL3ST4	False	0.10963739769917094	0.05244	False
ENSG00000197102	DYNC1H1	True	0.012593378516565553	0.00038453	False
ENSG00000197106	SLC6A17	False	0.04534337173417945	0.23374	False
ENSG00000197110	IFNL3	False	0.1733050645471893	0.070952	False
ENSG00000197111	PCBP2	False	0.629658048993464	0.091729	False
ENSG00000197114	ZGPAT	False	0.09338325748668506	0.10901	False
ENSG00000197119	SLC25A29	False	0.08551011551011427	0.057154	False
ENSG00000197121	PGAP1	False	0.44564573915676786	0.044515	False
ENSG00000197122	SRC	False	0.2988215741838262	0.025665	False
ENSG00000197123	ZNF679	False	0.12700431833981346	0.68762	False
ENSG00000197124	ZNF682	False	0.06275595563593137	0.086642	False
ENSG00000197125	OR8B8	False	0.1361067751799233	0.17938	False
ENSG00000197128	ZNF772	False	0.038080539288512516	0.061811	False
ENSG00000197136	PCNX3	False	0.12044606014428541	0.44241	False
ENSG00000197140	ADAM32	False	0.03400651063697522	0.13063	False
ENSG00000197142	ACSL5	False	0.24785496112896635	0.48304	False
ENSG00000197147	LRRC8B	False	0.21837071119231088	0.13674	False
ENSG00000197150	ABCB8	False	0.0017322331929138736	0.028649	False
ENSG00000197157	SND1	False	0.2776425147065577	0.040527	False
ENSG00000197162	ZNF785	False	0.32035251652305363	0.086189	False
ENSG00000197165	SULT1A2	False	0.37248767333378807	0.027085	False
ENSG00000197168	NEK5	False	0.079966337234022	0.019117	False
ENSG00000197170	PSMD12	False	0.15765396676178475	0.096484	False
ENSG00000197177	ADGRA1	False	0.007244940179260035	0.0070511	False
ENSG00000197181	PIWIL2	False	0.4545728636143792	0.14727	False
ENSG00000197183	NOL4L	False	0.008566409767384507	0.094103	False
ENSG00000197208	SLC22A4	False	0.00490596587220957	0.00578	False
ENSG00000197213	ZSCAN5B	False	0.01045755333833255	0.074424	False
ENSG00000197217	ENTPD4	False	0.021448000868378322	0.24726	False
ENSG00000197223	C1D	False	0.0030597105160355916	0.17566	False
ENSG00000197226	TBC1D9B	False	0.033335399789595675	0.43831	False
ENSG00000197241	SLC2A7	False	0.10733932670738267	0.15196	False
ENSG00000197245	FAM110D	False	0.19485963754287952	0.317	False
ENSG00000197249	SERPINA1	False	0.05737944374438722	0.25629	False
ENSG00000197256	KANK2	False	0.12658590859983423	0.33403	False
ENSG00000197261	C6orf141	False	0.23193296875952682		False
ENSG00000197265	GTF2E2	False	0.4701457101720994	0.0041268	False
ENSG00000197272	IL27	False	0.0011323305069407758	0.3006	False
ENSG00000197273	GUCA2A	False	0.06330960384947745	0.27786	False
ENSG00000197275	RAD54B	False	0.37163317323043327	0.034488	False
ENSG00000197279	ZNF165	False	0.03825681287765183	0.07321	False
ENSG00000197283	SYNGAP1	True	9.173854254600031e-11	5.9462e-08	True
ENSG00000197296	FITM2	False	0.3201842436169617	0.39338	False
ENSG00000197299	BLM	False	0.13623989324263083	0.015395	False
ENSG00000197312	DDI2	False	0.41390031376595804	0.38172	False
ENSG00000197321	SVIL	False	0.03087299555953095	0.42254	False
ENSG00000197323	TRIM33	False	0.04459917817293546	0.010327	False
ENSG00000197324	LRP10	False	0.10493597322300814	0.37625	False
ENSG00000197329	PELI1	False	0.036812849151808595	0.20911	False
ENSG00000197343	ZNF655	False	0.22126934176063323	0.078976	False
ENSG00000197345	MRPL21	False	0.5565111481427171	0.11533	False
ENSG00000197353	LYPD2	False	0.08574412527352816	0.067089	False
ENSG00000197355	UAP1L1	False	0.40082789787710343	0.6347	False
ENSG00000197360	ZNF98	False	0.41649856539678654	0.010693	False
ENSG00000197361	FBXL22	False	0.21636563921096988	0.72393	False
ENSG00000197362	ZNF786	False	0.2669613099662209	0.078155	False
ENSG00000197363	ZNF517	False	0.13982056829933973	0.20568	False
ENSG00000197372	ZNF675	False	0.05794733009189527	0.032496	False
ENSG00000197375	SLC22A5	True	0.24256016561106256	0.2753	False
ENSG00000197380	DACT3	False	0.41357561634470963	0.17543	False
ENSG00000197381	ADARB1	True	0.001295535674857486	0.002841	False
ENSG00000197385	ZNF860	False	0.24990802709983606		False
ENSG00000197386	HTT	True	0.1794098700031784	0.17187	False
ENSG00000197403	OR6N1	False	0.5960863124177275	0.060766	False
ENSG00000197405	C5AR1	False	0.3200441486270711	0.14017	False
ENSG00000197406	DIO3	False	0.3002049445770883	0.0058664	False
ENSG00000197408	CYP2B6	False	0.045613663866550046	0.43784	False
ENSG00000197410	DCHS2	False	0.03589666591901805	0.40743	False
ENSG00000197415	VEPH1	False	0.24386453991748475	0.34769	False
ENSG00000197416	FABP12	False	0.021456565559982294	0.21665	False
ENSG00000197428	OR51D1	False	0.37425738947679754	0.03724	False
ENSG00000197429	IPP	False	0.5048665011863103	0.16746	False
ENSG00000197430	OPALIN	False	0.0028161100795429397	0.28255	False
ENSG00000197437	OR13G1	False	0.4867156750395786		False
ENSG00000197442	MAP3K5	False	0.0002081615166751011	0.2421	False
ENSG00000197444	OGDHL	True	0.8968134776183766	0.030868	False
ENSG00000197446	CYP2F1	False	0.06382913471266392	0.026376	False
ENSG00000197448	GSTK1	False	0.10908011479477536	0.058092	False
ENSG00000197451	HNRNPAB	False	0.06220105436319339	0.26821	False
ENSG00000197454	OR2L5	False	0.13386560799434163		False
ENSG00000197457	STMN3	False	0.26869581586237967	0.60334	False
ENSG00000197461	PDGFA	False	0.06915728236448439	0.09951	False
ENSG00000197465	GYPE	False	0.8068134781876746	0.030755	False
ENSG00000197467	COL13A1	False	0.8579836532074379	0.12989	False
ENSG00000197471	SPN	False	0.21003460670460303		False
ENSG00000197472	ZNF695	False	0.5208867152118382	0.44057	False
ENSG00000197479	PCDHB11	False	0.00931024262142483		False
ENSG00000197483	ZNF628	False	0.2035068214442197	0.30017	False
ENSG00000197487	GALP	False	0.1815452244671943	0.13005	False
ENSG00000197496	SLC2A10	False	0.17453766047737898	0.49145	False
ENSG00000197497	ZNF665	False	0.0014692053927144336	0.064661	False
ENSG00000197498	RPF2	False	0.036596986338036853	0.57846	False
ENSG00000197506	SLC28A3	False	0.036394168749060575	0.68177	False
ENSG00000197520	FAM177B	False	0.1469534606957587	0.32766	False
ENSG00000197530	MIB2	False	0.08282988163149545	0.051978	False
ENSG00000197532	OR6Y1	False	0.012894853515714405	0.37137	False
ENSG00000197535	MYO5A	False	0.20481174713720676	0.288	False
ENSG00000197540	GZMM	False	0.2592678350366131	0.26844	False
ENSG00000197548	ATG7	False	0.11720866252549937	0.15838	False
ENSG00000197555	SIPA1L1	False	0.05133233305160043	0.017016	False
ENSG00000197557	TTC30A	False	0.006312032647721623	0.22177	False
ENSG00000197561	ELANE	False	0.016005189247426693	0.22326	False
ENSG00000197562	RAB40C	False	0.14565590449402122	0.12736	False
ENSG00000197563	PIGN	True	0.255095632824513	0.17404	False
ENSG00000197566	ZNF624	False	0.052268762492194136	0.56191	False
ENSG00000197576	HOXA4	False	0.3824756176828211	0.54946	False
ENSG00000197579	TOPORS	False	0.0873622285985985	0.30061	False
ENSG00000197580	BCO2	False	0.3321762944829434	0.84425	False
ENSG00000197586	ENTPD6	False	0.06193955386698976	0.61071	False
ENSG00000197587	DMBX1	False	0.4669182606378217	0.29728	False
ENSG00000197591	OR11L1	False	0.0035328681842398384		False
ENSG00000197594	ENPP1	False	0.4383215804198095	0.22888	False
ENSG00000197601	FAR1	True	0.06305096402291854	0.029534	False
ENSG00000197603	CPLANE1	False	0.24829199565907736	0.4746	False
ENSG00000197608	ZNF841	False	0.03616593715765578	0.094679	False
ENSG00000197614	MFAP5	False	0.12390542549491755	0.11379	False
ENSG00000197616	MYH6	False	0.03756360820308318	0.02072	False
ENSG00000197619	ZNF615	False	0.179523542577257	0.47645	False
ENSG00000197629	MPEG1	False	0.32010446174038804		False
ENSG00000197632	SERPINB2	False	0.13431226090113738	0.46291	False
ENSG00000197635	DPP4	False	0.1412769862072886	0.36953	False
ENSG00000197641	SERPINB13	False	0.12029249068999928	0.45821	False
ENSG00000197646	PDCD1LG2	False	0.08986647861224976	0.53737	False
ENSG00000197647	ZNF433	False	0.38648976293568227	0.53791	False
ENSG00000197651	CCER1	False	0.6033792601311606	0.46949	False
ENSG00000197653	DNAH10	False	0.0008009480446104396	0.0046191	False
ENSG00000197658	SLC22A24	False	0.024133933208353105	0.31441	False
ENSG00000197683	KRTAP26-1	False	0.2767441269507491		False
ENSG00000197694	SPTAN1	True	0.009904158890276885	0.0078485	False
ENSG00000197696	NMB	False	0.15371916070597455	0.12027	False
ENSG00000197705	KLHL14	False	0.26406017025162193	0.49556	False
ENSG00000197706	OR6C74	False	0.7362738705660945	0.11797	False
ENSG00000197712	FAM114A1	False	0.5345454796084455	0.50989	False
ENSG00000197713	RPE	False	0.2552691624909884	0.32642	False
ENSG00000197714	ZNF460	False	0.39689326683314974	0.40642	False
ENSG00000197721	CR1L	False	0.0038768633366185494	0.10223	False
ENSG00000197724	PHF2	False	0.22166845015805944	0.34939	False
ENSG00000197745	SCGB1D4	False	0.35747323727725805	0.21209	False
ENSG00000197746	PSAP	True	0.06827007128153256	0.49179	False
ENSG00000197748	CFAP43	False	0.006717466381185825	0.06614	False
ENSG00000197753	LHFPL5	False	0.25820583954381826	0.15452	False
ENSG00000197757	HOXC6	False	0.2503978416839531	0.093953	False
ENSG00000197763	TXNRD3	False	0.2980133718754033	0.096431	False
ENSG00000197766	CFD	False	0.5805081470875085	0.46234	False
ENSG00000197768	STPG3	False	0.04907554508586128	0.066846	False
ENSG00000197769	MAP1LC3C	False	0.04128829466664727	0.38618	False
ENSG00000197771	MCMBP	False	0.0006073658370504391	0.37902	False
ENSG00000197774	EME2	False	0.006187859958068886	0.13454	False
ENSG00000197776	KLHDC1	False	0.0277453326164598	0.068544	False
ENSG00000197782	ZNF780A	False	0.07733435657513506	0.011921	False
ENSG00000197785	ATAD3A	False	0.23630726161308163	0.11629	False
ENSG00000197786	OR5B17	False	0.15526182838779568		False
ENSG00000197790	OR52M1	False	0.16421761682447747	0.10116	False
ENSG00000197798	FAM118B	False	0.21707126943577237	0.14367	False
ENSG00000197808	ZNF461	False	0.5503242255844435	0.019876	False
ENSG00000197818	SLC9A8	False	0.4280137392005632	0.38955	False
ENSG00000197822	OCLN	True	0.6791049036677361	0.284	False
ENSG00000197826	CFAP299	False	0.5026427325600072	0.1469	False
ENSG00000197838	CYP2A13	False	0.0024392071475094015	0.11405	False
ENSG00000197841	ZNF181	False	0.04141629911369139	0.051998	False
ENSG00000197849	OR8G1	False	0.0838796192216636		False
ENSG00000197857	ZNF44	False	0.10189600195062018		False
ENSG00000197858	GPAA1	True	0.00029937739807419045	0.01662	False
ENSG00000197859	ADAMTSL2	False	0.28292450472624026	0.03081	False
ENSG00000197860	SGTB	False	0.47894028536955946	0.27816	False
ENSG00000197863	ZNF790	False	0.3707552868567297	0.28997	False
ENSG00000197879	MYO1C	False	0.2887126047676117	0.34615	False
ENSG00000197885	NKIRAS1	False	0.339647196844952	0.54408	False
ENSG00000197889	MEIG1	False	0.19870439934959327	0.51027	False
ENSG00000197891	SLC22A12	False	0.2970978335604917	0.3186	False
ENSG00000197892	KIF13B	False	0.0359843914568978	0.052088	False
ENSG00000197893	NRAP	False	0.4670213846633877	0.57333	False
ENSG00000197894	ADH5	False	0.054109062772441416	0.47302	False
ENSG00000197901	SLC22A6	False	0.5492333277362481	0.38057	False
ENSG00000197905	TEAD4	False	0.028293165830008887	0.6116	False
ENSG00000197912	SPG7	False	0.28689542886072295	0.26898	False
ENSG00000197915	HRNR	False	0.27633643286178217		False
ENSG00000197919	IFNA1	False	0.01607982601364619	0.093387	False
ENSG00000197928	ZNF677	False	0.00982669753803371		False
ENSG00000197930	ERO1A	False	0.017958743370663048	0.10977	False
ENSG00000197933	ZNF823	False	0.22253293601166085	0.038719	False
ENSG00000197935	ZNF311	False	0.648644393595692	0.19938	False
ENSG00000197937	ZNF347	False	0.3640783285486721	0.25428	False
ENSG00000197943	PLCG2	False	0.02338876522691822	0.02519	False
ENSG00000197948	FCHSD1	False	0.020717347937613505	0.48402	False
ENSG00000197951	ZNF71	False	0.07258184659429724		False
ENSG00000197953	AADACL2	False	0.005503735326612849	0.061965	False
ENSG00000197956	S100A6	False	0.3981061696969752	0.06918	False
ENSG00000197958	RPL12	False	0.20702379014844544	0.10565	False
ENSG00000197959	DNM3	False	0.20912340175824895	0.16689	False
ENSG00000197961	ZNF121	False	0.20404381618774478		False
ENSG00000197965	MPZL1	False	0.0003869586167649162	0.02947	False
ENSG00000197969	VPS13A	True	0.03685433028848904	0.012448	False
ENSG00000197971	MBP	False	0.02523667430565332	0.26619	False
ENSG00000197977	ELOVL2	False	0.5069311260472962	0.12402	False
ENSG00000197992	CLEC9A	False	0.324865975334142	0.16189	False
ENSG00000197993	KEL	False	0.028234375169676886	0.13882	False
ENSG00000198000	NOL8	False	0.011051339070689968	0.076773	False
ENSG00000198001	IRAK4	False	0.24917154849653025	0.24186	False
ENSG00000198010	DLGAP2	False	0.07456467233372845		False
ENSG00000198015	MRPL42	False	0.3817191357434102	0.16603	False
ENSG00000198018	ENTPD7	False	0.052841620333818166	0.043003	False
ENSG00000198026	ZNF335	True	0.04499485389039145	0.32318	False
ENSG00000198028	ZNF560	False	0.018940965736858998	0.028511	False
ENSG00000198033	TUBA3C	False	0.1648667288096474	0.31438	False
ENSG00000198039	ZNF273	False	0.3235920865794744	0.30107	False
ENSG00000198040	ZNF84	False	0.12012402745067172	0.29564	False
ENSG00000198042	MAK16	False	0.10178250102147042	0.48928	False
ENSG00000198046	ZNF667	False	0.46084512815805	0.0023353	False
ENSG00000198049	AVPR1B	False	0.2010193966842245	0.41667	False
ENSG00000198053	SIRPA	False	0.21202523512607166	0.052402	False
ENSG00000198055	GRK6	False	0.17915128586153004	0.0028124	False
ENSG00000198056	PRIM1	False	0.07458361500187159	0.45818	False
ENSG00000198074	AKR1B10	False	0.8271064875795207	0.28897	False
ENSG00000198075	SULT1C4	False	0.06949202546581952	0.17593	False
ENSG00000198077	CYP2A7	False	0.4083017579554508	0.23948	False
ENSG00000198081	ZBTB14	False	0.4328854437136994	0.11861	False
ENSG00000198083	KRTAP9-9	False	0.24191231883506376	0.027958	False
ENSG00000198087	CD2AP	False	0.26539510096828406	0.3177	False
ENSG00000198089	SFI1	False	0.10144244792193498	0.1743	False
ENSG00000198092	TMPRSS11F	False	0.2037124502577609	0.25678	False
ENSG00000198093	ZNF649	False	0.12286426028845725	0.31014	False
ENSG00000198099	ADH4	False	0.18420301094547956	0.33423	False
ENSG00000198104	OR2T6	False	0.7251131858462219		False
ENSG00000198105	ZNF248	False	0.2868680776604191	0.093283	False
ENSG00000198108	CHSY3	False	0.19340456291202565	0.1116	False
ENSG00000198113	TOR4A	False	0.4294192795337609	0.008577	False
ENSG00000198121	LPAR1	False	0.5226609150862824	0.63149	False
ENSG00000198125	MB	False	0.6716016646196522	0.16574	False
ENSG00000198128	OR2L3	False	0.22075219320202333		False
ENSG00000198130	HIBCH	False	0.09731184055758099	0.10205	False
ENSG00000198131	ZNF544	False	0.005260848784261653	0.068916	False
ENSG00000198133	TMEM229B	False	0.7285638617265526	0.092398	False
ENSG00000198142	SOWAHC	False	0.2852054347430042	0.38191	False
ENSG00000198146	ZNF770	False	0.00988097442409892	0.0064289	False
ENSG00000198160	MIER1	False	0.2972796713939743	0.15482	False
ENSG00000198162	MAN1A2	False	0.021642240070125555	0.43422	False
ENSG00000198169	ZNF251	False	0.0002954039042337591	0.36923	False
ENSG00000198171	DDRGK1	False	0.38751295442034756	0.33531	False
ENSG00000198176	TFDP1	False	0.07564816934350908	0.19684	False
ENSG00000198178	CLEC4C	False	0.055939610501969515	0.11728	False
ENSG00000198182	ZNF607	False	0.0510927582274347	0.32856	False
ENSG00000198183	BPIFA1	False	0.06674762178029663	0.65179	False
ENSG00000198185	ZNF334	False	0.78130463094031	0.35525	False
ENSG00000198189	HSD17B11	False	0.005458699548667493	0.39272	False
ENSG00000198198	SZT2	True	0.08871742527074758	0.50154	False
ENSG00000198203	SULT1C2	False	0.15817068471485105	0.23265	False
ENSG00000198208	RPS6KL1	False	0.4836633351969841	0.22796	False
ENSG00000198216	CACNA1E	True	0.534970185451393	0.34339	False
ENSG00000198218	QRICH1	False	0.2706472675535475	0.23052	False
ENSG00000198231	DDX42	False	0.2269637649041682	0.091427	False
ENSG00000198242	RPL23A	False	0.0008506527572631667	0.16258	False
ENSG00000198246	SLC29A3	False	0.06740842354512237	0.033101	False
ENSG00000198252	STYX	False	0.7646171644264225		False
ENSG00000198265	HELZ	False	0.0007637210262260588	0.016398	False
ENSG00000198270	TMEM116	False	0.07397420470002099	0.029102	False
ENSG00000198271	KRTAP4-5	False	0.32603439208263024	0.075045	False
ENSG00000198276	UCKL1	False	0.21402036314035428	0.039752	False
ENSG00000198283	OR5B21	False	0.8169510890462518		False
ENSG00000198286	CARD11	False	0.2741951927698915	0.044957	False
ENSG00000198298	ZNF485	False	0.5639335787937653	0.33021	False
ENSG00000198300	PEG3	False	0.5321814845639317	0.17294	False
ENSG00000198301	SDAD1	False	0.6021320831343008	0.20533	False
ENSG00000198315	ZKSCAN8	False	0.1980128846775432	0.029346	False
ENSG00000198324	PHETA1	False	0.24798922394920792		False
ENSG00000198326	TMEM239	False	0.13714048956425792	0.049032	False
ENSG00000198331	HYLS1	False	0.4632802451434971	0.4017	False
ENSG00000198336	MYL4	False	0.2172076537102286	0.15694	False
ENSG00000198342	ZNF442	False	0.10822816729453537	0.020384	False
ENSG00000198346	ZNF813	False	0.0911586344819376	0.14115	False
ENSG00000198353	HOXC4	False	0.245083074883425	0.020491	False
ENSG00000198355	PIM3	False	0.005724503656171466	0.082059	False
ENSG00000198363	ASPH	False	0.2713499084300899	0.33927	False
ENSG00000198369	SPRED2	False	0.03297112295205957	0.024914	False
ENSG00000198373	WWP2	False	0.021785195854968797	0.05446	False
ENSG00000198380	GFPT1	False	0.13550047363156376	0.3121	False
ENSG00000198382	UVRAG	False	0.1253696756296232	0.23308	False
ENSG00000198390	KRTAP13-1	False	0.061723748654592916	0.14662	False
ENSG00000198393	ZNF26	False	0.09132043758344398	0.21235	False
ENSG00000198398	TMEM207	False	0.01977634334095242	0.019668	False
ENSG00000198399	ITSN2	False	0.000956058417364967	0.020543	False
ENSG00000198400	NTRK1	False	0.007154593919125595	0.020831	False
ENSG00000198408	OGA	False	0.02996926183424923	0.27536	False
ENSG00000198417	MT1F	False	0.02187874925630811	0.065784	False
ENSG00000198429	ZNF69	False	0.485023987535411	0.178	False
ENSG00000198431	TXNRD1	False	0.061357256137246144	0.32575	False
ENSG00000198440	ZNF583	False	0.17951447362285353	0.3577	False
ENSG00000198445	CCT8L2	False	0.23317662440356834	0.10143	False
ENSG00000198453	ZNF568	False	0.15058437572709796	0.34926	False
ENSG00000198464	ZNF480	False	0.0880057818785634	0.3055	False
ENSG00000198466	ZNF587	False	0.14326998972615904	0.03789	False
ENSG00000198467	TPM2	False	0.7338324056607639	0.21551	False
ENSG00000198471	RTP2	False	0.04849979805376159	0.24294	False
ENSG00000198478	SH3BGRL2	False	0.03753468735170847	0.0078632	False
ENSG00000198482	ZNF808	False	0.6297651241006804	0.26592	False
ENSG00000198483	ANKRD35	False	0.4771713611781112	0.44064	False
ENSG00000198488	B3GNT6	False	0.19863059250761644	0.25303	False
ENSG00000198492	YTHDF2	False	8.32833043979534e-05	0.33189	False
ENSG00000198498	TMA16	False	0.1193662757072298	0.015728	False
ENSG00000198513	ATL1	False	0.006979861732608786	0.40037	False
ENSG00000198517	MAFK	False	0.07533015242760152	0.1508	False
ENSG00000198520	ARMH1	False	0.1618920338903469	0.27526	False
ENSG00000198521	ZNF43	False	0.46081054429599244	0.57146	False
ENSG00000198522	GPN1	False	0.43003962849576416	0.44364	False
ENSG00000198535	C2CD4A	False	0.47440502586438427	0.033406	False
ENSG00000198538	ZNF28	False	0.06224161723830475	0.13039	False
ENSG00000198542	ITGBL1	False	0.07643789855308777	0.22539	False
ENSG00000198546	ZNF511	False	0.3468113696880242	0.19063	False
ENSG00000198551	ZNF627	False	0.287162342564646	0.11635	False
ENSG00000198553	KCNRG	False	0.17414241200162447	0.50654	False
ENSG00000198554	WDHD1	False	0.6704911498530622	0.21722	False
ENSG00000198556	ZNF789	False	0.17181635814201457	0.18156	False
ENSG00000198561	CTNND1	False	0.24223661965845414	0.23664	False
ENSG00000198563	DDX39B	True	0.48957136162324555	0.76003	False
ENSG00000198569	SLC34A3	False	0.024521680494505267	0.021966	False
ENSG00000198570	RD3	False	0.001115482792919399	0.067216	False
ENSG00000198574	SH2D1B	False	0.10146866502185181	0.1816	False
ENSG00000198576	ARC	False	0.1092326670333495	0.31102	False
ENSG00000198585	NUDT16	False	0.3298774788326732	0.15883	False
ENSG00000198586	TLK1	False	0.36802776095641476	0.1222	False
ENSG00000198589	LRBA	True	0.724958009391677	0.084775	False
ENSG00000198597	ZNF536	False	0.09088386360075165	0.014784	False
ENSG00000198598	MMP17	False	0.06040632118478566	0.25886	False
ENSG00000198601	OR2M2	False	0.04066896603303749	0.25568	False
ENSG00000198604	BAZ1A	False	0.03347872242020334	0.02277	False
ENSG00000198610	AKR1C4	False	0.40203829165817384	0.14814	False
ENSG00000198612	COPS8	False	0.2508575171668368	0.28124	False
ENSG00000198624	CCDC69	False	0.11322692537014221	0.092617	False
ENSG00000198625	MDM4	False	0.38073674216270226	0.19027	False
ENSG00000198626	RYR2	False	5.354624748724845e-07	8.6024e-06	False
ENSG00000198633	ZNF534	False	0.1547601888751833	0.31359	False
ENSG00000198642	KLHL9	False	0.24047539260957979	0.35055	False
ENSG00000198643	FAM3D	False	0.1381241342793868	0.41854	False
ENSG00000198646	NCOA6	False	0.18063826020380105	0.16828	False
ENSG00000198648	STK39	False	0.26203111954305386	0.094981	False
ENSG00000198650	TAT	False	0.0402163583053627	0.035586	False
ENSG00000198663	C6orf89	False	0.39839447289064595	0.3822	False
ENSG00000198670	LPA	False	0.06511383845970009	0.038752	False
ENSG00000198682	PAPSS2	False	0.04967534931070919	0.045809	False
ENSG00000198690	FAN1	False	0.25026164546572	0.56195	False
ENSG00000198691	ABCA4	False	0.016833027706565314	0.013883	False
ENSG00000198700	IPO9	False	0.316488002704038	0.52939	False
ENSG00000198704	GPX6	False	0.5206391736346524	0.13302	False
ENSG00000198707	CEP290	False	0.2526259004245405	0.43694	False
ENSG00000198715	GLMP	False	0.05694081959746729	0.25971	False
ENSG00000198718	TOGARAM1	False	0.04158526976537495	0.010956	False
ENSG00000198719	DLL1	True	0.4531484339420043	0.28732	False
ENSG00000198720	ANKRD13B	False	0.1818042594021356	0.038732	False
ENSG00000198721	ECI2	False	0.3598409155112328	0.24962	False
ENSG00000198722	UNC13B	False	0.36137754529054267	0.45648	False
ENSG00000198723	TEX45	False	0.28562725018763163	0.20926	False
ENSG00000198728	LDB1	False	0.10134980008796471	0.36289	False
ENSG00000198729	PPP1R14C	False	0.7470904133094212	0.40233	False
ENSG00000198730	CTR9	False	0.033245909978562575	0.061299	False
ENSG00000198732	SMOC1	False	0.502029318065166	0.51593	False
ENSG00000198734	F5	False	0.12410626592204586	0.051364	False
ENSG00000198736	MSRB1	False	0.12882985641911707	0.30287	False
ENSG00000198739	LRRTM3	False	0.5489962559395724	0.2909	False
ENSG00000198740	ZNF652	False	0.010967692911504666	0.25505	False
ENSG00000198742	SMURF1	False	0.04301342672555188	0.018678	False
ENSG00000198743	SLC5A3	False	0.0123138383780738	0.23998	False
ENSG00000198746	GPATCH3	False	0.4156276644075788	0.81991	False
ENSG00000198752	CDC42BPB	True	0.048524571004635336	0.056778	False
ENSG00000198754	OXCT2	False	0.3026117223629319	0.324	False
ENSG00000198755	RPL10A	False	0.4316070976224766	0.31224	False
ENSG00000198756	COLGALT2	False	0.005541200563812048	0.098766	False
ENSG00000198758	EPS8L3	False	0.03294475752908359	0.37353	False
ENSG00000198765	SYCP1	False	0.6092522471612808	0.42571	False
ENSG00000198768	APCDD1L	False	0.5385714905244997	0.11126	False
ENSG00000198771	RCSD1	False	0.036294511030780394	0.0063994	False
ENSG00000198774	RASSF9	False	0.12328464284466048	0.47471	False
ENSG00000198780	FAM169A	False	0.324160937287378	0.13189	False
ENSG00000198783	ZNF830	False	0.259992523729714	0.091307	False
ENSG00000198785	GRIN3A	False	0.09693790466990893	0.061804	False
ENSG00000198791	CNOT7	False	0.6316054745608194	0.19928	False
ENSG00000198792	TMEM184B	True	0.5764752485187993	0.45149	False
ENSG00000198793	MTOR	True	0.6839377122710714	0.25609	False
ENSG00000198794	SCAMP5	True	0.4178038908646875	0.31362	False
ENSG00000198795	ZNF521	False	0.563038705879703	0.038113	False
ENSG00000198796	ALPK2	False	0.0712431797722328	0.1386	False
ENSG00000198797	BRINP2	False	0.024692889986615563	0.0049263	False
ENSG00000198799	LRIG2	False	0.02526172401905708	0.2482	False
ENSG00000198805	PNP	False	0.12948906480368505	0.079264	False
ENSG00000198807	PAX9	False	0.6453370912686439	0.6848	False
ENSG00000198812	LRRC10	False	0.49488415723665025	0.22856	False
ENSG00000198815	FOXJ3	False	0.33320556682873576	0.012695	False
ENSG00000198816	ZNF358	False	0.20223573929039868		False
ENSG00000198821	CD247	False	0.8476014122203328	0.37523	False
ENSG00000198822	GRM3	False	0.7950122826315242	0.22735	False
ENSG00000198824	CHAMP1	False	0.03018048656580078	0.093718	False
ENSG00000198825	INPP5F	False	0.36762125845492033	0.17864	False
ENSG00000198826	ARHGAP11A	False	0.37036961728829565	0.013738	False
ENSG00000198829	SUCNR1	False	0.10592974847192418	0.23868	False
ENSG00000198832	SELENOM	False	0.596301346263451	0.32586	False
ENSG00000198833	UBE2J1	False	0.19871527572808684	0.13489	False
ENSG00000198835	GJC2	False	0.05232473667983071		False
ENSG00000198836	OPA1	False	0.04453178360687369	0.11078	False
ENSG00000198837	DENND4B	False	0.050372612029503314	0.14137	False
ENSG00000198838	RYR3	True	0.09523749865529091	0.059072	False
ENSG00000198839	ZNF277	False	0.25408616818826746	0.37545	False
ENSG00000198841	KTI12	False	0.028250413360647042	0.33378	False
ENSG00000198843	SELENOT	False	0.032790900907003186	0.37702	False
ENSG00000198844	ARHGEF15	False	0.13920661535832163	0.11611	False
ENSG00000198846	TOX	False	0.12135368858445275	0.048181	False
ENSG00000198851	CD3E	False	0.0006604051635586556	0.59479	False
ENSG00000198853	RUSC2	True	0.004206703833889348	0.014057	False
ENSG00000198854	C1orf68	False	0.058355658101525695	0.27192	False
ENSG00000198855	FICD	False	0.012718595795380481	0.04322	False
ENSG00000198856	OSTC	False	0.6796357126946704		False
ENSG00000198858	R3HDM4	False	0.690072085001999	0.096511	False
ENSG00000198860	TSEN15	True	0.3163476356900931	0.35806	False
ENSG00000198863	RUNDC1	False	0.02179693721944497	0.38072	False
ENSG00000198870	STKLD1	False	0.32410331448643326	0.43417	False
ENSG00000198873	GRK5	False	0.4197798081235179	0.0026797	False
ENSG00000198874	TYW1	False	0.02268207356768446	0.065064	False
ENSG00000198876	DCAF12	False	0.592283502963409	0.43388	False
ENSG00000198879	SFMBT2	False	0.13157777636078438	0.20586	False
ENSG00000198885	ITPRIPL1	False	0.14017211180425304	0.048239	False
ENSG00000198887	SMC5	False	0.07798576952858514	0.36391	False
ENSG00000198890	PRMT6	False	0.1744365006357028	0.04506	False
ENSG00000198892	SHISA4	False	0.02707136650445143	0.30345	False
ENSG00000198894	CIPC	False	0.4994766092078211	0.30059	False
ENSG00000198898	CAPZA2	True	0.3507929689661606	0.31746	False
ENSG00000198900	TOP1	False	0.0016311201691201103	0.013055	False
ENSG00000198901	PRC1	False	0.13163791251082615	0.096756	False
ENSG00000198909	MAP3K3	False	0.3337464812117017	0.21674	False
ENSG00000198911	SREBF2	False	0.030637311307451506	0.26215	False
ENSG00000198912	C1orf174	False	0.05125241037982473	0.20937	False
ENSG00000198914	POU3F3	True	0.049326681750510984		False
ENSG00000198915	RASGEF1A	False	0.4513363438658473	0.17522	False
ENSG00000198917	SPOUT1	True	0.16253807656385627	0.63226	False
ENSG00000198919	DZIP3	False	0.4223588489875778	0.483	False
ENSG00000198920	KIAA0753	False	0.06893828265132132	0.12834	False
ENSG00000198924	DCLRE1A	False	0.4102078602113419	0.17443	False
ENSG00000198925	ATG9A	False	0.570325477128095	0.49431	False
ENSG00000198929	NOS1AP	False	0.1166893733143739	0.011447	False
ENSG00000198931	APRT	False	0.15131814369553268	0.13473	False
ENSG00000198933	TBKBP1	False	0.31381489575707877	0.27514	False
ENSG00000198937	CCDC167	False	0.07115628494298702	0.16787	False
ENSG00000198939	ZFP2	False	0.2654818448765405	0.12271	False
ENSG00000198944	SOWAHA	False	0.018760747269202186	0.37095	False
ENSG00000198945	L3MBTL3	False	0.38069413864554047	0.15477	False
ENSG00000198948	MFAP3L	False	0.4554741915763387	0.051561	False
ENSG00000198951	NAGA	False	0.19593023177657123	0.08545	False
ENSG00000198952	SMG5	False	0.27798125587127687	0.51516	False
ENSG00000198959	TGM2	False	0.6138843577492372	0.59261	False
ENSG00000198961	PJA2	False	0.05767266570355115	0.2853	False
ENSG00000198963	RORB	True	0.007158552809871448	0.012742	False
ENSG00000198964	SGMS1	False	0.28495696140423604	0.083152	False
ENSG00000198965	OR10R2	False	0.6594414502428114		False
ENSG00000198967	OR10Z1	False	0.21510780027274665	0.019575	False
ENSG00000203485	INF2	False	0.05292794267299153	0.095348	False
ENSG00000203663	OR2L2	False	0.22037160418751753	0.30786	False
ENSG00000203666	EFCAB2	False	0.08625401925196806	0.40014	False
ENSG00000203668	CHML	False	0.01785038962285883	0.01649	False
ENSG00000203697	CAPN8	False	0.16363774164606426	0.20402	False
ENSG00000203705	TATDN3	False	0.5666232297678432	0.13058	False
ENSG00000203710	CR1	False	0.2169850834434298	0.23657	False
ENSG00000203722	RAET1G	False	0.2810718406355686	0.12721	False
ENSG00000203730	TEDDM1	False	0.004271131053069398	0.18831	False
ENSG00000203734	ECT2L	False	0.15783602149977424	0.049994	False
ENSG00000203737	GPR52	False	0.62188107772433	0.53515	False
ENSG00000203747	FCGR3A	False	0.020077292913917515	0.043925	False
ENSG00000203756	TMEM244	False	0.3805019415399532	0.38996	False
ENSG00000203757	OR6K3	False	0.2522693818168396		False
ENSG00000203780	FANK1	False	0.08874197424771943	0.19409	False
ENSG00000203783	PRR9	False	0.10717466576325069	0.32557	False
ENSG00000203784	LELP1	False	0.6836697124039808	0.11601	False
ENSG00000203785	SPRR2E	False	0.5950299608640637	0.23806	False
ENSG00000203786	KPRP	False	0.0028986750772573605	0.044348	False
ENSG00000203795	FAM24A	False	0.10076527121655696	0.87869	False
ENSG00000203805	PLPP4	False	0.444447377823037	0.17389	False
ENSG00000203837	PNLIPRP3	False	0.01205108900779982	0.17719	False
ENSG00000203857	HSD3B1	False	0.058093063367872746	0.10256	False
ENSG00000203859	HSD3B2	False	0.0725123361234333	0.26841	False
ENSG00000203867	RBM20	False	0.2994794851983169	0.50823	False
ENSG00000203872	C6orf163	False	0.025800298514026924	0.033861	False
ENSG00000203880	PCMTD2	False	0.07586546612313831	0.024471	False
ENSG00000203883	SOX18	False	0.2746474427453125		False
ENSG00000203896	LIME1	False	0.4069577756798926		False
ENSG00000203907	OOEP	False	0.03416550495651352	0.11796	False
ENSG00000203908	KHDC3L	False	0.37659829858360105		False
ENSG00000203909	DPPA5	False	0.9980045175427121	0.71032	False
ENSG00000203942	C10orf62	False	0.14079680309756787		False
ENSG00000203963	C1orf141	False	0.1692556660488187	0.41657	False
ENSG00000203965	EFCAB7	False	0.436059665314082	0.46483	False
ENSG00000203972	GLYATL3	False	0.2762302972577132	0.32114	False
ENSG00000203985	LDLRAD1	False	0.05123668849170343	0.7294	False
ENSG00000203995	ZYG11A	False	0.441344318228607	0.056731	False
ENSG00000204001	LCN8	False	0.005442119577494403	0.33753	False
ENSG00000204006	C1orf185	False	0.32373875752243164	0.52612	False
ENSG00000204007	GLT6D1	False	0.4814550691237979	0.35773	False
ENSG00000204010	IFIT1B	False	0.21178477453226732		False
ENSG00000204020	LIPN	False	0.5086452464051342	0.3349	False
ENSG00000204021	LIPK	False	0.5203175318455247	0.57868	False
ENSG00000204022	LIPJ	False	0.0030587163965121664	0.35685	False
ENSG00000204033	LRIT2	False	0.3772388481386018	0.44481	False
ENSG00000204052	LRRC73	False	0.030571689442654402	0.067188	False
ENSG00000204070	SYS1	False	0.1101251680289616	0.076116	False
ENSG00000204084	INPP5B	False	0.029983338004887946	0.19878	False
ENSG00000204099	NEU4	False	0.00013250006325066355	0.012798	False
ENSG00000204103	MAFB	False	0.003179213732277632		False
ENSG00000204104	TRAF3IP1	False	0.3460100473707682	0.33284	False
ENSG00000204120	GIGYF2	False	0.3745980700418133	0.24765	False
ENSG00000204130	RUFY2	False	0.32891692524056504	0.20489	False
ENSG00000204138	PHACTR4	False	0.21606053580502294	0.060195	False
ENSG00000204140	CLPSL1	False	0.2345101110092624	0.30702	False
ENSG00000204149	AGAP6	False	0.06940877448643147	0.20728	False
ENSG00000204152	TIMM23B	False	0.2514649099934074	0.29457	False
ENSG00000204160	ZDHHC18	False	0.0004340759642959312	0.35805	False
ENSG00000204161	TMEM273	False	0.4138912139169745	0.2334	False
ENSG00000204178	MACO1	False	0.058590072827291305	0.046935	False
ENSG00000204186	ZDBF2	False	0.014519958577638119		False
ENSG00000204193	TXNDC8	False	0.3721882616945093	0.25848	False
ENSG00000204209	DAXX	False	0.12936396393954894	0.17716	False
ENSG00000204217	BMPR2	False	0.5833273922806794	0.47087	False
ENSG00000204219	TCEA3	False	0.004208008074245465	0.36675	False
ENSG00000204227	RING1	False	0.28283903343839406	0.23839	False
ENSG00000204228	HSD17B8	False	0.022336666825880633	0.012539	False
ENSG00000204231	RXRB	False	0.1438761785678431	0.03763	False
ENSG00000204237	OXLD1	False	0.12765069708244825	0.42654	False
ENSG00000204248	COL11A2	False	0.015951630385385312	0.26247	False
ENSG00000204252	HLA-DOA	False	0.2637407584503342	0.20963	False
ENSG00000204256	BRD2	False	0.0006858913663759687	0.12637	False
ENSG00000204257	HLA-DMA	False	0.602846748461469	0.36531	False
ENSG00000204262	COL5A2	False	0.06864861976121273	0.54406	False
ENSG00000204264	PSMB8	False	0.1005154680176896	0.020471	False
ENSG00000204278	TMEM235	False	0.10485091349487537	0.099762	False
ENSG00000204287	HLA-DRA	False	0.5535613036178617	0.12573	False
ENSG00000204290	BTNL2	False	0.002087427597230639	0.028321	False
ENSG00000204291	COL15A1	False	0.07100807193337641	0.17112	False
ENSG00000204296	TSBP1	False	0.010055821636682435	0.39968	False
ENSG00000204300	TMEM225	False	0.43199322636056203	0.12904	False
ENSG00000204301	NOTCH4	False	0.08177837327380684	0.058466	False
ENSG00000204304	PBX2	False	0.0547216083375874	0.020231	False
ENSG00000204305	AGER	False	0.23932233549136248	0.066507	False
ENSG00000204308	RNF5	False	0.2121236203740546	0.12892	False
ENSG00000204310	AGPAT1	False	0.07038328657041948	0.13181	False
ENSG00000204311	PJVK	False	0.040095920586981505	0.029873	False
ENSG00000204314	PRRT1	False	0.3920024737784344	0.65347	False
ENSG00000204315	FKBPL	False	0.4720317822816209	0.48494	False
ENSG00000204316	MRPL38	False	0.7085011366230087	0.13581	False
ENSG00000204323	SMIM5	False	0.35487122273700766	0.2289	False
ENSG00000204335	SP5	False	0.03219960860338774	0.73786	False
ENSG00000204344	STK19	False	0.6481096971270572	0.51537	False
ENSG00000204345	CD300LD	False	0.007928162403141611	0.23616	False
ENSG00000204347	BTBD17	False	0.5368140697225547	0.82145	False
ENSG00000204348	DXO	False	0.5309932304871656	0.33627	False
ENSG00000204356	NELFE	False	0.639759515242007	0.53167	False
ENSG00000204361	NXPE2	False	0.7293875547978588	0.17732	False
ENSG00000204366	ZBTB12	False	0.6000567847022154	0.10879	False
ENSG00000204371	EHMT2	False	0.030475271778735442	0.19207	False
ENSG00000204381	LAYN	False	0.08194012609452726	0.081879	False
ENSG00000204385	SLC44A4	False	0.053219973665409794	0.29906	False
ENSG00000204386	NEU1	True	0.006354780202142584	0.22171	False
ENSG00000204388	HSPA1B	False	0.2188927925991848	0.43073	False
ENSG00000204389	HSPA1A	False	0.3624467824390678	0.093435	False
ENSG00000204390	HSPA1L	False	0.1395237173891846	0.14496	False
ENSG00000204396	VWA7	False	0.7075166902435979	0.34475	False
ENSG00000204397	CARD16	False	0.05776794888421249	0.066582	False
ENSG00000204406	MBD5	True	0.010921379682878036	0.020459	False
ENSG00000204410	MSH5	False	0.13582336122081196	0.091238	False
ENSG00000204414	CSHL1	False	0.03450367978313562	0.33238	False
ENSG00000204420	MPIG6B	False	0.1295071866255543	0.21364	False
ENSG00000204421	LY6G6C	False	0.09069373694934027	0.28797	False
ENSG00000204424	LY6G6F	False	0.5414755869213748	0.20729	False
ENSG00000204427	ABHD16A	True	0.23962346809999557	0.04902	False
ENSG00000204428	LY6G5C	False	0.21423025992130418	0.3734	False
ENSG00000204438	GPANK1	False	0.10505898060160555	0.26892	False
ENSG00000204439	C6orf47	False	0.5942737518956502	0.523	False
ENSG00000204444	APOM	False	0.011985155854195444	0.34823	False
ENSG00000204449	TRIM49C	False	0.6566680596549289	0.0065975	False
ENSG00000204463	BAG6	False	0.04403550898402756	0.41873	False
ENSG00000204469	PRRC2A	False	0.0021396898377248038	0.17979	False
ENSG00000204472	AIF1	False	0.0323347998768088	0.12908	False
ENSG00000204475	NCR3	False	0.24658222848638395	0.005608	False
ENSG00000204478	PRAMEF20	False	0.10190005350326117	0.32705	False
ENSG00000204479	PRAMEF17	False	0.0051839067447543834	0.22221	False
ENSG00000204481	PRAMEF14	False	0.4710621399717392	0.5295	False
ENSG00000204482	LST1	False	0.3979670279560788	0.087768	False
ENSG00000204498	NFKBIL1	False	0.04254840173308705	0.045533	False
ENSG00000204511	MCCD1	False	0.6508318986036944	0.096613	False
ENSG00000204514	ZNF814	False	0.0826729225586395	0.38449	False
ENSG00000204516	MICB	False	0.024354118403197074	0.21342	False
ENSG00000204518	AADACL4	False	0.185233088802052	0.16129	False
ENSG00000204519	ZNF551	False	0.0472578631068088		False
ENSG00000204520	MICA	False	0.32569145638368413	0.46142	False
ENSG00000204524	ZNF805	False	0.010823827428313445	0.4126	False
ENSG00000204531	POU5F1	False	0.5039577004133486	0.40342	False
ENSG00000204536	CCHCR1	False	0.47059807817898913	0.28349	False
ENSG00000204538	PSORS1C2	False	0.2901414150697231	0.070673	False
ENSG00000204539	CDSN	False	0.7889914499299432	0.58954	False
ENSG00000204540	PSORS1C1	False	0.10845673881571417	0.10632	False
ENSG00000204542	C6orf15	False	0.23090322020835768		False
ENSG00000204548	DEFB121	False	0.08334076349186094	0.13099	False
ENSG00000204560	DHX16	True	0.10429408975439407	0.095568	False
ENSG00000204564	C6orf136	False	0.3087135165296883	0.11479	False
ENSG00000204568	MRPS18B	False	0.3815581684018824	0.61427	False
ENSG00000204569	PPP1R10	False	0.14350759571397526	0.061609	False
ENSG00000204571	KRTAP5-11	False	0.13350933458957676	0.059766	False
ENSG00000204572	KRTAP5-10	False	0.19140677869572287	0.51399	False
ENSG00000204574	ABCF1	False	0.5844257618609814	0.050154	False
ENSG00000204576	PRR3	False	0.05601174255521527	0.2366	False
ENSG00000204577	LILRB3	False	0.040721412436202066	0.025589	False
ENSG00000204580	DDR1	False	0.2218610170117468	0.10424	False
ENSG00000204583	LRCOL1	False	0.025593806972685398	0.16603	False
ENSG00000204590	GNL1	False	0.017325674244353037	0.15802	False
ENSG00000204592	HLA-E	False	0.5687448038701746	0.11225	False
ENSG00000204595	DPRX	False	0.04799774915973035	0.39063	False
ENSG00000204599	TRIM39	False	0.5246545995199665	0.013579	False
ENSG00000204604	ZNF468	False	0.394742694235181	0.042255	False
ENSG00000204610	TRIM15	False	0.01751570368538961	0.1952	False
ENSG00000204611	ZNF616	False	0.01412380203003745		False
ENSG00000204612	FOXB2	False	0.007938123510533652		False
ENSG00000204613	TRIM10	False	0.192626681738752	0.2712	False
ENSG00000204614	TRIM40	False	0.024877437419582205	0.54355	False
ENSG00000204616	TRIM31	False	0.3485927394451903	0.33833	False
ENSG00000204619	PPP1R11	False	0.15070789345777616	0.026479	False
ENSG00000204624	DISP3	False	0.13101301160381748	0.034542	False
ENSG00000204628	RACK1	False	0.7572693392084002	0.11615	False
ENSG00000204632	HLA-G	False	0.40121479633422363	0.53224	False
ENSG00000204634	TBC1D8	False	0.3683698986249699	0.41268	False
ENSG00000204640	NMS	False	0.12567201422857233	0.061362	False
ENSG00000204642	HLA-F	False	0.41749836085698033	0.094108	False
ENSG00000204644	ZFP57	False	0.20371621788588318	0.40523	False
ENSG00000204653	ASPDH	False	0.13396855643296418	0.12113	False
ENSG00000204655	MOG	False	0.1896346255885201	0.038714	False
ENSG00000204659	CBY3	False	0.011260662944382674	0.0072674	False
ENSG00000204671	IL31	False	0.028281488140401656	0.15641	False
ENSG00000204673	AKT1S1	False	0.09177456808657893	0.074551	False
ENSG00000204681	GABBR1	False	0.2728081425708319	0.081739	False
ENSG00000204687	MAS1L	False	0.17225744222150052	0.057888	False
ENSG00000204688	OR2H1	False	0.5782019549250607	0.039023	False
ENSG00000204694	OR11A1	False	0.5543273151656252		False
ENSG00000204695	OR14J1	False	0.007884676232582	0.19636	False
ENSG00000204700	OR2J2	False	0.5424200735601568	0.30873	False
ENSG00000204701	OR2J3	False	0.08428783228275975	0.061176	False
ENSG00000204703	OR2B3	False	0.05897982791530545		False
ENSG00000204704	OR2W1	False	0.2488225444118969		False
ENSG00000204713	TRIM27	False	0.3572995360490714	0.13361	False
ENSG00000204740	MALRD1	False	0.13365751450155713	0.21518	False
ENSG00000204764	RANBP17	False	0.182670485838056	0.3007	False
ENSG00000204767	INSYN2B	False	0.17664173084496587	0.056627	False
ENSG00000204822	MRPL53	False	0.27029477099273763	0.23283	False
ENSG00000204839	MROH6	False	0.4285736207363402	0.095724	False
ENSG00000204842	ATXN2	False	0.02107323602942671		False
ENSG00000204843	DCTN1	False	0.12504417679976768	0.15195	False
ENSG00000204851	PNMA8B	False	0.3515872790418057		False
ENSG00000204852	TCTN1	False	0.2503866283000955	0.21166	False
ENSG00000204856	FAM216A	False	0.039873165583507286	0.025894	False
ENSG00000204859	ZBTB48	False	0.7251492577734677	0.26207	False
ENSG00000204866	IGFL2	False	0.05987415211432684	0.028735	False
ENSG00000204869	IGFL4	False	0.09515989766422331	0.27171	False
ENSG00000204873	KRTAP9-3	False	0.3263356512240323	0.28143	False
ENSG00000204880	KRTAP4-8	False	0.03583798311549983	0.54734	False
ENSG00000204882	GPR20	False	0.0005573903334935399	0.35767	False
ENSG00000204887	KRTAP1-4	False	0.004627430845316056	0.012931	False
ENSG00000204889	KRT40	False	0.2252466402110564	0.16616	False
ENSG00000204897	KRT25	False	0.011827232794803065	0.57764	False
ENSG00000204909	SPINK9	False	0.5434874312252304	0.17516	False
ENSG00000204913	LRRC3C	False	0.35810430698053314	0.7223	False
ENSG00000204920	ZNF155	False	0.6751974315444004	0.12952	False
ENSG00000204922	UQCC3	False	0.2121056842792544	0.3886	False
ENSG00000204923	FBXO48	False	0.1865145873995125	0.39852	False
ENSG00000204928	GRXCR2	False	0.06879062167925502	0.12671	False
ENSG00000204930	FAM221B	False	0.06914121389124381	0.2294	False
ENSG00000204936	CD177	False	0.09686540484566239	0.26675	False
ENSG00000204941	PSG5	False	0.3822158481629016	0.060571	False
ENSG00000204946	ZNF783	False	0.4834599862515445	0.49261	False
ENSG00000204947	ZNF425	False	0.48863655791768956	0.34057	False
ENSG00000204950	LRRC10B	False	0.28171119812385165	0.65889	False
ENSG00000204952	FBXO47	False	0.41103408964830734	0.32184	False
ENSG00000204956	PCDHGA1	False	0.09417144070094714	0.3044	False
ENSG00000204961	PCDHA9	False	0.28280451352440955	0.46841	False
ENSG00000204962	PCDHA8	False	0.08819834174942418	0.25259	False
ENSG00000204963	PCDHA7	False	0.30037550500070276	0.11844	False
ENSG00000204965	PCDHA5	False	0.5512700056172188	0.034229	False
ENSG00000204967	PCDHA4	False	0.0712532447767871	0.22665	False
ENSG00000204969	PCDHA2	False	0.1476684175259549	0.18043	False
ENSG00000204970	PCDHA1	False	0.011008676488530043	0.066126	False
ENSG00000204977	TRIM13	False	0.11278489007488562	0.42284	False
ENSG00000204983	PRSS1	False	0.09192601739140421	0.30623	False
ENSG00000204991	SPIRE2	False	0.23002931551983793	0.18456	False
ENSG00000205002	AARD	False	0.3819249036949555	0.19076	False
ENSG00000205022	PABPN1L	False	0.057409034731131174	0.40494	False
ENSG00000205029	OR5D16	False	0.08493784760470202	0.22164	False
ENSG00000205030	OR5L2	False	0.02025093614344011		False
ENSG00000205038	PKHD1L1	False	0.000295288337710862	0.18669	False
ENSG00000205060	SLC35B4	False	0.22284882408896822	0.090133	False
ENSG00000205078	SYCE1L	False	0.2663847215057553	0.14592	False
ENSG00000205084	TMEM231	False	0.38527712096403693	0.20366	False
ENSG00000205089	CCNI2	False	0.2660827368337721	0.15368	False
ENSG00000205090	TMEM240	False	0.12779856767413567		False
ENSG00000205097	FRG2	False	0.40368410487611345	0.12251	False
ENSG00000205108	FAM205A	False	0.2210348120040253	0.12438	False
ENSG00000205111	CDKL4	False	0.08258053857110904	0.050294	False
ENSG00000205126	ACCSL	False	0.2881392090315313	0.54395	False
ENSG00000205129	C4orf47	False	0.6420496313593846	0.40793	False
ENSG00000205138	SDHAF1	False	0.2947102124098261	0.42815	False
ENSG00000205143	ARID3C	False	0.38102262782491414	0.2725	False
ENSG00000205189	ZBTB10	False	0.03191693248161592	0.071324	False
ENSG00000205208	C4orf46	False	0.27914802147429274	0.37345	False
ENSG00000205209	SCGB2B2	False	0.001418902803930429	0.054483	False
ENSG00000205213	LGR4	False	0.3789075684148304	0.043102	False
ENSG00000205220	PSMB10	False	0.13043744731363455	0.042132	False
ENSG00000205221	VIT	False	0.162060897093144	0.2915	False
ENSG00000205250	E2F4	False	0.1619955716601287	0.18726	False
ENSG00000205268	PDE7A	False	0.4975789245767781	0.31353	False
ENSG00000205279	CTXN3	False	0.47446847334069886	0.6312	False
ENSG00000205302	SNX2	False	0.1218468368084547	0.056887	False
ENSG00000205309	NT5M	False	0.4913771190856159	0.22381	False
ENSG00000205327	OR6C68	False	0.31420031702755885	0.18099	False
ENSG00000205328	OR6C65	False	0.05185985244077574		False
ENSG00000205329	OR6C3	False	0.21171365247088758		False
ENSG00000205330	OR6C1	False	0.20810298321022888		False
ENSG00000205336	ADGRG1	True	0.18326153133081777	0.099111	False
ENSG00000205339	IPO7	False	0.11294042654678027	0.052373	False
ENSG00000205352	PRR13	False	0.21368009824588838	0.45606	False
ENSG00000205356	TECPR1	False	0.2041597473491156	0.57366	False
ENSG00000205359	SLCO6A1	False	0.003905758108306747	0.08534	False
ENSG00000205363	INSYN1	False	0.5089312341122973	0.3295	False
ENSG00000205364	MT1M	False	0.2376312835138104	0.59716	False
ENSG00000205403	CFI	False	0.035230459633103194	0.03175	False
ENSG00000205409	OR52E6	False	0.0028340574631059985		False
ENSG00000205413	SAMD9	False	0.36049813562211336	0.065138	False
ENSG00000205420	KRT6A	False	0.5087374956897633	0.0083261	False
ENSG00000205426	KRT81	False	0.31327357734752	0.073195	False
ENSG00000205436	EXOC3L4	False	0.033138964705866567	0.167	False
ENSG00000205439	KRTAP12-3	False	0.34030280956023884	0.25985	False
ENSG00000205442	IZUMO3	False	0.34994782723828594	0.087879	False
ENSG00000205445	KRTAP10-2	False	0.2920639527396027		False
ENSG00000205456	TP53TG3D	False	0.47701082165799	0.74143	False
ENSG00000205476	CCDC85C	False	0.505665164504344	0.11969	False
ENSG00000205495	OR52J3	False	0.2274808357604925	0.18005	False
ENSG00000205497	OR51A4	False	0.18595774805767507		False
ENSG00000205517	RGL3	False	0.026096462434534163	0.15087	False
ENSG00000205531	NAP1L4	False	0.14777797354109715	0.0014662	False
ENSG00000205544	TMEM256	False	0.8223222772075357	0.48177	False
ENSG00000205560	CPT1B	False	0.22653126113957822	0.11617	False
ENSG00000205581	HMGN1	False	0.03344120266716827	0.06432	False
ENSG00000205593	DENND6B	False	0.04209702346550121	0.30931	False
ENSG00000205629	LCMT1	False	0.14950280239231395	0.12144	False
ENSG00000205639	MFSD2B	False	0.5876420588190552	0.28367	False
ENSG00000205643	CDPF1	False	0.05311056477177773	0.56773	False
ENSG00000205669	ACOT6	False	0.0020643427156829316	0.0025226	False
ENSG00000205678	TECRL	False	0.2249236896025391	0.35914	False
ENSG00000205683	DPF3	False	0.43585081422139027	0.082204	False
ENSG00000205693	MANSC4	False	0.09190242196387317	0.043308	False
ENSG00000205707	ETFRF1	False	0.7079756733040394	0.4408	False
ENSG00000205710	C17orf107	False	0.23189173816075637	0.1971	False
ENSG00000205726	ITSN1	False	0.005474740414411424	0.078339	False
ENSG00000205730	ITPRIPL2	False	0.26256462002586445	0.42026	False
ENSG00000205744	DENND1C	False	0.20453338464047746	0.067393	False
ENSG00000205758	CRYZL1	False	0.5390709085203104	0.14852	False
ENSG00000205808	PLPP6	False	0.4403468410714504	0.13181	False
ENSG00000205810	KLRC3	False	0.278939782990842	0.35797	False
ENSG00000205832	C16orf96	False	0.5222096729955463	0.20677	False
ENSG00000205835	GMNC	False	0.4969448302625177	0.42169	False
ENSG00000205838	TTC23L	False	0.6474315708427598	0.44202	False
ENSG00000205846	CLEC6A	False	0.3356411840908059	0.048404	False
ENSG00000205856	C22orf42	False	0.07761955885094016	0.17648	False
ENSG00000205858	LRRC72	False	0.0801103820670867	0.096512	False
ENSG00000205863	C1QTNF9B	False	0.17307286606476716	0.23457	False
ENSG00000205864	KRTAP5-6	False	0.02357291731961681	0.07938	False
ENSG00000205867	KRTAP5-2	False	0.3072124994132575	0.48811	False
ENSG00000205884	DEFB136	False	0.9182841925486421	0.28131	False
ENSG00000205923	CEMP1	False	0.24497287076403793		False
ENSG00000205927	OLIG2	False	0.20560897387238689	0.15326	False
ENSG00000205929	C21orf62	False	0.4773832033082144	0.31232	False
ENSG00000205937	RNPS1	False	0.04483337056032624		False
ENSG00000205978	NYNRIN	False	0.09566384210074806	0.36943	False
ENSG00000205981	DNAJC19	False	0.5000294479266187	0.44038	False
ENSG00000206013	IFITM5	False	0.026719844295919636	0.11238	False
ENSG00000206026	SMIM21	False	0.2706261520878279	0.11412	False
ENSG00000206043	C18orf63	False	0.421500592204492	0.53632	False
ENSG00000206052	DOK6	False	0.1568964003150873	0.10583	False
ENSG00000206053	JPT2	False	0.3427278806565203	0.30673	False
ENSG00000206072	SERPINB11	False	0.26112487700065257	0.33398	False
ENSG00000206073	SERPINB4	False	0.14237722135652753	0.1352	False
ENSG00000206075	SERPINB5	False	0.5573842279508416	0.12006	False
ENSG00000206107	KRTAP27-1	False	0.16270678441224315	0.020196	False
ENSG00000206113	CFAP99	False	0.2686615092857342	0.031362	False
ENSG00000206150	RNASE13	False	0.05358902356776953		False
ENSG00000206177	HBM	False	0.07886756211476476	0.1708	False
ENSG00000206181	ELOA2	False	0.20984545515275155	0.48269	False
ENSG00000206190	ATP10A	False	0.10643249764480497	0.047206	False
ENSG00000206199	ANKUB1	False	0.038200954746913346	0.26109	False
ENSG00000206203	TSSK2	False	0.0003503395474320624	0.26665	False
ENSG00000206260	PRR23A	False	0.7640997082859011		False
ENSG00000206262	FOXL2NB	False	0.12053495148363529	0.13093	False
ENSG00000206384	COL6A6	False	0.018162246063036645	0.11697	False
ENSG00000206422	LRRC30	False	0.019437391974102675	0.78444	False
ENSG00000206432	TMEM200C	False	0.37193773961673027		False
ENSG00000206474	OR10C1	False	0.007398008753588722		False
ENSG00000206527	HACD2	False	0.2705789042338571	0.65012	False
ENSG00000206530	CFAP44	False	0.027364279172671244	0.55057	False
ENSG00000206531	CD200R1L	False	0.07411084240747401	0.002004	False
ENSG00000206535	LNP1	False	0.031954244076584586	0.6416	False
ENSG00000206536	OR5K3	False	0.39678947812058013		False
ENSG00000206538	VGLL3	False	0.057024956948785475	0.23541	False
ENSG00000206557	TRIM71	False	0.7280037959869087	0.033754	False
ENSG00000206559	ZCWPW2	False	0.0003306558161130994	0.063653	False
ENSG00000206560	ANKRD28	False	0.14920820554195371	0.32758	False
ENSG00000206561	COLQ	False	0.12912524630605196	0.52972	False
ENSG00000206562	METTL6	False	0.04942586650516389	0.36182	False
ENSG00000206579	XKR4	False	0.2015607539460967	0.42099	False
ENSG00000211445	GPX3	False	0.0006979972335114515	0.051252	False
ENSG00000211448	DIO2	False	0.11574440016561381	0.061721	False
ENSG00000211450	SELENOH	False	0.08310570823350244	0.35899	False
ENSG00000211452	DIO1	False	0.07124975548805093	0.14256	False
ENSG00000211455	STK38L	False	0.7409790126885369	0.34476	False
ENSG00000211456	SACM1L	False	0.1997881018229279	0.097267	False
ENSG00000211584	SLC48A1	False	0.08777267856697697	0.51881	False
ENSG00000212122	TSSK1B	False	0.026801020820852724	0.34289	False
ENSG00000212123	PRR22	False	0.5697746602151603		False
ENSG00000212124	TAS2R19	False	0.36663890763026774		False
ENSG00000212126	TAS2R50	False	0.3361035298969631		False
ENSG00000212127	TAS2R14	False	0.23901368383882055		False
ENSG00000212128	TAS2R13	False	0.03650021423205998		False
ENSG00000212657	KRTAP16-1	False	0.2610538339704048		False
ENSG00000212658	KRTAP29-1	False	0.10590037565710547		False
ENSG00000212659	KRTAP9-6	False	0.31599108790749575	0.34721	False
ENSG00000212710	CTAGE1	False	0.09134105599379864	0.44679	False
ENSG00000212721	KRTAP4-11	False	0.140753166959689	0.15527	False
ENSG00000212722	KRTAP4-9	False	0.0866886511058299	0.34917	False
ENSG00000212724	KRTAP2-3	False	0.2793355735533109	0.096592	False
ENSG00000212725	KRTAP2-1	False	0.9744222587401814	0.99125	False
ENSG00000212864	RNF208	False	0.31440028768915984	0.088039	False
ENSG00000212899	KRTAP3-3	False	0.47101767942512573	0.25999	False
ENSG00000212900	KRTAP3-2	False	0.3182513226132747	0.28721	False
ENSG00000212901	KRTAP3-1	False	0.19016249384280737	0.16812	False
ENSG00000212933	KRTAP12-4	False	0.044498064215502904		False
ENSG00000212935	KRTAP10-3	False	0.3381503928163141		False
ENSG00000212938	KRTAP6-3	False	0.6086123877420626	0.19689	False
ENSG00000212993	POU5F1B	False	0.4672293340485123	0.028575	False
ENSG00000213020	ZNF611	False	0.3646000708972823	0.053607	False
ENSG00000213023	SYT3	False	0.6398022882017222	0.32702	False
ENSG00000213024	NUP62	False	0.3402550407991953		False
ENSG00000213047	DENND1B	False	0.03609998675890829	0.56847	False
ENSG00000213064	SFT2D2	False	0.3647285512576896	0.38232	False
ENSG00000213079	SCAF8	False	0.11197027266961654	0.17335	False
ENSG00000213085	CFAP45	False	0.029547446189961264	0.024114	False
ENSG00000213088	ACKR1	False	0.03566439406493181	0.43796	False
ENSG00000213096	ZNF254	False	0.03047108402389674	0.36787	False
ENSG00000213139	CRYGS	False	0.2627765009446402	0.78352	False
ENSG00000213171	LINGO4	False	0.5245618694011274	0.53756	False
ENSG00000213186	TRIM59	False	0.6226062953774085	0.26249	False
ENSG00000213199	ASIC3	False	0.2466857371690546	0.29766	False
ENSG00000213203	GIMAP1	False	0.0878517818553757	0.087397	False
ENSG00000213213	CCDC183	False	0.01798192264145183	0.083821	False
ENSG00000213218	CSH2	False	0.3717758375710346	0.58622	False
ENSG00000213221	DNLZ	False	0.46755717480083725	0.58295	False
ENSG00000213231	TCL1B	False	0.1138454923293912	0.19156	False
ENSG00000213265	TSGA13	False	0.29057861288076825	0.64579	False
ENSG00000213337	ANKRD39	False	0.5584946100716393	0.3619	False
ENSG00000213339	QTRT1	False	0.04939027310958462	0.27154	False
ENSG00000213341	CHUK	False	0.050579657305034616	0.20441	False
ENSG00000213347	MXD3	False	0.1715753510635823	0.34032	False
ENSG00000213366	GSTM2	False	0.027526923815491364	0.48106	False
ENSG00000213380	COG8	True	0.37274209572746236	0.18735	False
ENSG00000213390	ARHGAP19	False	0.06527233082495133	0.1209	False
ENSG00000213398	LCAT	False	0.1776136341068466	0.48494	False
ENSG00000213402	PTPRCAP	False	0.2446611311150228	0.60457	False
ENSG00000213413	PVRIG	False	0.13998866787180653	0.25658	False
ENSG00000213416	KRTAP4-12	False	0.17385946727105253	0.65847	False
ENSG00000213417	KRTAP2-4	False	0.41207302343376173	0.50779	False
ENSG00000213420	GPC2	False	0.08474487235624516	0.24578	False
ENSG00000213445	SIPA1	False	0.7655705369317916	0.15453	False
ENSG00000213463	SYNJ2BP	False	0.11321775929687651	0.035373	False
ENSG00000213465	ARL2	False	0.04716366681483904		False
ENSG00000213512	GBP7	False	0.19015935021174937	0.57483	False
ENSG00000213516	RBMXL1	False	0.08597488181251117	0.032563	False
ENSG00000213533	STIMATE	False	0.7681343744036482	0.36114	False
ENSG00000213551	DNAJC9	False	0.353116899023478	0.17535	False
ENSG00000213563	C8orf82	False	0.3496041973427359	0.046736	False
ENSG00000213578	CPLX3	False	0.08464948504048644	0.3396	False
ENSG00000213585	VDAC1	False	0.04364034979121384	0.30543	False
ENSG00000213588	ZBTB9	False	0.06606433474495381	0.13992	False
ENSG00000213593	TMX2	True	0.007939535118514874	0.074379	False
ENSG00000213614	HEXA	True	0.010316481842953426	0.18615	False
ENSG00000213619	NDUFS3	False	0.015616676986647485	0.073283	False
ENSG00000213626	LBH	False	0.28681097810378736	0.32061	False
ENSG00000213638	ADAT3	True	0.06747382263482754	0.17601	False
ENSG00000213654	GPSM3	False	0.35385033561294843	0.47143	False
ENSG00000213658	LAT	False	0.39652722756225295	0.29836	False
ENSG00000213672	NCKIPSD	False	0.020414405643898074	0.051312	False
ENSG00000213676	ATF6B	False	0.6048488353713801	0.55657	False
ENSG00000213689	TREX1	True	0.4364142522147818	0.28065	False
ENSG00000213694	S1PR3	False	0.0195180171302172	0.17876	False
ENSG00000213699	SLC35F6	False	0.1682313141870227	0.091153	False
ENSG00000213714	FAM209B	False	0.009841381037770481	0.19367	False
ENSG00000213719	CLIC1	False	0.5136008037480831	0.094616	False
ENSG00000213722	DDAH2	False	0.15680599014684177	0.067542	False
ENSG00000213759	UGT2B11	False	0.14376672296181672	0.76251	False
ENSG00000213760	ATP6V1G2	False	0.5727580406254282	0.48169	False
ENSG00000213762	ZNF134	False	0.12647383437611776		False
ENSG00000213780	GTF2H4	False	0.0017548420647469274	0.23268	False
ENSG00000213782	DDX47	False	0.22011138397170493	0.42129	False
ENSG00000213799	ZNF845	False	0.01230931754898558	0.098289	False
ENSG00000213853	EMP2	False	0.19844699830976237	0.27282	False
ENSG00000213859	KCTD11	False	0.04428112282335436	0.049796	False
ENSG00000213886	UBD	False	0.5477853473452619		False
ENSG00000213889	PPM1N	False	0.17360313811706826	0.0026149	False
ENSG00000213892	CEACAM16	False	0.037117227260132356	0.01928	False
ENSG00000213901	SLC23A3	False	0.09096728286073123	0.040352	False
ENSG00000213903	LTB4R	False	0.04654655695260541	0.17066	False
ENSG00000213906	LTB4R2	False	0.2360144593194576	0.49108	False
ENSG00000213918	DNASE1	False	0.3476236852447778	0.33492	False
ENSG00000213920	MDP1	False	0.6693577971888092	0.052636	False
ENSG00000213927	CCL27	False	0.2035434198273698	0.12509	False
ENSG00000213928	IRF9	False	0.019862731066303554	0.19628	False
ENSG00000213930	GALT	False	0.08161212587054366	0.32733	False
ENSG00000213931	HBE1	False	0.23561000036216703	0.2249	False
ENSG00000213937	CLDN9	False	0.0002624666071862766	0.00014401	False
ENSG00000213949	ITGA1	False	0.2942874489305081	0.31276	False
ENSG00000213965	NUDT19	False	0.4833257866030365	0.39616	False
ENSG00000213967	ZNF726	False	0.060519336863371916		False
ENSG00000213973	ZNF99	False	0.006384845954572754	0.094189	False
ENSG00000213977	TAX1BP3	False	0.0283174131720821	0.15337	False
ENSG00000213983	AP1G2	False	0.036816303128589696	0.00031978	False
ENSG00000213988	ZNF90	False	0.3582364493841135	0.24936	False
ENSG00000213995	NAXD	False	0.168296763524778	0.028053	False
ENSG00000213996	TM6SF2	False	0.17381492842512947	0.040211	False
ENSG00000214013	GANC	False	0.4111055234479224	0.4011	False
ENSG00000214021	TTLL3	False	0.1537766844521503	0.36641	False
ENSG00000214022	REPIN1	False	0.6335339414197112	0.17504	False
ENSG00000214029	ZNF891	False	0.1761593872241154	0.46823	False
ENSG00000214042	IFNA7	False	0.00019346649801429053		False
ENSG00000214050	FBXO16	False	0.04048277607102734	0.071351	False
ENSG00000214063	TSPAN4	False	0.25419796252113436	0.2819	False
ENSG00000214078	CPNE1	False	0.01316102416640944	0.16397	False
ENSG00000214087	ARL16	False	0.16010594431931985	0.1142	False
ENSG00000214097	SMCO1	False	0.08661524593741944	0.1246	False
ENSG00000214102	WEE2	False	0.4236772493548603	0.53318	False
ENSG00000214128	TMEM213	False	0.0740420986023233	0.37653	False
ENSG00000214160	ALG3	True	0.14118825818641803	0.51845	False
ENSG00000214193	SH3D21	False	0.14189672389860972	0.012557	False
ENSG00000214212	C19orf38	False	0.009846055424216144	0.12253	False
ENSG00000214216	IQCJ	False	0.016053855424140086	0.25894	False
ENSG00000214226	C17orf67	False	0.34836000708137577	0.17253	False
ENSG00000214253	FIS1	False	0.4586482739841655	0.38559	False
ENSG00000214274	ANG	False	0.5174183815250983		False
ENSG00000214285	NPS	False	0.0564320177574856		False
ENSG00000214300	SPDYE3	False	0.14222890892803963	0.14654	False
ENSG00000214309	MBLAC1	False	0.17619648764517615	0.28477	False
ENSG00000214336	FOXI3	False	0.4006999379685283	0.19616	False
ENSG00000214357	NEURL1B	False	0.4373493260001614	0.35011	False
ENSG00000214360	EFCAB9	False	0.1449821178371701	0.18996	False
ENSG00000214367	HAUS3	False	0.4783789594846848	0.082933	False
ENSG00000214376	VSTM5	False	0.1287022516867718	0.028029	False
ENSG00000214402	LCNL1	False	0.2403057348029143	0.70889	False
ENSG00000214414	TRIM77	False	0.1347624862616342	0.40499	False
ENSG00000214415	GNAT3	False	0.09120687815557603	0.31154	False
ENSG00000214435	AS3MT	False	0.13019847936889636	0.40606	False
ENSG00000214456	PLIN5	False	0.10192339833816612	0.082788	False
ENSG00000214491	SEC14L6	False	0.1869553728096763	0.087239	False
ENSG00000214510	SPINK13	False	0.018003594767338964	0.65083	False
ENSG00000214513	NOTO	False	0.24233184315051223	0.1059	False
ENSG00000214517	PPME1	False	0.5015831590991098	0.35993	False
ENSG00000214530	STARD10	False	0.0419196886364554	0.2703	False
ENSG00000214575	CPEB1	False	0.33733790824060605	0.057907	False
ENSG00000214595	EML6	False	0.04034015891902453	0.20724	False
ENSG00000214652	ZNF727	False	0.3934730415144663	0.47935	False
ENSG00000214655	ZSWIM8	False	0.8080428926438696	0.23457	False
ENSG00000214681	IQCF5	False	0.4232540047784331		False
ENSG00000214694	ARHGEF33	False	0.1898344870614576	0.23357	False
ENSG00000214700	C12orf71	False	0.33474023076147824	0.35009	False
ENSG00000214711	CAPN14	False	0.07483272853938863	0.042999	False
ENSG00000214753	HNRNPUL2	False	0.2449009738463831	0.23634	False
ENSG00000214756	CSKMT	False	0.24974943288813004	0.38839	False
ENSG00000214814	FER1L6	False	0.014274626336778326	0.033491	False
ENSG00000214819	CDRT15L2	False	0.01816827026321609	0.098612	False
ENSG00000214842	RAD51AP2	False	0.24443435441337924	0.055955	False
ENSG00000214860	EVPLL	False	0.23011074468137493	0.2675	False
ENSG00000214866	DCDC2C	False	0.0077097469555335585	0.15409	False
ENSG00000214872	SMTNL1	False	0.1516710641052252	0.20597	False
ENSG00000214891	TRIM64C	False	0.021866220720663392	0.078557	False
ENSG00000214929	SPATA31D1	False	0.21222599440543105	0.18721	False
ENSG00000214941	ZSWIM7	False	0.21799174963160195	0.55379	False
ENSG00000214943	GPR33	False	0.8275421807339095	0.29051	False
ENSG00000214944	ARHGEF28	False	0.10197638322003214	0.085031	False
ENSG00000214946	TBC1D26	False	0.44793448273066716	0.067196	False
ENSG00000215009	ACSM4	False	0.378651803620482	0.16291	False
ENSG00000215012	RTL10	False	0.00907904776437254		False
ENSG00000215018	COL28A1	False	0.017046673344282153	0.062854	False
ENSG00000215021	PHB2	False	0.48530357978551164	0.27154	False
ENSG00000215041	NEURL4	False	0.19376617956164457	0.30476	False
ENSG00000215045	GRID2IP	False	0.30669688862915034	0.15067	False
ENSG00000215114	UBXN2B	False	0.5387720465374334	0.23764	False
ENSG00000215131	C16orf90	False	0.1368411605751988	0.36694	False
ENSG00000215182	MUC5AC	False	0.2520623487431604	0.34903	False
ENSG00000215183	MSMP	False	0.09442995209525384	0.49626	False
ENSG00000215187	FAM166B	False	0.015019219919267746	0.30623	False
ENSG00000215193	PEX26	True	0.16790687803468704	0.4819	False
ENSG00000215203	GRXCR1	False	0.09582769044807661	0.10257	False
ENSG00000215251	FASTKD5	False	0.07972314509725996	0.45563	False
ENSG00000215262	KCNU1	False	0.46038810182479817	0.045831	False
ENSG00000215277	RNF212B	False	0.2420181363081133	0.30935	False
ENSG00000215305	VPS16	False	0.01494838577113806	0.24515	False
ENSG00000215375	MYL5	False	0.45752565988250415	0.4741	False
ENSG00000215421	ZNF407	False	0.012565639504096502	0.09841	False
ENSG00000215440	NPEPL1	False	0.1428274180675951	0.67788	False
ENSG00000215455	KRTAP10-1	False	0.7596476441429774		False
ENSG00000215474	SKOR2	False	0.6343015101251082	0.081648	False
ENSG00000215475	SIAH3	False	0.32382427253672474	0.33881	False
ENSG00000215545	DEFB116	False	0.10052894654638421		False
ENSG00000215547	DEFB115	False	0.0364431986808443	0.026709	False
ENSG00000215568	GAB4	False	0.00015825919906282783	0.067592	False
ENSG00000215644	GCGR	False	0.7960313751130267	0.3697	False
ENSG00000215695	RSC1A1	False	0.21765980783216657	0.7958	False
ENSG00000215704	CELA2B	False	0.1173770534637835	0.30574	False
ENSG00000215712	TMEM242	False	0.06753197253010401	0.10677	False
ENSG00000215717	TMEM167B	False	0.5120322622617148	0.32059	False
ENSG00000215788	TNFRSF25	False	0.42622206146089026	0.025896	False
ENSG00000215845	TSTD1	False	0.04744025339378339	0.095984	False
ENSG00000215853	RPTN	False	0.45893842386547234		False
ENSG00000215883	CYB5RL	False	0.007287789701942777	0.01953	False
ENSG00000215915	ATAD3C	False	0.1638863724572464	0.093728	False
ENSG00000216490	IFI30	False	0.25886540193826396	0.1753	False
ENSG00000216588	IGSF23	False	0.2527776511669378	0.26798	False
ENSG00000216937	CCDC7	False	0.18029190286623503	0.59489	False
ENSG00000217128	FNIP1	False	0.11488795159381542	0.2566	False
ENSG00000217236	SP9	True	0.2059831192938657	0.10964	False
ENSG00000217442	SYCE3	False	0.0866235803312104		False
ENSG00000217555	CKLF	False	0.021507054267224577	0.016252	False
ENSG00000218336	TENM3	False	0.22141942137879841	0.31708	False
ENSG00000218823	PAPOLB	False	0.120577778448275	0.4027	False
ENSG00000218891	ZNF579	False	0.27933378560797034	0.36569	False
ENSG00000219073	CELA3B	False	0.1566498694757453	0.20192	False
ENSG00000219607	PPP1R3G	False	0.10354244231651835	0.21193	False
ENSG00000219626	FAM228B	False	0.8426128558939008	0.51811	False
ENSG00000220008	LINGO3	False	0.5285530903241524		False
ENSG00000220201	ZGLP1	False	0.5012757785868567	0.36191	False
ENSG00000221813	OR6B1	False	0.12039162556530882	0.13973	False
ENSG00000221818	EBF2	False	0.16702624028444746	0.35009	False
ENSG00000221821	C6orf226	False	0.34598678057477694	0.24211	False
ENSG00000221826	PSG3	False	0.5568773457589645	0.30921	False
ENSG00000221829	FANCG	False	0.2134947272348885	0.28594	False
ENSG00000221836	OR2A5	False	0.35163337368110714	0.69223	False
ENSG00000221837	KRTAP10-9	False	0.3781640967555073	0.25889	False
ENSG00000221838	AP4M1	True	0.01506085332614998	0.28892	False
ENSG00000221840	OR4A5	False	0.43278470207873376		False
ENSG00000221852	KRTAP1-5	False	0.40049217472460297	0.35768	False
ENSG00000221855	TAS2R41	False	0.6143981999800956	0.50666	False
ENSG00000221858	OR2A12	False	0.1882858314982812	0.35808	False
ENSG00000221859	KRTAP10-10	False	0.09691202244707012		False
ENSG00000221864	KRTAP12-2	False	0.16263562849963054	0.19064	False
ENSG00000221866	PLXNA4	False	0.03505412928506255	0.0039604	False
ENSG00000221869	CEBPD	False	0.2527609332649622	0.32242	False
ENSG00000221878	PSG7	False	0.2602548964801805	0.85431	False
ENSG00000221880	KRTAP1-3	False	0.050920156517838544	0.38769	False
ENSG00000221886	FAM200C	False	0.03442379797286474	0.1861	False
ENSG00000221887	HMSD	False	0.00892269514837114	0.01534	False
ENSG00000221888	OR1C1	False	0.08001899912798524		False
ENSG00000221890	NPTXR	False	0.7433609093825887	0.24883	False
ENSG00000221900	POM121L12	False	0.0028923582519192153		False
ENSG00000221909	FAM200A	False	0.0001694178726301867	0.099422	False
ENSG00000221910	OR2F2	False	0.44114032552002014	0.27712	False
ENSG00000221914	PPP2R2A	False	0.029961348517938243	0.069427	False
ENSG00000221916	C19orf73	False	0.013619257161765368		False
ENSG00000221923	ZNF880	False	0.4704860780227913	0.10901	False
ENSG00000221926	TRIM16	False	0.15956942780592484	0.030525	False
ENSG00000221931	OR6X1	False	0.5062779415534513		False
ENSG00000221932	HEPN1	False	0.3488937451508006		False
ENSG00000221933	OR2A25	False	0.00364298228535586		False
ENSG00000221937	TAS2R40	False	0.29228158236780527	0.21671	False
ENSG00000221938	OR2A14	False	0.6090056395646664	0.034205	False
ENSG00000221947	XKR9	False	0.039446743582608176	0.0056435	False
ENSG00000221954	OR4C12	False	0.5691292207865586	0.38619	False
ENSG00000221955	SLC12A8	False	0.5796429830768447	0.10684	False
ENSG00000221963	APOL6	False	0.26608761402909586		False
ENSG00000221968	FADS3	False	0.45659862118339134	0.079063	False
ENSG00000221977	OR4E2	False	0.07240447095733149	0.0097302	False
ENSG00000221978	CCNL2	False	0.037683596134765816	0.017317	False
ENSG00000221986	MYBPHL	False	0.21429379001910334	0.27629	False
ENSG00000221988	PPT2	False	0.7128722740343474	0.23044	False
ENSG00000221989	OR2A2	False	3.851890011553309e-05		False
ENSG00000222011	FAM185A	False	0.18650461766092044	0.083817	False
ENSG00000222014	RAB6C	False	0.34983852125067527	0.43376	False
ENSG00000222028	PSMB11	False	0.22964326927225132	0.54833	False
ENSG00000222038	POTEJ	False	0.3745402680639586	0.5499	False
ENSG00000222046	DCDC2B	False	0.4384573043268064	0.084218	False
ENSG00000223501	VPS52	False	0.15510077100243366	0.21524	False
ENSG00000223547	ZNF844	False	0.03366501429257263	0.089285	False
ENSG00000223572	CKMT1A	False	0.049973905703216255	0.089708	False
ENSG00000223601	EBLN1	False	0.11303497778962227	0.49277	False
ENSG00000223609	HBD	False	0.49726492321067994	0.23898	False
ENSG00000223614	ZNF735	False	0.0052302111097927775	0.018982	False
ENSG00000223658	C1GALT1C1L	False	0.29257707701258895		False
ENSG00000223802	CERS1	True	0.07981917995758366	0.0088903	False
ENSG00000223865	HLA-DPB1	False	0.19825429310794346	0.00053374	False
ENSG00000223953	C1QTNF5	False	0.366268218938359	0.24098	False
ENSG00000224051	CPTP	False	0.37558224771965787	0.20632	False
ENSG00000224383	PRR29	False	0.03617906917955751	0.13134	False
ENSG00000224420	ADM5	False	0.20098497768326776	0.46179	False
ENSG00000224470	ATXN1L	False	0.45312490225208035		False
ENSG00000224586	GPX5	False	0.43607791715483746	0.14033	False
ENSG00000224940	PRRT4	False	0.13966881629015795	0.11993	False
ENSG00000224982	TMEM233	False	0.11563035633422834	0.22222	False
ENSG00000225190	PLEKHM1	False	0.5080799361826729	0.086555	False
ENSG00000225526	MKRN2OS	False	0.23773540112774713	0.32752	False
ENSG00000225556	C2CD4D	False	0.04985621312314278	0.461	False
ENSG00000225663	MCRIP1	False	0.25366497484116324	0.28429	False
ENSG00000225697	SLC26A6	False	0.3848671089922189	0.39664	False
ENSG00000225781	OR6V1	False	0.12002230109891684	0.038392	False
ENSG00000225830	ERCC6	False	0.32698029446874394	0.42142	False
ENSG00000225899	FRG2B	False	0.7176032739334088	0.096296	False
ENSG00000225921	NOL7	False	0.02269678448879026	0.11439	False
ENSG00000225950	NTF4	False	0.09065550714901631	0.45784	False
ENSG00000225968	ELFN1	False	0.0025856925321747623		False
ENSG00000226174	TEX22	False	0.8619455304096326	0.43399	False
ENSG00000226479	TMEM185B	False	0.1740194532941506	0.29332	False
ENSG00000226650	KIF4B	False	0.06031704255634165	0.061541	False
ENSG00000226761	TAS2R46	False	0.3800256170673861	0.45007	False
ENSG00000226763	SRRM5	False	0.3091351882883856	0.26033	False
ENSG00000226979	LTA	False	0.3757838816715439	0.14757	False
ENSG00000227051	C14orf132	False	0.05147002678195697	0.11928	False
ENSG00000227057	WDR46	False	0.0413842490694595	0.20218	False
ENSG00000227059	ANHX	False	0.5217985575592253	0.1993	False
ENSG00000227268	KLLN	False	0.4231678547522719		False
ENSG00000227345	PARG	False	0.1663666322931646	0.12226	False
ENSG00000227471	AKR1B15	False	0.03387400520959203	0.2994	False
ENSG00000227500	SCAMP4	False	0.10543015421817592	0.54179	False
ENSG00000227507	LTB	False	0.5296237108240021	0.25805	False
ENSG00000227729	RD3L	False	0.14410445114335202	0.28755	False
ENSG00000227868	TEX46	False	0.6458357968769519		False
ENSG00000228075	BOD1L2	False	9.334845342901699e-05	0.012657	False
ENSG00000228083	IFNA14	False	0.4908804935520624		False
ENSG00000228198	OR2M3	False	0.1370799759260633	0.3805	False
ENSG00000228278	ORM2	False	0.19826165389104025	0.12485	False
ENSG00000228567	VN1R4	False	0.05365379057044113		False
ENSG00000228607	CLDN25	False	0.006401001233718009		False
ENSG00000228672	PROB1	False	0.16452365712255998		False
ENSG00000228727	SAPCD1	False	0.002943973359935251	0.47862	False
ENSG00000229314	ORM1	False	0.2519083853075798	0.094137	False
ENSG00000229474	PATL2	False	0.4234031290739386	0.22642	False
ENSG00000229544	NKX1-2	False	0.046925657721882987		False
ENSG00000229676	ZNF492	False	0.14088820403247151	0.25708	False
ENSG00000229809	ZNF688	False	0.07590044806973674	0.33651	False
ENSG00000229833	PET100	True	0.3055254268309487	0.014415	False
ENSG00000229937	PRPS1L1	False	0.6657144687004694	0.2536	False
ENSG00000230124	ACBD6	True	0.43081258821364987	0.52567	False
ENSG00000230549	USP17L1	False	0.5933517933746488	0.37054	False
ENSG00000230657	PRB4	False	0.0032600396235927965	0.18319	False
ENSG00000230873	STMND1	False	0.4420345058953653	0.34827	False
ENSG00000231192	OR5H1	False	0.36159707121918455		False
ENSG00000231213	PLSCR5	False	0.17055341079328953	0.35498	False
ENSG00000231256	CFAP97D1	False	0.008990845153946745	0.4889	False
ENSG00000231274	SBK3	False	0.4156379778423064	0.14157	False
ENSG00000231389	HLA-DPA1	False	0.3086359255537027	0.13601	False
ENSG00000231738	TSPAN19	False	0.4245614251226266	0.074702	False
ENSG00000231861	OR5K2	False	0.24777177284397878		False
ENSG00000231924	PSG1	False	0.029128653393685592	0.41189	False
ENSG00000231925	TAPBP	False	0.4312608807393453	0.41754	False
ENSG00000232040	SCAND3	False	0.5161545939079211	0.10636	False
ENSG00000232070	TMEM253	False	0.48916006933989753	0.61893	False
ENSG00000232113	TEX50	False	0.18746843922281764		False
ENSG00000232125	DYTN	False	0.012944986851162498	0.086233	False
ENSG00000232258	TMEM114	False	0.0587313582098606	0.22079	False
ENSG00000232263	KRTAP25-1	False	0.022497311523609766	0.21119	False
ENSG00000232268	OR52I1	False	0.4155714857054611	0.38261	False
ENSG00000232382	OR5K1	False	0.06712236651970545	0.14311	False
ENSG00000232434	AJM1	False	0.3921110514222791	0.074926	False
ENSG00000232629	HLA-DQB2	False	0.010912930339235714	0.052468	False
ENSG00000232810	TNF	False	0.19750144136464645	0.24197	False
ENSG00000233041	PHGR1	False	0.8183899593410928	0.35842	False
ENSG00000233087	RAB6D	False	0.20256224405444725	0.086816	False
ENSG00000233198	RNF224	False	0.0028853999609237055		False
ENSG00000233276	GPX1	False	0.567135994118301	0.094583	False
ENSG00000233412	OR5H15	False	0.2712609900788322		False
ENSG00000233436	BTBD18	False	0.28456907469922355	0.053922	False
ENSG00000233670	PIRT	False	0.6027821287778917	0.22779	False
ENSG00000233701	PRR23C	False	0.03804569809947269	0.49387	False
ENSG00000233816	IFNA13	False	0.03890711445498842	0.25735	False
ENSG00000233954	UQCRHL	False	0.009445293050258928	0.2124	False
ENSG00000234127	TRIM26	False	0.09454216156857176	0.0047112	False
ENSG00000234224	TMEM229A	False	0.29869613491787517	0.024868	False
ENSG00000234284	ZNF879	False	0.10843648568706998	0.17798	False
ENSG00000234438	KBTBD13	False	0.2085948964320557	0.06838	False
ENSG00000234444	ZNF736	False	0.03987278604858705	0.45986	False
ENSG00000234465	PINLYP	False	0.03546107134601374	0.046914	False
ENSG00000234545	FAM133B	False	0.00018799698740724715	0.4242	False
ENSG00000234560	OR10G8	False	0.584086835188466	0.34368	False
ENSG00000234602	MCIDAS	False	0.4088470291012307	0.31038	False
ENSG00000234616	JRK	False	0.41098825855933463	0.24362	False
ENSG00000234829	IFNA17	False	0.020577232535186403		False
ENSG00000235034	C19orf81	False	0.3696716903163299	0.1978	False
ENSG00000235098	ANKRD65	False	0.4157893316906466	0.30554	False
ENSG00000235109	ZSCAN31	False	0.2421730834926609	0.02321	False
ENSG00000235118	FAM237A	False	0.23700098404564504	0.35796	False
ENSG00000235169	SMIM1	False	0.24137630201761504	0.64974	False
ENSG00000235173	HGH1	False	0.03457465052575225	0.079544	False
ENSG00000235268	KDM4E	False	0.4202166058680554		False
ENSG00000235376	RPEL1	False	0.8456427132749852	0.20579	False
ENSG00000235568	NFAM1	False	0.2653518002344288	0.2049	False
ENSG00000235631	RNF148	False	0.21103478979029758	0.1044	False
ENSG00000235711	ANKRD34C	False	0.2046094605832738		False
ENSG00000235718	MFRP	False	0.583399877969165	0.16823	False
ENSG00000235863	B3GALT4	False	0.0018253559624997865	0.07084	False
ENSG00000236027	PATE3	False	0.1832321196738163	0.15024	False
ENSG00000236032	OR5H14	False	0.09443393739998099	0.58881	False
ENSG00000236104	ZBTB22	False	0.13597249201992262		False
ENSG00000236279	CLEC2L	False	0.49385595009222105	0.61601	False
ENSG00000236320	SLFN14	False	0.3191711926248828	0.026086	False
ENSG00000236334	PPIAL4G	False	0.6149408824682323	0.044503	False
ENSG00000236398	TAS2R39	False	0.002250351558091746	0.044386	False
ENSG00000236609	ZNF853	False	0.2131717049822749	0.31277	False
ENSG00000236637	IFNA4	False	0.3799277056741983		False
ENSG00000236699	ARHGEF38	False	0.05302482140415523	0.072174	False
ENSG00000236761	CTAGE9	False	0.05308871951372354		False
ENSG00000236980	C3orf84	False	0.26775088438930067	0.34458	False
ENSG00000236981	OR10G9	False	0.5729966924221395		False
ENSG00000237110	TAAR9	False	0.10009715158649062	0.38051	False
ENSG00000237136	C4orf51	False	0.01820166874608725	0.27936	False
ENSG00000237172	B3GNT9	False	0.5073171913419448	0.092576	False
ENSG00000237190	CDKN2AIPNL	False	0.6710649621723401	0.12082	False
ENSG00000237289	CKMT1B	False	0.01101713376993342	0.076414	False
ENSG00000237353	PATE4	False	0.2821043945917424	0.13611	False
ENSG00000237388	OR4A47	False	0.37265027382345506	0.2992	False
ENSG00000237412	PRSS56	False	0.054843540451849505	0.013535	False
ENSG00000237440	ZNF737	False	0.34227757841486117	0.27283	False
ENSG00000237441	RGL2	False	0.17034281670814383	0.061422	False
ENSG00000237515	SHISA9	False	0.03186487959917774	0.29528	False
ENSG00000237521	OR7E24	False	0.17919024381787854		False
ENSG00000237541	HLA-DQA2	False	0.1825075112839962	0.07635	False
ENSG00000237649	KIFC1	False	0.5037234776464553	0.36243	False
ENSG00000237651	C2orf74	False	0.13565476062121584	0.2096	False
ENSG00000237693	IRGM	False	0.597410284806919		False
ENSG00000237765	FAM200B	False	0.2356969560705594	0.57355	False
ENSG00000238227	TMEM250	False	0.03980352176007164	0.039127	False
ENSG00000238243	OR2W3	False	0.01194474332520371		False
ENSG00000239264	TXNDC5	False	0.13616346529109105	0.0051283	False
ENSG00000239282	CASTOR1	False	0.14173791147037212	0.23972	False
ENSG00000239305	RNF103	False	0.48559662945903104	0.23124	False
ENSG00000239306	RBM14	False	0.12667516270028512	0.086055	False
ENSG00000239382	ALKBH6	False	0.35302229523252554	0.031887	False
ENSG00000239388	ASB14	False	0.6184159865821709	0.040247	False
ENSG00000239389	PCDHA13	False	0.031165933129884263	0.030185	False
ENSG00000239474	KLHL41	False	0.009559180243962469	0.078079	False
ENSG00000239590	OR1J4	False	0.24846469950911093		False
ENSG00000239605	STPG4	False	0.5679634304181964	0.60903	False
ENSG00000239672	NME1	False	0.07864368340807368	0.34544	False
ENSG00000239697	TNFSF12	False	0.007022014179593112	0.11139	False
ENSG00000239704	CDRT4	False	0.014894369590005209		False
ENSG00000239713	APOBEC3G	False	0.02074094222740396	0.2205	False
ENSG00000239732	TLR9	False	0.7974348643527385		False
ENSG00000239779	WBP1	False	0.36985028235890405	0.21364	False
ENSG00000239810	PRAMEF11	False	0.08355847764917948	0.027035	False
ENSG00000239857	GET4	False	0.0663427635400015	0.011416	False
ENSG00000239886	KRTAP9-2	False	0.28788364573942277	0.21138	False
ENSG00000239887	C1orf226	False	0.5903045908848259	0.33917	False
ENSG00000239900	ADSL	True	0.29834821343757556	0.38713	False
ENSG00000239961	LILRA4	False	0.11441032501050316	0.55878	False
ENSG00000239998	LILRA2	False	0.11441607099857105	0.30162	False
ENSG00000240021	TEX35	False	0.17667147574187259	0.32817	False
ENSG00000240038	AMY2B	False	0.2937652343866473	0.62923	False
ENSG00000240065	PSMB9	False	0.35682218006708394	0.66661	False
ENSG00000240184	PCDHGC3	False	0.1270488830836458	0.070932	False
ENSG00000240230	COX19	False	0.21152527727132786	0.26636	False
ENSG00000240303	ACAD11	False	0.0694863942716297	0.44271	False
ENSG00000240386	LCE1F	False	0.030869621158224017	0.36844	False
ENSG00000240403	KIR3DL2	False	0.02027254002757257	0.087894	False
ENSG00000240432	KRTAP13-3	False	0.3633725825063102		False
ENSG00000240505	TNFRSF13B	False	0.064713217948889	0.45601	False
ENSG00000240542	KRTAP9-1	False	0.0003331140866651214	0.29177	False
ENSG00000240563	L1TD1	False	0.54185806355844	0.12189	False
ENSG00000240654	C1QTNF9	False	0.07223813465943474	0.094473	False
ENSG00000240682	ISY1	False	0.2385608505105683	0.020639	False
ENSG00000240694	PNMA2	False	0.15678632814930699	0.58477	False
ENSG00000240720	LRRD1	False	0.5761625398605166	0.58519	False
ENSG00000240764	PCDHGC5	False	0.2859323732384925	0.15846	False
ENSG00000240771	ARHGEF25	False	0.07574734634735128	0.10052	False
ENSG00000240857	RDH14	False	0.08137803159903455	0.1755	False
ENSG00000240871	KRTAP4-7	False	0.07264675853229348	0.24957	False
ENSG00000240891	PLCXD2	False	0.33667002324711903	0.15459	False
ENSG00000240972	MIF	False	0.7802641488019599	0.034888	False
ENSG00000241058	NSUN6	False	0.11009689073574402	0.43747	False
ENSG00000241106	HLA-DOB	False	4.122308618876062e-05	0.30857	False
ENSG00000241119	UGT1A9	False	0.2708518713678399	0.03961	False
ENSG00000241123	KRTAP10-5	False	3.180374264860309e-05	0.33674	False
ENSG00000241127	YAE1	False	0.18882100848457392	0.10662	False
ENSG00000241186	TDGF1	False	0.18741437162416907	0.29652	False
ENSG00000241233	KRTAP5-8	False	0.013348765112274808		False
ENSG00000241258	CRCP	False	0.6824516252384265		False
ENSG00000241360	PDXP	False	0.2383675361151499	0.58184	False
ENSG00000241370	RPP21	False	0.1217162264635238	0.26398	False
ENSG00000241399	CD302	False	0.0174931848923087	0.13309	False
ENSG00000241404	EGFL8	False	0.027146091288077736	0.14361	False
ENSG00000241468	ATP5MF	False	0.03424767843478476	0.0012174	False
ENSG00000241484	ARHGAP8	False	0.5310348276521097	0.032673	False
ENSG00000241553	ARPC4	False	0.19294592354772358	0.22718	False
ENSG00000241595	KRTAP9-4	False	0.06882393574670628	0.59815	False
ENSG00000241635	UGT1A1	False	0.0975749267563598	0.18372	False
ENSG00000241644	INMT	False	0.0034547496038920466	0.16183	False
ENSG00000241685	ARPC1A	False	0.11016920655564161	0.11299	False
ENSG00000241794	SPRR2A	False	0.5935710710787215	0.19885	False
ENSG00000241837	ATP5PO	True	0.2181774344777898	0.13641	False
ENSG00000241839	PLEKHO2	False	0.0595227239968708	0.51267	False
ENSG00000241852	C8orf58	False	0.2037955119070019	0.17735	False
ENSG00000241878	PISD	False	0.061882007318437376	0.093032	False
ENSG00000241935	HOGA1	False	0.8369153591284505	0.44609	False
ENSG00000241973	PI4KA	False	0.38477072150660485	0.22933	False
ENSG00000242019	KIR3DL3	False	0.07675310242558551	0.062037	False
ENSG00000242110	AMACR	True	0.8028553623617011	0.0039304	False
ENSG00000242173	ARHGDIG	False	0.26891210943631366	0.18674	False
ENSG00000242220	TCP10L	False	0.16554448135327215	0.35895	False
ENSG00000242221	PSG2	False	0.3419606595916231	0.24252	False
ENSG00000242247	ARFGAP3	False	0.10024253754255737	0.081149	False
ENSG00000242252	BGLAP	False	0.2299608070283509	0.11421	False
ENSG00000242265	PEG10	False	0.02659839120649396	0.11137	False
ENSG00000242366	UGT1A8	False	0.03698312092751734	0.0047566	False
ENSG00000242372	EIF6	False	0.00037457459485781445	0.085097	False
ENSG00000242419	PCDHGC4	True	0.029937052488516375	0.0073123	False
ENSG00000242441	GTF2A1L	False	0.3922829984807938	0.1334	False
ENSG00000242485	MRPL20	False	0.47085404921142293	0.06348	False
ENSG00000242498	ARPIN	False	0.009944179990024437	0.17938	False
ENSG00000242515	UGT1A10	False	0.2468092344187778	0.13771	False
ENSG00000242550	SERPINB10	False	0.2387112012549584	0.26663	False
ENSG00000242574	HLA-DMB	False	0.08827020068833127	0.49269	False
ENSG00000242612	DECR2	False	0.2435085771376162	0.29744	False
ENSG00000242689	CNTF	False	0.3199147706627143	0.051254	False
ENSG00000242715	CCDC169	False	0.017483480848308103	0.096967	False
ENSG00000242802	AP5Z1	False	0.5772730616230667	0.28495	False
ENSG00000243056	EIF4EBP3	False	0.06360806586432655	0.23628	False
ENSG00000243073	PRAMEF4	False	0.18229945356057428	0.056739	False
ENSG00000243130	PSG11	False	0.5583934783332503	0.37932	False
ENSG00000243137	PSG4	False	0.4096527847801371	0.32879	False
ENSG00000243156	MICAL3	False	0.07472152340896002	0.42621	False
ENSG00000243232	PCDHAC2	False	0.008137745697131176	0.095479	False
ENSG00000243244	STON1	False	0.08600820794073054	0.0071085	False
ENSG00000243284	VSIG8	False	0.00012810131854193796	0.57601	False
ENSG00000243335	KCTD7	True	0.16802730947506392	0.026394	False
ENSG00000243364	EFNA4	False	0.439373832302849	0.18691	False
ENSG00000243414	TICAM2	False	0.07926715308474205	0.40805	False
ENSG00000243477	NAA80	False	0.2669478130432548	0.097247	False
ENSG00000243489	KRTAP10-11	False	0.06381559689945583		False
ENSG00000243509	TNFRSF6B	False	0.10711601109703477		False
ENSG00000243566	UPK3B	False	0.11300389236608786	0.51975	False
ENSG00000243646	IL10RB	False	0.14806890370924403	0.22954	False
ENSG00000243708	PLA2G4B	False	0.12891951335730703		False
ENSG00000243709	LEFTY1	False	0.02824289968730625	0.0048797	False
ENSG00000243710	CFAP57	False	0.003986070861212448	0.32826	False
ENSG00000243725	TTC4	False	0.2884725199511566	0.26305	False
ENSG00000243729	OR5V1	False	0.08543521379048392		False
ENSG00000243749	TMEM35B	False	0.31612162062898347	0.46735	False
ENSG00000243789	JMJD7	False	0.23718000206402012	0.13294	False
ENSG00000243927	MRPS6	False	0.0835951159239454	0.33951	False
ENSG00000243943	ZNF512	False	0.48414245675832757	0.33602	False
ENSG00000243955	GSTA1	False	0.08232586851051055	0.12425	False
ENSG00000244005	NFS1	False	0.44108502707223496	0.30877	False
ENSG00000244025	KRTAP19-3	False	0.5542525652270338		False
ENSG00000244045	TMEM199	False	0.11529612641548907	0.031855	False
ENSG00000244067	GSTA2	False	0.1585892739944045	0.31788	False
ENSG00000244094	SPRR2F	False	0.8371958478473884	0.54232	False
ENSG00000244122	UGT1A7	False	0.22472313238943234	0.067798	False
ENSG00000244165	P2RY11	False	0.1350920219039717	0.099886	False
ENSG00000244187	TMEM141	False	0.36848239294680896	0.0092745	False
ENSG00000244242	IFITM10	False	0.22294305532210035	0.49479	False
ENSG00000244274	DBNDD2	False	0.12466421287828375	0.46261	False
ENSG00000244355	LY6G6D	False	0.2773803464150822	0.425	False
ENSG00000244405	ETV5	False	0.00972989784899413	0.046738	False
ENSG00000244411	KRTAP5-7	False	0.2419052742696947		False
ENSG00000244462	RBM12	False	0.026500299121535953	0.058946	False
ENSG00000244474	UGT1A4	False	0.010405923423404791	0.23757	False
ENSG00000244476	ERVFRD-1	False	0.34267036298665937	0.21855	False
ENSG00000244486	SCARF2	False	0.38969333787125265	0.27948	False
ENSG00000244509	APOBEC3C	False	0.5669363967110214	0.043628	False
ENSG00000244537	KRTAP4-2	False	0.11664240690213801	0.010352	False
ENSG00000244588	RAD21L1	False	0.09983698176385178	0.29922	False
ENSG00000244607	CCDC13	False	0.32313880401366035		False
ENSG00000244623	OR2AE1	False	0.7886387805724099	0.026598	False
ENSG00000244694	PTCHD4	False	0.41651396597443935	0.23294	False
ENSG00000244734	HBB	False	0.39567587939480303	0.6029	False
ENSG00000244752	CRYBB2	False	0.08465120973807722	0.43072	False
ENSG00000244754	N4BP2L2	False	0.36597010359833965	0.21388	False
ENSG00000245680	ZNF585B	False	0.0011381235339399537	0.28421	False
ENSG00000245848	CEBPA	False	0.13190673920012794	0.7293	False
ENSG00000246922	UBAP1L	False	0.7159872836334997	0.25214	False
ENSG00000247077	PGAM5	False	0.25743602638895463	0.10545	False
ENSG00000247596	TWF2	False	0.6703119127652845		False
ENSG00000247626	MARS2	False	0.16054638496078344	0.075275	False
ENSG00000248098	BCKDHA	True	0.29638894342452626	0.18011	False
ENSG00000248099	INSL3	False	0.013130780428396742	0.022572	False
ENSG00000248144	ADH1C	False	0.4149679212091564	0.44345	False
ENSG00000248333	CDK11B	False	0.3417984739694448	0.091522	False
ENSG00000248383	PCDHAC1	False	0.06453878810366714	0.019953	False
ENSG00000248385	TARM1	False	0.530564156609133	0.41271	False
ENSG00000248483	POU5F2	False	0.45860076745385203		False
ENSG00000248487	ABHD14A	False	0.20322159385826508	0.063152	False
ENSG00000248712	CCDC153	False	0.08464140946986275	0.049705	False
ENSG00000248746	ACTN3	False	0.10913716562807986	0.044679	False
ENSG00000248905	FMN1	False	0.005818464956539645	0.065122	False
ENSG00000249115	HAUS5	False	0.02200080793956215	0.055901	False
ENSG00000249158	PCDHA11	False	0.2420305142565986	0.47994	False
ENSG00000249222	ATP5MGL	False	0.0825961357824572	0.11007	False
ENSG00000249242	TMEM150C	False	0.2456942576803973	0.16352	False
ENSG00000249471	ZNF324B	False	0.1884781768868517	0.1647	False
ENSG00000249481	SPATS1	False	0.13500048079182073	0.20729	False
ENSG00000249581	CLRN2	False	0.02490104321797979	0.011836	False
ENSG00000249693	THEGL	False	0.19184687689090502	0.76432	False
ENSG00000249709	ZNF564	False	0.01301357306656582		False
ENSG00000249715	FER1L5	False	0.02835310574005473	0.010351	False
ENSG00000249853	HS3ST5	False	0.6163422214348117	0.49068	False
ENSG00000249861	LGALS16	False	0.13477873874473842	0.17803	False
ENSG00000249915	PDCD6	False	0.3039258109399888	0.15718	False
ENSG00000249931	GOLGA8K	False	0.5574443811605881	0.0060608	False
ENSG00000250067	YJEFN3	False	0.2521150823962745	0.048106	False
ENSG00000250120	PCDHA10	False	0.022904430434642107	0.019348	False
ENSG00000250254	PTTG2	False	0.08139435838883798		False
ENSG00000250298	GIMD1	False	0.17069659628184597	0.0051009	False
ENSG00000250305	TRMT9B	False	0.09335536768543086	0.030046	False
ENSG00000250506	CDK3	False	0.24403117776437824	0.17257	False
ENSG00000250510	GPR162	False	0.03315945011997371	0.056159	False
ENSG00000250565	ATP6V1E2	False	0.12576694146037656	0.38916	False
ENSG00000250571	GLI4	False	0.04750360301564106	0.27173	False
ENSG00000250722	SELENOP	False	0.07469909888023438	0.25768	False
ENSG00000251247	ZNF345	False	0.19501136247662604		False
ENSG00000251258	RFPL4B	False	0.2632850267235715		False
ENSG00000251369	ZNF550	False	0.6128310296016342	0.30536	False
ENSG00000251380	DCANP1	False	0.02866794932482495		False
ENSG00000251664	PCDHA12	False	0.047811934009558264	0.43381	False
ENSG00000251692	PTX4	False	0.19955229597585383	0.10912	False
ENSG00000253148	RGS21	False	0.1353280681954715	0.39307	False
ENSG00000253159	PCDHGA12	False	0.3617676987113291	0.12175	False
ENSG00000253293	HOXA10	False	0.6520623289478021	0.3013	False
ENSG00000253304	TMEM200B	False	0.0463639663878317	0.10542	False
ENSG00000253305	PCDHGB6	False	0.43797373359460656	0.44897	False
ENSG00000253309	SERPINE3	False	0.013066211648774202	0.074916	False
ENSG00000253313	C1orf210	False	0.045290837812215885	0.23566	False
ENSG00000253485	PCDHGA5	False	0.004107445327439424	0.054341	False
ENSG00000253506	NACA2	False	0.13236701285448857	0.44421	False
ENSG00000253537	PCDHGA7	False	0.09162425096575028	0.46005	False
ENSG00000253598	SLC10A5	False	0.17478528796312298		False
ENSG00000253626	EIF5AL1	False	0.18445752128034731	0.22556	False
ENSG00000253710	ALG11	True	0.10213817908135979	0.19674	False
ENSG00000253729	PRKDC	False	0.0003475481722541133	0.20309	False
ENSG00000253731	PCDHGA6	False	0.036900925993016497	0.034084	False
ENSG00000253767	PCDHGA8	False	7.049383848064333e-06	0.18376	False
ENSG00000253797	UTP14C	False	0.011135957036281213	0.24751	False
ENSG00000253831	ETV3L	False	0.006056525033127963	0.086314	False
ENSG00000253846	PCDHGA10	False	0.3791420711948403	0.018439	False
ENSG00000253873	PCDHGA11	False	0.27064654913831515	0.1043	False
ENSG00000253910	PCDHGB2	False	0.19027361832892628	0.086679	False
ENSG00000253953	PCDHGB4	False	0.3009286202067285	0.61292	False
ENSG00000253958	CLDN23	False	0.04326799881946664	0.25026	False
ENSG00000254004	ZNF260	False	0.14585981058209704	0.37539	False
ENSG00000254087	LYN	False	0.37297517476219605	0.048566	False
ENSG00000254122	PCDHGB7	False	0.3138845360973667	0.29936	False
ENSG00000254221	PCDHGB1	False	0.03638444418540871	0.042075	False
ENSG00000254245	PCDHGA3	False	0.03805213022683505	0.082489	False
ENSG00000254402	LRRC24	False	0.3374399713727756	0.27037	False
ENSG00000254440	PBOV1	False	0.15233218363411682	0.14871	False
ENSG00000254466	OR4D10	False	0.00415452697935906	0.14531	False
ENSG00000254470	AP5B1	False	0.04406971977136994	0.011932	False
ENSG00000254521	SIGLEC12	False	0.6920048941562993	0.26136	False
ENSG00000254550	OMP	False	0.008411433666070266	0.26683	False
ENSG00000254585	MAGEL2	False	0.10762292464304665		False
ENSG00000254598	CSNK2A3	False	0.24493375034133946	0.022545	False
ENSG00000254647	INS	False	0.023476431720564333		False
ENSG00000254656	RTL1	False	0.09330537211276267	0.15899	False
ENSG00000254726	MEX3A	False	0.07585915268491157	0.49167	False
ENSG00000254737	OR10G4	False	0.1336028007389815	0.24143	False
ENSG00000254772	EEF1G	False	0.6453294722126847	0.09754	False
ENSG00000254834	OR5M10	False	0.003328795371403077		False
ENSG00000254858	MPV17L2	False	0.15160209342949826	0.17777	False
ENSG00000254901	BORCS8	False	0.030121351355653202	0.078796	False
ENSG00000254986	DPP3	False	0.25711899274799543	0.45184	False
ENSG00000254997	KRTAP5-9	False	0.1388661994353648	0.15023	False
ENSG00000255012	OR5M1	False	0.2328303640890985		False
ENSG00000255112	CHMP1B	False	0.4166661900019448	0.2558	False
ENSG00000255150	EID3	False	0.0035013424475086492	0.039285	False
ENSG00000255181	CCDC166	False	0.056195351883565496	0.18701	False
ENSG00000255223	OR5M11	False	0.42063541252538195	0.17237	False
ENSG00000255302	EID1	False	0.03377710399953932	0.22951	False
ENSG00000255307	OR52B2	False	0.5103652074595116	0.3562	False
ENSG00000255346	NOX5	False	0.0686467291887595	0.29799	False
ENSG00000255398	HCAR3	False	0.2603378880901136	0.41197	False
ENSG00000255408	PCDHA3	False	0.28203521373766877	0.48921	False
ENSG00000255423	EBLN2	False	0.4019136459106093	0.41719	False
ENSG00000255501	CARD18	False	0.12714869241781068	0.42017	False
ENSG00000255529	POLR2M	False	0.2970004646546109	0.031474	False
ENSG00000255561	FDXACB1	False	0.02329147503439093	0.41787	False
ENSG00000255582	OR10G2	False	0.2542812689251674	0.3588	False
ENSG00000255587	RAB44	False	0.11778261950630911	0.035377	False
ENSG00000255690	TRIL	False	0.24349803239272125	0.54421	False
ENSG00000255713	OR4D2	False	0.23702444517450455	0.11417	False
ENSG00000255833	TIFAB	False	0.014276825949453146	0.19719	False
ENSG00000255837	TAS2R20	False	1.1583069538363468e-05		False
ENSG00000255974	CYP2A6	False	0.08571629049180075	0.11877	False
ENSG00000256043	CTSO	False	0.10772245908149257	0.45111	False
ENSG00000256061	DNAAF4	False	0.37568530001884665	0.25586	False
ENSG00000256087	ZNF432	False	0.1933687002232279	0.15236	False
ENSG00000256162	SMLR1	False	0.9273244602100782	0.23844	False
ENSG00000256188	TAS2R30	False	0.18826976061507		False
ENSG00000256223	ZNF10	False	0.12230063465457754		False
ENSG00000256229	ZNF486	False	0.29217441426015744	0.2804	False
ENSG00000256235	SMIM3	False	0.4267548276460114	0.18201	False
ENSG00000256269	HMBS	False	0.22061867490758066	0.35407	False
ENSG00000256294	ZNF225	False	0.07812643522838054	0.35894	False
ENSG00000256394	ASIC5	False	0.39446461504765035	0.13671	False
ENSG00000256436	TAS2R31	False	0.019849471728808767		False
ENSG00000256453	DND1	False	0.34157624598057085	0.18214	False
ENSG00000256463	SALL3	False	0.28090512071235885	0.20934	False
ENSG00000256525	POLG2	True	0.3666094466583795	0.16766	False
ENSG00000256574	OR13A1	False	0.03091720468497813	0.08349	False
ENSG00000256660	CLEC12B	False	0.1428513260969177	0.035245	False
ENSG00000256683	ZNF350	False	0.20846366018812498	0.059269	False
ENSG00000256713	PGA5	False	0.06936707209399864	0.10938	False
ENSG00000256762	STH	False	0.6285016933504259	0.014607	False
ENSG00000256771	ZNF253	False	0.12578929594939606		False
ENSG00000256797	KLRF2	False	0.09775651076461915	0.1051	False
ENSG00000256806	C17orf100	False	0.24088892920944746	0.34506	False
ENSG00000256812	CAPNS2	False	0.3300492978534431	0.15139	False
ENSG00000256870	SLC5A8	False	0.14779310685265756	0.22721	False
ENSG00000256980	KHDC1L	False	0.16925605730779886	0.22599	False
ENSG00000257008	GPR142	False	0.08709198942503062	0.81561	False
ENSG00000257017	HP	False	0.02702656075088725	0.32026	False
ENSG00000257103	LSM14A	False	0.3414065860750331	0.034767	False
ENSG00000257108	NHLRC4	False	0.22566200143974693		False
ENSG00000257115	OR11H12	False	0.0015726377018902462	0.034669	False
ENSG00000257138	TAS2R38	False	0.07937499223990907	0.0057102	False
ENSG00000257315	ZBED6	False	0.3877401049534694	0.20022	False
ENSG00000257335	MGAM	False	0.0008171219478672756	0.11883	False
ENSG00000257365	FNTB	False	0.8897945141171244	0.50298	False
ENSG00000257446	ZNF878	False	0.5930042185379593	0.55183	False
ENSG00000257591	ZNF625	False	0.17666930070320822	0.54215	False
ENSG00000257594	GALNT4	False	0.19556195088214653	0.40946	False
ENSG00000257704	INAFM1	False	0.8380680761625279	0.83353	False
ENSG00000257923	CUX1	False	0.0023913082385343546	0.0049741	False
ENSG00000257949	TEN1	False	0.28436416849592683	0.55727	False
ENSG00000258083	OR9A4	False	0.37989347507517435	0.31107	False
ENSG00000258102	MAP1LC3B2	False	0.10367558581057182		False
ENSG00000258223	PRSS58	False	0.08264335880656826	0.056344	False
ENSG00000258227	CLEC5A	False	0.26795757877007226	0.6166	False
ENSG00000258315	C17orf49	False	0.6011329070609716	0.36481	False
ENSG00000258366	RTEL1	False	0.644777253971728	0.26423	False
ENSG00000258405	ZNF578	False	0.04079194532662808	0.38464	False
ENSG00000258436	RNASE12	False	0.09442812755915962	0.50088	False
ENSG00000258484	SPESP1	False	0.004163925751924139	0.41359	False
ENSG00000258659	TRIM34	False	0.12456812618281422	0.22119	False
ENSG00000258713	C20orf141	False	0.09735494939710751	0.45197	False
ENSG00000258724	PINX1	False	0.0350337207918138	0.33585	False
ENSG00000258817	OR4C13	False	0.004100045483826207	0.50875	False
ENSG00000258818	RNASE4	False	0.05356254599033522	0.0078236	False
ENSG00000258839	MC1R	False	0.028433504128481064	0.15385	False
ENSG00000258873	DUXA	False	0.043834389345533416	0.0043832	False
ENSG00000258890	CEP95	False	0.033478119430091546	0.36481	False
ENSG00000258986	TMEM179	False	0.7176475561619466	0.29536	False
ENSG00000259207	ITGB3	False	0.5874376137597035		False
ENSG00000259224	SLC35G6	False	0.05120654847656332	0.2654	False
ENSG00000259431	THTPA	False	0.04692081541741637	0.065281	False
ENSG00000259494	MRPL46	False	0.05777015277354444	0.030561	False
ENSG00000259571	BLID	False	0.038386909145121426		False
ENSG00000259823	LYPD8	False	0.3896195886485362		False
ENSG00000259956	RBM15B	False	0.017041454930245968	0.015741	False
ENSG00000260001	TGFBR3L	False	0.013140812230163392	0.10761	False
ENSG00000260027	HOXB7	False	0.1868885758095164	0.086074	False
ENSG00000260325	HSPB9	False	0.1446660634742867		False
ENSG00000260456	C16orf95	False	0.08926447278961468	0.044179	False
ENSG00000260903	XKR7	False	0.3078419689859246	0.0081198	False
ENSG00000260916	CCPG1	False	0.5250163626058315	0.48389	False
ENSG00000261115	TMEM178B	False	0.6987768659478348	0.38443	False
ENSG00000261150	EPPK1	False	0.6281730176153539		False
ENSG00000261210	CLEC19A	False	0.2512407951906037	0.23247	False
ENSG00000261221	ZNF865	False	0.1583975950401182		False
ENSG00000261236	BOP1	False	0.1609449697968684	0.34652	False
ENSG00000261272	MUC22	False	0.2072350394377788	0.5113	False
ENSG00000261456	TUBB8	False	0.019893022086773744	0.18664	False
ENSG00000261587	TMEM249	False	0.01407436440362607	0.051479	False
ENSG00000261609	GAN	False	0.4162526218807634	0.23094	False
ENSG00000261678	SCRT1	False	0.05862511328669556		False
ENSG00000261701	HPR	False	0.463018572931595	0.41898	False
ENSG00000261787	TCF24	False	0.9543457977723169	0.28485	False
ENSG00000261794	GOLGA8H	False	0.03975102585462805	0.011927	False
ENSG00000261857	MIA	False	0.6071380216228737	0.3617	False
ENSG00000261934	PCDHGA9	False	0.15608507231971158	0.158	False
ENSG00000261949	GFY	False	0.23324077775692403	0.20167	False
ENSG00000262209	PCDHGB3	False	0.523127794666923	0.35814	False
ENSG00000262246	CORO7	False	0.0023002995948847847	0.21659	False
ENSG00000262406	MMP12	False	0.06783329890515559	0.09103	False
ENSG00000262484	CCER2	False	0.3310286301881973	0.10758	False
ENSG00000262576	PCDHGA4	False	0.2872199413927601	0.4257	False
ENSG00000262655	SPON1	False	0.04135161410173052	0.19828	False
ENSG00000262664	OVCA2	False	0.272618327042978	0.41398	False
ENSG00000262874	C19orf84	False	0.7136663788526747		False
ENSG00000263001	GTF2I	False	0.7808555218480077	0.13488	False
ENSG00000263002	ZNF234	False	0.0031120172334823796	0.33587	False
ENSG00000263465	SRSF8	False	0.6072338522784984	0.37064	False
ENSG00000263528	IKBKE	False	0.01144371513742842	0.54122	False
ENSG00000263639	MSMB	False	0.16915993912372382	0.064207	False
ENSG00000263761	GDF2	False	0.3398127078074233	0.12365	False
ENSG00000263956	NBPF11	False	0.07764337996291001	0.0071575	False
ENSG00000263961	RHEX	False	0.07809118421992721	0.17961	False
ENSG00000264424	MYH4	False	0.3714741133035689	0.27265	False
ENSG00000264522	OTUD7B	False	0.03789155833635857	0.075166	False
ENSG00000265107	GJA5	False	0.044902977593005905	0.17395	False
ENSG00000265203	RBP3	False	0.07721092290279281	0.050646	False
ENSG00000265241	RBM8A	False	0.6450080585244273	0.2621	False
ENSG00000265354	TIMM23	False	0.7381830305553647	0.083368	False
ENSG00000265491	RNF115	False	0.004378764665963242	0.21308	False
ENSG00000265763	ZNF488	False	0.3858558717992866	0.416	False
ENSG00000265817	FSBP	False	0.1984480193521821	0.40859	False
ENSG00000265972	TXNIP	False	0.09750744431506762	0.3469	False
ENSG00000266094	RASSF5	False	0.36586301867389065	0.13756	False
ENSG00000266173	STRADA	True	0.04817610206880928	0.33905	False
ENSG00000266265	KLF14	False	0.0052027572377905465	0.1409	False
ENSG00000266338	NBPF15	False	0.1764771805684513	0.11885	False
ENSG00000266412	NCOA4	False	0.23375090736709206	0.010121	False
ENSG00000266472	MRPS21	False	0.4458931942456973	0.24078	False
ENSG00000266524	GDF10	False	0.3580362734275528	0.23904	False
ENSG00000266967	AARSD1	False	0.3185289369188148	0.044778	False
ENSG00000267041	ZNF850	False	0.4992199399541587	0.3963	False
ENSG00000267467	APOC4	False	0.6837221588574831	0.27444	False
ENSG00000267508	ZNF285	False	0.07339843503558706		False
ENSG00000267534	S1PR2	False	0.399078499294559	0.26793	False
ENSG00000267631	CGB1	False	0.1123828286993635	0.16549	False
ENSG00000267680	ZNF224	False	0.24136253513549827	0.04216	False
ENSG00000267795	SMIM22	False	0.037507775577647375	0.17565	False
ENSG00000267796	LIN37	False	0.04444094475163614	0.07905	False
ENSG00000268043	NBPF12	False	0.19771812471902261	0.2571	False
ENSG00000268182	SMIM17	False	0.4929842071318621	0.6064	False
ENSG00000268223	ARL14EPL	False	0.32570904845778736	0.19443	False
ENSG00000268964	ERVV-2	False	0.4834022451518808	0.75101	False
ENSG00000269058	CALR3	False	0.3271165677130861	0.57545	False
ENSG00000269067	ZNF728	False	0.047300969440147084		False
ENSG00000269113	TRABD2B	False	0.30699470804960594	0.151	False
ENSG00000269190	FBXO17	False	0.31126282683963075	0.12661	False
ENSG00000269343	ZNF587B	False	0.1522493969075235	0.0093546	False
ENSG00000269526	ERVV-1	False	0.3131290943816528		False
ENSG00000269699	ZIM2	False	0.0719896390788431	0.022015	False
ENSG00000269713	NBPF9	False	0.09125640702342232	0.12782	False
ENSG00000269855	RNF225	False	0.19678594675063593		False
ENSG00000269858	EGLN2	False	0.22691194046079158	0.40883	False
ENSG00000270379	HEATR9	False	0.30142796448561165	0.19762	False
ENSG00000270647	TAF15	False	0.11401159867968441	0.019923	False
ENSG00000270765	GAS2L2	False	0.1485576617361971	0.39011	False
ENSG00000270806	C17orf50	False	0.3690491646072952	0.24632	False
ENSG00000270885	RASL10B	False	0.05799206935038545	0.031743	False
ENSG00000271271	UGT2A2	False	0.6678119347896998	0.25447	False
ENSG00000271303	SRXN1	False	0.5915711452255394	0.582	False
ENSG00000271425	NBPF10	False	0.598628299204645	0.086348	False
ENSG00000271447	MMP28	False	0.11992243150677513	0.19898	False
ENSG00000271503	CCL5	False	0.02143264356312955	0.22614	False
ENSG00000271601	LIX1L	False	0.00909625572328682	0.031083	False
ENSG00000271605	MILR1	False	0.6268779899093325	0.23064	False
ENSG00000272031	ANKRD34A	False	0.030285943625413664	0.28618	False
ENSG00000272325	NUDT3	False	0.4264534505253151	0.212	False
ENSG00000272333	KMT2B	True	0.1413977172031274	0.12545	False
ENSG00000272391	POM121C	False	0.040825232903425504	0.0060154	False
ENSG00000272602	ZNF595	False	0.5327331954138417	0.46536	False
ENSG00000272636	DOC2B	False	0.0243523680811391	0.14067	False
ENSG00000272674	PCDHB16	False	0.41631429718531443		False
ENSG00000272804	KRTAP10-7	False	0.511354419600831	0.62301	False
ENSG00000272886	DCP1A	False	0.40973810994323034	0.2972	False
ENSG00000272899	ATP6V1FNB	False	0.06394768281525415	0.13761	False
ENSG00000273079	GRIN2B	True	0.03567948994876681	0.086116	False
ENSG00000273111	LYPD4	False	0.02629862470850809	0.019243	False
ENSG00000273540	AGBL1	False	0.0006539750190413723	0.20486	False
ENSG00000273559	CWC25	False	0.3952123602261846	0.051685	False
ENSG00000273611	ZNHIT3	True	0.05874484104442491	0.053892	False
ENSG00000273706	LHX1	False	0.7315234023828333	0.080462	False
ENSG00000273749	CYFIP1	False	0.07090817550845012	0.15382	False
ENSG00000273777	CEACAM20	False	0.7728711727758562	0.28673	False
ENSG00000273841	TAF9	False	0.026586797213375465	0.033539	False
ENSG00000273899	NOL12	False	0.1437809827430235	0.23006	False
ENSG00000274070	CASTOR2	False	0.41525778828710824		False
ENSG00000274209	ANTXRL	False	0.264828197203574	0.44418	False
ENSG00000274286	ADRA2B	False	0.2654114627554005	0.70729	False
ENSG00000274349	ZNF658	False	0.13446441114212704	0.087421	False
ENSG00000274523	RCC1L	False	0.5839198125894296	0.1234	False
ENSG00000274529	SEBOX	False	0.3052924770544732	0.2545	False
ENSG00000274736	CCL23	False	0.02777754598565911	0.062003	False
ENSG00000274749	KRTAP7-1	False	0.5244540248994697	0.4606	False
ENSG00000275004	ZNF280B	False	0.509386642302354	0.39225	False
ENSG00000275023	MLLT6	False	0.2060076516970059	0.20962	False
ENSG00000275052	PPP4R3B	False	0.1627757462099509	0.18334	False
ENSG00000275066	SYNRG	False	0.0010748718383918432	0.10069	False
ENSG00000275074	NUDT18	False	0.032327104744886245	0.19716	False
ENSG00000275111	ZNF2	False	0.03935720089116704	0.26548	False
ENSG00000275152	CCL16	False	0.1291509039822558	0.11178	False
ENSG00000275183	LENG9	False	0.25299173984378226	0.083787	False
ENSG00000275302	CCL4	False	0.09207436375087365	0.079502	False
ENSG00000275342	PRAG1	False	0.10343406511557368	0.38168	False
ENSG00000275385	CCL18	False	0.10737566699682338		False
ENSG00000275410	HNF1B	False	0.15263313151321511	0.14729	False
ENSG00000275489	C17orf98	False	0.35632051940246956	0.19728	False
ENSG00000275591	XKR5	False	0.04986145222655454	0.016903	False
ENSG00000275700	AATF	False	0.029158008414478624	0.07428	False
ENSG00000275718	CCL15	False	0.6819051401787264	0.39395	False
ENSG00000275722	LYZL6	False	0.3393983224735936	0.39111	False
ENSG00000275774	HNRNPCL2	False	0.11565346807300404	0.3743	False
ENSG00000275832	ARHGAP23	False	0.1333282918664186	0.11236	False
ENSG00000275835	TUBGCP5	False	0.019136927090803738	0.056083	False
ENSG00000275969	SPATA31A3	False	0.06138147954996462	0.64301	False
ENSG00000276023	DUSP14	False	0.3549478236553937	0.22366	False
ENSG00000276043	UHRF1	False	0.07552112168129499	0.075867	False
ENSG00000276119	OR13C2	False	0.09403243852183163	0.0919	False
ENSG00000276231	PIK3R6	False	0.4315609864979172	0.22205	False
ENSG00000276234	TADA2A	False	0.4269856906115005	0.52729	False
ENSG00000276293	PIP4K2B	False	0.1481037159406734	0.10397	False
ENSG00000276409	CCL14	False	0.04617106112759956	0.073419	False
ENSG00000276430	FAM25C	False	0.6517471791803874	0.87036	False
ENSG00000276547	PCDHGB5	False	0.16818986773291228	0.41715	False
ENSG00000276644	DACH1	False	0.2581522182960841	0.14222	False
ENSG00000276747	PADI6	False	0.5143851909644028	0.52353	False
ENSG00000277149	TYW1B	False	0.06979016309552374	0.2875	False
ENSG00000277161	PIGW	True	0.07957272441481836	0.11474	False
ENSG00000277258	PCGF2	False	0.7081459674781687	0.55757	False
ENSG00000277363	SRCIN1	False	0.2947109273180414	0.00061067	False
ENSG00000277399	GPR179	False	0.1341314645782174	0.58616	False
ENSG00000277462	ZNF670	False	0.19824280279817727	0.20063	False
ENSG00000277481	PKD1L3	False	0.10349474142925007	0.39769	False
ENSG00000277494	GPIHBP1	False	0.004731542619359847		False
ENSG00000277556	OR13C5	False	0.22743406441830497	0.089657	False
ENSG00000277586	NEFL	False	0.581453365366183	0.13802	False
ENSG00000277632	CCL3	False	0.031649606028475184	0.24371	False
ENSG00000277791	PSMB3	False	0.3685249647327965	0.46218	False
ENSG00000277893	SRD5A2	False	0.0352232431450619	0.01696	False
ENSG00000277972	CISD3	False	0.1941006919239888	0.42609	False
ENSG00000278023	RDM1	False	0.03955695562119846	0.14376	False
ENSG00000278053	DDX52	False	0.04472022086475413	0.065466	False
ENSG00000278129	ZNF8	False	0.3593762320180945	0.27325	False
ENSG00000278195	SSTR3	False	0.397303575906174	0.17977	False
ENSG00000278259	MYO19	False	0.5102295648706132	0.14418	False
ENSG00000278311	GGNBP2	False	0.09434084642166392	0.088429	False
ENSG00000278318	ZNF229	False	0.028498785635933714	0.172	False
ENSG00000278505	C17orf78	False	0.09070378275833427	0.23409	False
ENSG00000278535	DHRS11	False	0.06662013012418735	0.19473	False
ENSG00000278540	ACACA	False	0.3711469665728213	0.0022525	False
ENSG00000278570	NR2E3	False	0.010698617096770818	0.1298	False
ENSG00000278619	MRM1	False	0.1092946591611696	0.043346	False
ENSG00000278845	MRPL45	False	0.6953741152380124	0.14683	False
ENSG00000278889	OR2S2	False	0.18268263467559176	0.19784	False
ENSG00000279051	OR6Q1	False	0.50481749138851	0.11239	False
ENSG00000279486	OR2AG1	False	0.6327318808097966	0.22676	False
ENSG00000280090	OR8B4	False	0.05402036721276066	0.14909	False
ENSG00000280789	PAGR1	False	0.04299971948438805	0.30299	False
ENSG00000280987	MATR3	False	0.4142482262093997	0.22411	False
ENSG00000281991	TMEM265	False	0.02657057566141151	0.033527	False
ENSG00000282608	ADORA3	False	0.23442137001255064	0.1725	False
ENSG00000283706	PRSS50	False	0.16682901154044197	0.32615	False
ENSG00000284609	OR8B3	False	0.25669400617501786		False
ENSG00000284680	OR8B2	False	0.2767871441250456		False
ENSG00000284701	TMEM247	False	0.3109146946679883	0.39439	False
ENSG00000284753	EEF1AKMT4	False	0.3131292912421817	0.57209	False
ENSG00000284770	TBCE	False	0.22724219760672235	0.047831	False
ENSG00000284862	CCDC39	False	0.3013464726756365	0.27695	False
ENSG00000284934	ENSG00000284934	False	0.46333434192385925	0.29119	False
ENSG00000285292	ABCF2-H2BK1	False	0.22910625897910933	0.13171	False
